product_category,fragility_score,sustainability_priority,durability_requirement,max_packaging_cost,material_cost,innovation_level,recommended
,,,,,0.9880704926690584,3,1
,,,,,0.8307995632993502,3,1
,,,,,0.6823093660645296,3,1
,,,,,0.8100920354718866,3,0
synthetic_product,0.5,0.5,0.5,100.0,0.9880704926690584,2,1
synthetic_product,0.5,0.5,0.5,100.0,0.8307995632993502,2,1
,,,,,0.4876471759381703,3,1
synthetic_product,0.5,0.5,0.5,100.0,0.6823093660645296,2,1
synthetic_product,0.5,0.5,0.5,100.0,0.8100920354718866,2,0
synthetic_product,0.5,0.5,0.5,100.0,0.2547162847169669,1,1
synthetic_product,0.5,0.5,0.5,100.0,0.5398506439038163,1,0
,,,,,0.7853101540377309,3,0
,,,,,0.2520783834732825,4,1
synthetic_product,0.5,0.5,0.5,100.0,0.48764717593817036,2,1
,,,,,0.3893199666505845,3,0
,,,,,0.4174306242890534,3,1
synthetic_product,0.5,0.5,0.5,100.0,0.43340105336858936,1,1
synthetic_product,0.5,0.5,0.5,100.0,0.4598863997890927,1,0
,,,,,0.478145978229218,3,0
synthetic_product,0.5,0.5,0.5,100.0,0.687205031478033,1,1
,,,,,0.7323957614916259,3,0
synthetic_product,0.5,0.5,0.5,100.0,0.1526686730284686,1,1
,,,,,0.2792137575969855,3,0
,,,,,0.2905017674268664,3,1
,,,,,0.451567726118539,4,1
synthetic_product,0.5,0.5,0.5,100.0,0.7853101540377309,2,0
synthetic_product,0.5,0.5,0.5,100.0,0.2520783834732825,3,1
synthetic_product,0.5,0.5,0.5,100.0,0.8788608582555507,1,1
,,,,,1.127302917481396,3,0
synthetic_product,0.5,0.5,0.5,100.0,0.3893199666505845,2,0
synthetic_product,0.5,0.5,0.5,100.0,0.4174306242890534,2,1
synthetic_product,0.5,0.5,0.5,100.0,0.48931878090680014,1,0
,,,,,0.5612894954939653,4,1
,,,,,0.4203431719633999,3,0
,,,,,0.6266825914508837,3,0
synthetic_product,0.5,0.5,0.5,100.0,0.5543225330165297,1,1
,,,,,0.410008768803989,3,1
,,,,,0.9340847205312318,4,1
,,,,,0.734427519321971,3,0
synthetic_product,0.5,0.5,0.5,100.0,0.478145978229218,2,0
,,,,,0.862872301923127,3,0
synthetic_product,0.5,0.5,0.5,100.0,0.7815642645810078,1,0
,,,,,0.6176081224346488,3,1
,,,,,0.3207007200379863,3,0
,,,,,0.7997647609254646,3,0
synthetic_product,0.5,0.5,0.5,100.0,0.7323957614916259,2,0
,,,,,0.6219431027129131,3,0
,,,,,1.0698996710774156,4,1
,,,,,0.8559781980304357,3,0
,,,,,1.0197753552574222,4,1
,,,,,0.8682990167438572,3,0
,,,,,0.3507675867672539,3,1
,,,,,0.8476789352960098,3,0
,,,,,0.5078702751232211,4,1
,,,,,0.6045044878239175,4,1
,,,,,0.4894896847041838,3,1
,,,,,0.946540802946592,3,0
,,,,,1.2427704728677516,4,1
,,,,,0.4782579491479814,4,1
,,,,,0.7361565855320245,4,0
,,,,,0.5585814859834933,3,1
,,,,,0.3745319593653173,3,1
,,,,,0.7420290120198827,4,0
,,,,,0.1949557864514073,3,0
,,,,,0.6474757133244557,4,1
,,,,,0.560971938288593,3,1
,,,,,0.6419823557489306,4,1
,,,,,0.5737384236412186,3,1
,,,,,0.8001747803259155,3,0
,,,,,0.3237849084943763,3,1
,,,,,0.7054254030951547,4,1
,,,,,0.901283638943178,3,0
,,,,,0.6300236959027926,4,1
,,,,,0.8834178629995055,4,1
,,,,,0.8905510447123063,4,1
,,,,,0.5207973636410225,3,0
,,,,,0.6707129047652385,3,1
,,,,,0.5766355391537282,3,1
,,,,,0.8537972350514655,3,0
synthetic_product,0.5,0.5,0.5,100.0,0.21831728780730184,1,1
,,,,,0.8530996774728163,3,1
,,,,,0.7279589730386448,3,0
,,,,,0.4854118056147325,3,1
synthetic_product,0.5,0.5,0.5,100.0,0.2792137575969855,2,0
synthetic_product,0.5,0.5,0.5,100.0,0.2905017674268664,2,1
,,,,,0.8839006911949716,3,1
synthetic_product,0.5,0.5,0.5,100.0,0.451567726118539,3,1
synthetic_product,0.5,0.5,0.5,100.0,0.5473683431199995,1,0
,,,,,0.7667560902853371,3,0
,,,,,0.3221960469032127,3,1
,,,,,0.6150629998665954,3,1
synthetic_product,0.5,0.5,0.5,100.0,0.6888972166486391,1,0
,,,,,0.5669063762021738,4,1
,,,,,0.4756499083133949,3,1
synthetic_product,0.5,0.5,0.5,100.0,0.5339708882927554,1,0
,,,,,0.9999907031252387,3,0
,,,,,0.5677585917258374,3,1
,,,,,0.3205198385820662,3,1
synthetic_product,0.5,0.5,0.5,100.0,1.127302917481396,2,0
,,,,,0.7284128628724624,3,0
,,,,,1.0977944265050297,3,0
synthetic_product,0.5,0.5,0.5,100.0,0.16753854733402002,1,1
synthetic_product,0.5,0.5,0.5,100.0,0.4633120302651391,1,0
,,,,,0.780855628262698,3,1
,,,,,0.4643229132262538,3,1
,,,,,0.6876875200100844,3,1
synthetic_product,0.5,0.5,0.5,100.0,0.09637036044939276,1,1
,,,,,0.3171344916241745,4,1
,,,,,1.0827957826046892,3,0
synthetic_product,0.5,0.5,0.5,100.0,0.5612894954939653,3,1
synthetic_product,0.5,0.5,0.5,100.0,0.4203431719633999,2,0
synthetic_product,0.5,0.5,0.5,100.0,0.6266825914508837,2,0
,,,,,0.3027878684724074,3,0
,,,,,0.8884382882477813,4,0
synthetic_product,0.5,0.5,0.5,100.0,0.6045493291579795,1,0
synthetic_product,0.5,0.5,0.5,100.0,0.41000876880398907,2,1
,,,,,0.5670171667314836,4,0
,,,,,0.9491266062415952,3,0
,,,,,0.3368792341279416,4,1
,,,,,0.8965751988803178,3,0
,,,,,0.359756637106624,3,0
,,,,,0.3368256287820915,4,1
,,,,,0.7530595937481565,3,1
,,,,,0.7886376207799283,3,1
synthetic_product,0.5,0.5,0.5,100.0,0.9340847205312318,3,1
synthetic_product,0.5,0.5,0.5,100.0,0.734427519321971,2,0
,,,,,0.8848413266087025,3,1
,,,,,0.359467909619738,3,1
,,,,,0.8547429697966562,4,0
synthetic_product,0.5,0.5,0.5,100.0,0.6977647088610225,1,0
synthetic_product,0.5,0.5,0.5,100.0,0.862872301923127,2,0
,,,,,0.920668947633236,3,0
,,,,,0.6104472082946862,3,0
,,,,,0.6917035601190161,3,1
,,,,,0.7738077872955953,3,0
,,,,,0.7306445838468901,3,1
,,,,,0.6879841440693242,3,1
,,,,,0.6684062310038559,3,1
,,,,,0.2716791836887767,3,1
,,,,,1.113528846751708,4,1
,,,,,0.8501416003149121,3,0
,,,,,0.6662265229900274,3,0
,,,,,0.3151399284448883,3,0
,,,,,0.990052245444565,3,0
,,,,,0.8660905117739858,3,1
,,,,,0.8774114505028401,3,1
,,,,,0.4581049425778371,3,1
,,,,,0.8300168641843465,3,1
,,,,,0.2798888159842156,3,1
,,,,,0.4134871929365766,3,0
,,,,,0.7901025401812379,4,0
,,,,,0.4803077774541957,4,1
,,,,,0.3936935319807058,3,1
,,,,,0.5442357061228272,3,0
,,,,,0.5168409574984288,3,1
,,,,,0.3225216121435067,3,1
,,,,,1.1100541258259946,3,0
,,,,,0.6197657776747358,4,1
,,,,,0.5012479373258065,3,1
,,,,,0.5336369792016545,4,1
,,,,,0.5254066042211715,3,1
,,,,,1.16101144613106,4,0
,,,,,0.5401554239803272,3,1
synthetic_product,0.5,0.5,0.5,100.0,0.5333146829121295,1,0
synthetic_product,0.5,0.5,0.5,100.0,0.6176081224346488,2,1
,,,,,0.5044406430454043,3,1
,,,,,0.1534677824427236,3,1
,,,,,0.7137036120751666,4,1
,,,,,0.804961117242486,4,0
,,,,,0.6181401944001083,4,1
synthetic_product,0.5,0.5,0.5,100.0,0.32070072003798633,2,0
,,,,,0.4355910428405886,3,0
synthetic_product,0.5,0.5,0.5,100.0,0.7997647609254646,2,0
synthetic_product,0.5,0.5,0.5,100.0,0.7396578507772131,1,1
,,,,,0.6459901232315455,3,1
,,,,,0.4013500684604149,3,1
,,,,,0.9150402923562156,4,0
,,,,,0.7799939963662821,3,0
synthetic_product,0.5,0.5,0.5,100.0,0.6219431027129131,2,0
,,,,,0.4980005939006617,3,0
,,,,,0.6269121037809463,3,0
,,,,,0.9563139129548334,3,1
synthetic_product,0.5,0.5,0.5,100.0,1.0698996710774156,3,1
,,,,,0.3372126190221887,3,1
,,,,,1.0275805632499693,3,1
,,,,,0.5182729657296021,3,1
,,,,,0.5041203490524724,3,0
synthetic_product,0.5,0.5,0.5,100.0,0.5660863793642593,1,1
synthetic_product,0.5,0.5,0.5,100.0,0.8559781980304357,2,0
synthetic_product,0.5,0.5,0.5,100.0,1.0197753552574222,3,1
,,,,,0.4751314538338694,3,0
,,,,,0.4568929719572659,3,1
,,,,,0.4468919657036128,3,0
,,,,,0.4186500447905961,3,1
,,,,,0.617543204812965,3,0
,,,,,0.5878115169602524,3,1
,,,,,0.9022005468018914,3,1
synthetic_product,0.5,0.5,0.5,100.0,0.8682990167438572,2,0
,,,,,0.7355630962403191,3,0
,,,,,0.6591002828695529,3,1
,,,,,1.005281834137839,4,0
synthetic_product,0.5,0.5,0.5,100.0,0.9838239577234617,1,0
synthetic_product,0.5,0.5,0.5,100.0,0.23574088674672983,1,0
,,,,,0.3955857887991639,3,1
synthetic_product,0.5,0.5,0.5,100.0,0.29116430066017124,1,1
,,,,,0.6731645819349233,3,1
,,,,,0.8235224558131918,4,1
,,,,,0.7916977943971263,3,0
,,,,,0.4197898152099262,3,0
synthetic_product,0.5,0.5,0.5,100.0,0.3507675867672539,2,1
,,,,,0.5892325206443623,3,0
,,,,,0.3774413256233463,3,1
,,,,,0.5710479728392317,3,0
,,,,,0.769029903572129,3,0
,,,,,0.819731177852665,4,1
,,,,,1.0183427579737725,3,1
,,,,,0.7558844285786633,4,1
,,,,,0.5908482199850156,3,1
,,,,,0.8297482634468301,4,0
,,,,,0.7472190062068093,3,0
,,,,,0.3295816661989101,3,1
,,,,,1.0374413213505704,3,0
,,,,,0.7201202642513966,3,0
,,,,,0.4638842814923835,3,1
,,,,,0.2236126961413094,3,1
,,,,,0.5468088952941309,3,0
,,,,,0.6460677141024723,3,1
,,,,,0.6983474576169827,3,0
,,,,,0.8736958080241921,3,1
,,,,,0.6295695327465779,3,1
,,,,,0.5213702320944416,3,1
,,,,,0.7306542915845166,4,1
,,,,,0.3976065950302052,4,1
,,,,,0.5091124295057612,3,0
,,,,,0.8564559558056585,4,0
,,,,,0.548077339249643,3,1
,,,,,0.6780085320282655,3,0
synthetic_product,0.5,0.5,0.5,100.0,0.8476789352960098,2,0
synthetic_product,0.5,0.5,0.5,100.0,0.5078702751232211,3,1
,,,,,0.5300618331486545,3,1
synthetic_product,0.5,0.5,0.5,100.0,0.6045044878239175,3,1
synthetic_product,0.5,0.5,0.5,100.0,0.48948968470418386,2,1
synthetic_product,0.5,0.5,0.5,100.0,0.946540802946592,2,0
synthetic_product,0.5,0.5,0.5,100.0,1.2427704728677516,3,1
,,,,,0.680085950104832,3,0
,,,,,0.8153888546280165,3,0
synthetic_product,0.5,0.5,0.5,100.0,0.4782579491479814,3,1
,,,,,0.7730716596773646,4,1
synthetic_product,0.5,0.5,0.5,100.0,0.7361565855320245,3,0
synthetic_product,0.5,0.5,0.5,100.0,0.5585814859834933,2,1
synthetic_product,0.5,0.5,0.5,100.0,0.37453195936531736,2,1
,,,,,0.873310390783284,3,0
,,,,,0.6983348986648144,3,0
,,,,,0.94612989371407,3,1
,,,,,0.2276196120571715,3,0
,,,,,0.7585349547411312,3,0
synthetic_product,0.5,0.5,0.5,100.0,0.7420290120198827,3,0
,,,,,1.149192357480783,4,1
,,,,,0.5842497940232555,3,0
,,,,,0.4120008876057265,4,0
synthetic_product,0.5,0.5,0.5,100.0,0.19495578645140732,2,0
,,,,,0.7617871439737869,4,1
synthetic_product,0.5,0.5,0.5,100.0,0.25706609267436686,1,1
,,,,,0.8536601991146074,3,1
,,,,,0.8816199351719123,3,0
,,,,,0.7411502629864891,3,0
,,,,,0.8684476452044376,3,0
synthetic_product,0.5,0.5,0.5,100.0,0.6474757133244557,3,1
,,,,,0.4843905249475946,3,1
,,,,,0.8390778132500025,4,0
synthetic_product,0.5,0.5,0.5,100.0,0.11097302382854737,1,1
synthetic_product,0.5,0.5,0.5,100.0,0.6521215790702523,1,1
,,,,,0.7512433927425943,3,0
,,,,,1.0107956696734022,3,1
synthetic_product,0.5,0.5,0.5,100.0,0.360805007998521,1,0
,,,,,1.1222383982540285,4,0
synthetic_product,0.5,0.5,0.5,100.0,0.560971938288593,2,1
,,,,,0.3319357297644288,4,1
,,,,,0.3080181877533656,3,1
,,,,,1.051466710146863,3,0
synthetic_product,0.5,0.5,0.5,100.0,0.6419823557489306,3,1
,,,,,0.8011614502472326,4,1
,,,,,0.6337747523698588,4,1
,,,,,0.701322985996699,3,0
synthetic_product,0.5,0.5,0.5,100.0,0.7983173975712221,1,0
,,,,,0.781275243795634,4,1
,,,,,0.8969767320060775,3,0
synthetic_product,0.5,0.5,0.5,100.0,0.5737384236412186,2,1
,,,,,0.390552636297828,3,0
synthetic_product,0.5,0.5,0.5,100.0,0.8001747803259155,2,0
,,,,,0.4641291487780559,4,1
,,,,,0.5758952928862332,3,0
synthetic_product,0.5,0.5,0.5,100.0,0.3237849084943763,2,1
synthetic_product,0.5,0.5,0.5,100.0,0.7054254030951547,3,1
synthetic_product,0.5,0.5,0.5,100.0,0.5841138553845666,1,1
,,,,,0.6081824005672354,3,1
,,,,,0.4399496862335976,3,0
,,,,,0.5201674617896441,3,1
,,,,,0.4086788863039729,3,0
,,,,,1.0037806546558583,3,1
,,,,,0.4989956725170869,4,1
,,,,,0.4222176879402978,4,1
,,,,,0.5911484936918654,3,0
,,,,,1.107784920018829,3,0
,,,,,0.8205112567523275,3,0
,,,,,0.5572647930763961,3,0
,,,,,0.781502331595554,4,1
,,,,,0.9044180118492346,3,0
,,,,,0.5645430435164212,4,0
,,,,,0.7004008899071248,3,1
,,,,,0.6625727504194986,3,0
,,,,,0.9359403766443724,3,1
,,,,,0.5962738788523447,3,1
,,,,,0.3058723786556279,3,1
,,,,,0.3653419415415415,3,0
synthetic_product,0.5,0.5,0.5,100.0,0.901283638943178,2,0
,,,,,0.5236344686683397,3,1
synthetic_product,0.5,0.5,0.5,100.0,0.6300236959027926,3,1
,,,,,0.8013315859019166,4,1
,,,,,0.8955508976072455,4,1
synthetic_product,0.5,0.5,0.5,100.0,0.8479249612860094,1,1
synthetic_product,0.5,0.5,0.5,100.0,0.8834178629995055,3,1
,,,,,0.9334244597457224,4,0
,,,,,0.8792348480389793,3,0
synthetic_product,0.5,0.5,0.5,100.0,0.8905510447123063,3,1
,,,,,0.6102619852642661,3,0
,,,,,0.68502638436409,3,0
,,,,,0.5902399614501868,3,1
synthetic_product,0.5,0.5,0.5,100.0,0.5207973636410225,2,0
,,,,,0.7275137433933839,3,0
synthetic_product,0.5,0.5,0.5,100.0,0.6707129047652385,2,1
,,,,,0.7957043245410713,3,0
,,,,,0.550169378929661,3,1
,,,,,0.4450234081912753,3,0
,,,,,0.5899119463417944,3,1
,,,,,0.6666534772169985,3,0
,,,,,0.4316330742455848,4,1
,,,,,0.4058219882696764,3,1
,,,,,0.7947531498391373,4,0
,,,,,0.3743677128883956,4,1
,,,,,0.8654405436092896,3,0
,,,,,0.7181035148037678,3,0
synthetic_product,0.5,0.5,0.5,100.0,0.9579084619602598,1,0
synthetic_product,0.5,0.5,0.5,100.0,0.6050513853990128,1,0
synthetic_product,0.5,0.5,0.5,100.0,0.5766355391537282,2,1
,,,,,0.5528478987207434,3,1
synthetic_product,0.5,0.5,0.5,100.0,0.8537972350514655,2,0
synthetic_product,0.5,0.5,0.5,100.0,0.6006603035542222,1,1
,,,,,1.1408373138378165,4,0
synthetic_product,0.5,0.5,0.5,100.0,0.8530996774728163,2,1
synthetic_product,0.5,0.5,0.5,100.0,0.7279589730386448,2,0
,,,,,0.6282136239988343,3,1
,,,,,0.8512789807081027,4,1
,,,,,0.9652073849513316,3,1
synthetic_product,0.5,0.5,0.5,100.0,0.4854118056147325,2,1
synthetic_product,0.5,0.5,0.5,100.0,0.8321623527902765,1,1
,,,,,0.8568763699287648,4,0
,,,,,0.652573929426477,3,1
,,,,,0.4397284952468965,3,1
,,,,,0.4746615316362558,3,1
,,,,,0.5466144584724979,4,0
,,,,,0.8295786392305783,4,1
,,,,,0.6928479488898244,3,1
,,,,,0.9331668766677392,4,1
,,,,,0.63059864206796,3,0
,,,,,0.5990222963016163,3,0
,,,,,0.7882034130414192,4,1
,,,,,0.4396955381061061,3,1
,,,,,0.3051245509362394,3,0
,,,,,0.6586415000411627,4,0
,,,,,1.0989997116998542,3,0
,,,,,0.6164158423889863,4,1
,,,,,0.8925551940797595,4,0
,,,,,0.8567825146025698,3,0
,,,,,1.1996946713457235,4,0
,,,,,1.0347061438778216,4,0
,,,,,0.4093921080684855,3,1
,,,,,0.7457694270712905,3,1
,,,,,0.8801063857886308,3,0
,,,,,0.3521096901918971,3,0
,,,,,0.6536997057905634,3,0
,,,,,0.8157914580402006,3,1
,,,,,0.5178225887535913,3,1
,,,,,0.9749607101542108,3,0
,,,,,0.9945970375627649,3,1
,,,,,0.1840432829334607,3,1
,,,,,0.4425305046753529,4,0
,,,,,0.2371197224975746,3,1
,,,,,0.7484229601839967,3,1
,,,,,0.2515477913689133,3,1
,,,,,0.2918641816065153,3,0
,,,,,0.5300641364773113,4,0
,,,,,0.6176243064323099,3,1
,,,,,0.7924855532919487,3,0
synthetic_product,0.5,0.5,0.5,100.0,0.938524649912413,1,1
,,,,,0.9541470952277116,4,1
synthetic_product,0.5,0.5,0.5,100.0,0.8839006911949716,2,1
,,,,,0.7687488334992356,3,1
synthetic_product,0.5,0.5,0.5,100.0,0.5667769137533638,1,1
,,,,,0.3728801185351299,4,0
,,,,,0.6678013473437283,3,1
,,,,,0.669529795358098,3,0
,,,,,0.8923981041989166,3,0
synthetic_product,0.5,0.5,0.5,100.0,0.6297591264375013,1,0
synthetic_product,0.5,0.5,0.5,100.0,0.7667560902853371,2,0
synthetic_product,0.5,0.5,0.5,100.0,0.32219604690321274,2,1
,,,,,0.8028948632050497,4,1
,,,,,1.1531811097929836,3,0
,,,,,0.2937613149261254,3,0
,,,,,0.4400680342471229,4,1
,,,,,0.7515838023042294,4,0
synthetic_product,0.5,0.5,0.5,100.0,0.6150629998665954,2,1
,,,,,0.6392017715251059,4,1
,,,,,1.000244155126477,4,1
,,,,,0.8086401362132853,3,0
,,,,,1.082441150761942,4,0
,,,,,0.5055339397267387,3,0
synthetic_product,0.5,0.5,0.5,100.0,0.8451912152064016,1,1
,,,,,0.8033571443034627,3,1
,,,,,0.7014388171025933,3,1
synthetic_product,0.5,0.5,0.5,100.0,0.5669063762021738,3,1
,,,,,0.5667728565102639,3,0
,,,,,0.3900449649954421,3,0
,,,,,0.8495729133424283,4,1
,,,,,0.8001830081893009,3,1
synthetic_product,0.5,0.5,0.5,100.0,0.4756499083133949,2,1
,,,,,0.8094059672003573,3,1
synthetic_product,0.5,0.5,0.5,100.0,0.7967572364170077,1,0
,,,,,0.5798053114985452,4,1
,,,,,0.7142961590500965,4,0
synthetic_product,0.5,0.5,0.5,100.0,0.9999907031252389,2,0
,,,,,0.8156087024839712,4,0
,,,,,0.462356863691259,4,1
,,,,,0.8852753259176639,4,1
synthetic_product,0.5,0.5,0.5,100.0,0.5677585917258374,2,1
,,,,,1.0043027820911323,4,1
,,,,,0.9955865185075616,4,0
,,,,,0.9002138025750466,4,0
,,,,,0.603869770468848,3,1
,,,,,0.8174161422339331,3,0
synthetic_product,0.5,0.5,0.5,100.0,0.32051983858206623,2,1
synthetic_product,0.5,0.5,0.5,100.0,0.15866845217514552,1,0
synthetic_product,0.5,0.5,0.5,100.0,0.7284128628724624,2,0
,,,,,1.0976531686750182,3,0
,,,,,0.683564198763416,4,0
synthetic_product,0.5,0.5,0.5,100.0,1.0977944265050297,2,0
synthetic_product,0.5,0.5,0.5,100.0,0.5291796618113498,1,0
,,,,,0.9302902164342688,3,1
,,,,,0.6415185003783955,3,0
synthetic_product,0.5,0.5,0.5,100.0,0.24188047278515012,1,1
synthetic_product,0.5,0.5,0.5,100.0,0.780855628262698,2,1
,,,,,0.8841377024430207,3,0
,,,,,0.7737226043460693,3,1
,,,,,0.83893237737155,3,0
,,,,,0.7433962571133674,3,1
,,,,,0.998688157635948,4,1
,,,,,0.8980638446996447,3,0
,,,,,0.3012483289276121,4,0
,,,,,0.6481943888665936,3,0
,,,,,0.7732350418770841,3,0
,,,,,0.7510986013629694,3,0
,,,,,0.359080513575898,3,1
,,,,,0.6280653424804066,3,0
,,,,,0.4785189594464816,4,1
,,,,,0.7359913706131569,3,1
,,,,,0.9572332773955632,4,1
,,,,,0.7861974513996635,4,1
,,,,,0.3641068049721924,4,1
,,,,,1.013137421884113,4,1
,,,,,0.4019995090825716,3,1
,,,,,0.8146241660109199,3,0
,,,,,0.5891488107358908,4,1
,,,,,1.1100362490474014,4,0
synthetic_product,0.5,0.5,0.5,100.0,0.4643229132262538,2,1
,,,,,0.2855231198571373,4,1
,,,,,0.9427449698955122,3,0
,,,,,0.8858952625859281,3,0
synthetic_product,0.5,0.5,0.5,100.0,0.6876875200100844,2,1
synthetic_product,0.5,0.5,0.5,100.0,0.8035858623096126,1,0
,,,,,0.5945203060755582,4,1
,,,,,0.723125634936404,3,0
synthetic_product,0.5,0.5,0.5,100.0,0.31713449162417456,3,1
synthetic_product,0.5,0.5,0.5,100.0,1.0827957826046892,2,0
synthetic_product,0.5,0.5,0.5,100.0,0.6276530655171835,1,0
,,,,,0.5945299229251085,3,1
,,,,,1.03173034991076,3,0
,,,,,0.3059053646958724,3,1
,,,,,0.8406480847268102,3,0
,,,,,0.734189613604584,3,1
,,,,,0.7856692514634062,4,0
,,,,,0.6873607308327285,4,0
,,,,,0.4715779376151512,3,0
synthetic_product,0.5,0.5,0.5,100.0,0.7785361270602843,1,1
synthetic_product,0.5,0.5,0.5,100.0,0.36864353094911045,1,1
synthetic_product,0.5,0.5,0.5,100.0,0.30278786847240746,2,0
synthetic_product,0.5,0.5,0.5,100.0,0.8884382882477813,3,0
,,,,,1.0108498596010758,3,0
,,,,,0.9502814819949832,4,0
synthetic_product,0.5,0.5,0.5,100.0,0.5586464578164178,1,1
synthetic_product,0.5,0.5,0.5,100.0,0.8056535010846192,1,1
,,,,,0.4896211143085821,4,1
,,,,,0.536902489752055,3,0
,,,,,0.635374958392309,3,1
synthetic_product,0.5,0.5,0.5,100.0,0.5670171667314836,3,0
,,,,,0.7430017708904294,4,0
synthetic_product,0.5,0.5,0.5,100.0,0.9491266062415952,2,0
synthetic_product,0.5,0.5,0.5,100.0,0.33687923412794163,3,1
,,,,,0.6941698659724168,3,0
synthetic_product,0.5,0.5,0.5,100.0,0.8965751988803178,2,0
synthetic_product,0.5,0.5,0.5,100.0,0.359756637106624,2,0
synthetic_product,0.5,0.5,0.5,100.0,0.33682562878209155,3,1
,,,,,0.3300068641838648,4,1
,,,,,0.8833095929559238,3,1
,,,,,0.4821721787701492,4,0
,,,,,0.6322575840632413,4,0
,,,,,0.8618463432974672,3,1
,,,,,0.5435285741191039,3,1
synthetic_product,0.5,0.5,0.5,100.0,0.7530595937481565,2,1
,,,,,0.3106998125038292,3,0
,,,,,0.4086877772883485,3,1
,,,,,0.8321479181539031,3,0
,,,,,0.978323424866252,3,0
,,,,,0.5198396883033245,3,1
synthetic_product,0.5,0.5,0.5,100.0,0.7886376207799283,2,1
,,,,,1.0964631270033671,4,0
,,,,,0.5678837734023413,3,1
,,,,,0.4436283556745713,3,0
,,,,,0.652542924969353,3,0
,,,,,0.2819093446755574,3,1
,,,,,0.7727224489072538,3,1
,,,,,0.7883787559630147,3,0
,,,,,0.3837586383183541,3,1
,,,,,0.4482053910452092,3,1
,,,,,0.588429786609278,3,1
,,,,,0.45468922726283,3,1
,,,,,0.8711972464633498,3,0
,,,,,0.3728044587761798,4,1
,,,,,0.9810643543579656,4,0
,,,,,1.0592926108413026,4,1
,,,,,0.9904856159339092,4,1
,,,,,1.067627113417307,3,0
,,,,,0.8632760486906892,3,0
,,,,,0.3910831775276885,4,1
,,,,,0.4840829118450044,4,1
,,,,,0.8947589891017146,3,0
,,,,,0.8533600205616685,3,0
,,,,,0.85171550659917,4,0
,,,,,0.654862591740948,4,0
,,,,,0.8118875128702581,3,0
,,,,,0.2665222821438285,4,1
,,,,,0.4943673381959925,3,1
,,,,,0.9535328679073172,3,1
,,,,,0.5354211187254125,4,0
,,,,,0.5273163034119523,3,0
,,,,,0.7407424174998045,3,0
,,,,,0.2248798067895208,4,1
synthetic_product,0.5,0.5,0.5,100.0,0.9292522934318609,1,1
,,,,,0.5513091947431791,3,1
,,,,,1.0770543977820022,3,0
,,,,,1.1043893927636546,3,1
synthetic_product,0.5,0.5,0.5,100.0,0.5403033687412647,1,1
synthetic_product,0.5,0.5,0.5,100.0,0.8848413266087025,2,1
,,,,,1.034588772063895,4,1
synthetic_product,0.5,0.5,0.5,100.0,0.35946790961973807,2,1
synthetic_product,0.5,0.5,0.5,100.0,0.8547429697966562,3,0
,,,,,1.0168932241633866,3,0
synthetic_product,0.5,0.5,0.5,100.0,0.5692463608307724,1,0
,,,,,0.9301341420403372,4,1
,,,,,1.074321448693496,4,1
,,,,,0.8754456679514371,4,0
synthetic_product,0.5,0.5,0.5,100.0,0.14750301514157718,1,1
,,,,,0.5077550659442543,4,1
synthetic_product,0.5,0.5,0.5,100.0,0.7982558692614266,1,1
,,,,,0.3137581261470977,3,1
,,,,,0.3263401088865241,3,1
,,,,,0.7159495446499474,3,0
,,,,,0.5766249438442976,3,1
,,,,,0.5789343623744184,3,1
,,,,,0.9292997773699246,4,0
synthetic_product,0.5,0.5,0.5,100.0,0.9206689476332361,2,0
synthetic_product,0.5,0.5,0.5,100.0,0.6104472082946862,2,0
,,,,,1.145757677091292,4,1
synthetic_product,0.5,0.5,0.5,100.0,0.9269681329682121,1,0
,,,,,0.6451345508741689,4,1
,,,,,0.6117436365751663,3,0
,,,,,1.0537658888935122,3,0
,,,,,0.7200371197525733,4,0
synthetic_product,0.5,0.5,0.5,100.0,0.5778313361291619,1,1
synthetic_product,0.5,0.5,0.5,100.0,0.6917035601190161,2,1
,,,,,0.4225905571699457,3,1
,,,,,0.1219459589410166,3,1
,,,,,0.9786999812677388,3,0
,,,,,1.0498411040986335,3,1
,,,,,0.7501531036586925,3,0
,,,,,0.4937664154796516,4,0
,,,,,0.503962761983454,3,1
,,,,,0.6700855295354551,3,0
synthetic_product,0.5,0.5,0.5,100.0,0.5872849829444208,1,0
,,,,,0.6586524648514906,3,1
,,,,,0.8607966453252776,3,0
,,,,,0.986326354854062,4,0
synthetic_product,0.5,0.5,0.5,100.0,0.35418171943450494,1,1
synthetic_product,0.5,0.5,0.5,100.0,0.7738077872955953,2,0
,,,,,0.4521471648160421,4,1
,,,,,0.6685360450710606,3,0
,,,,,0.8303365616539495,4,1
,,,,,0.591506325315165,3,0
,,,,,1.04768371058162,4,0
,,,,,0.9550093795581778,3,0
,,,,,0.7928669293267754,3,1
,,,,,0.4681734334989772,4,1
,,,,,0.9117877681480944,3,1
,,,,,0.7613453802105264,4,1
,,,,,0.8829195209366472,3,1
,,,,,0.943813019564558,3,0
,,,,,0.3478204860978396,3,1
,,,,,0.7559513620664945,3,1
,,,,,1.099471250168354,3,1
,,,,,0.793483634288008,4,0
,,,,,0.4777709895109597,3,0
,,,,,0.7499652632910683,3,1
,,,,,0.6293336801763096,4,1
,,,,,0.9748216301879562,3,1
,,,,,0.6326029985777041,4,0
,,,,,0.7673653688870914,3,0
,,,,,0.2520238235907749,3,0
,,,,,0.8126519441912614,3,1
,,,,,0.6515124988379626,4,1
,,,,,0.4666515478767238,3,0
,,,,,0.7059383775457747,3,0
,,,,,0.3296202456081465,4,1
,,,,,0.5543662599690257,3,1
,,,,,0.6073756394925875,3,0
,,,,,1.153223815671739,4,0
synthetic_product,0.5,0.5,0.5,100.0,0.6384891381030542,1,0
,,,,,0.5538750546192871,3,1
synthetic_product,0.5,0.5,0.5,100.0,1.0168088310427161,1,1
,,,,,1.1351260037077455,4,0
,,,,,0.591594055792387,3,1
synthetic_product,0.5,0.5,0.5,100.0,0.06367694288934841,1,1
,,,,,0.6350074775922981,3,1
synthetic_product,0.5,0.5,0.5,100.0,0.7306445838468901,2,1
,,,,,0.3831849727685489,3,1
synthetic_product,0.5,0.5,0.5,100.0,0.40683325008764076,1,0
,,,,,0.4506373803889127,3,1
,,,,,1.019614694768213,3,0
,,,,,0.4241573510199864,4,0
,,,,,0.8773018778260449,3,1
synthetic_product,0.5,0.5,0.5,100.0,0.6879841440693242,2,1
,,,,,0.9626723781038974,4,0
,,,,,0.8089920778295143,3,0
synthetic_product,0.5,0.5,0.5,100.0,0.6684062310038559,2,1
,,,,,0.640853015328034,3,1
,,,,,0.8342026568197849,3,0
,,,,,0.3413278754692541,4,1
,,,,,0.7797737139870822,4,1
,,,,,0.6959565787652646,3,1
,,,,,0.9611807738656604,4,1
synthetic_product,0.5,0.5,0.5,100.0,0.2716791836887767,2,1
,,,,,1.0345333042270153,3,0
,,,,,0.7664557302292823,3,1
,,,,,0.7728246530152737,3,1
,,,,,0.6198866778659793,3,1
synthetic_product,0.5,0.5,0.5,100.0,0.28187741993420756,1,1
synthetic_product,0.5,0.5,0.5,100.0,1.113528846751708,3,1
,,,,,0.9514124970028816,3,0
,,,,,0.5542062201181661,3,1
synthetic_product,0.5,0.5,0.5,100.0,0.6089663099121956,1,1
,,,,,0.6286055374216888,3,1
,,,,,1.0065959092654582,3,0
synthetic_product,0.5,0.5,0.5,100.0,0.8501416003149121,2,0
synthetic_product,0.5,0.5,0.5,100.0,0.6662265229900274,2,0
,,,,,0.579220237646761,4,1
,,,,,1.1414750638373372,4,0
synthetic_product,0.5,0.5,0.5,100.0,0.4156452720829064,1,1
,,,,,0.5760095037182883,3,1
,,,,,1.147451609160433,4,1
,,,,,0.5714954240027692,3,1
,,,,,0.4728432112616816,3,0
,,,,,0.273412381089376,3,1
,,,,,0.2733511236570378,3,1
,,,,,0.8669375848149428,4,1
,,,,,0.6597083293621802,3,1
,,,,,0.562296716102511,4,0
,,,,,0.3423823196684105,4,1
,,,,,0.5340960575761923,3,1
,,,,,0.8059334198027984,3,1
,,,,,0.3473137565906214,3,1
synthetic_product,0.5,0.5,0.5,100.0,0.3151399284448883,2,0
,,,,,0.8634717661048558,4,1
synthetic_product,0.5,0.5,0.5,100.0,0.990052245444565,2,0
,,,,,0.5161692426949889,4,0
,,,,,1.0864709671999824,3,0
synthetic_product,0.5,0.5,0.5,100.0,0.8660905117739858,2,1
,,,,,0.5487866368266753,3,0
,,,,,0.7044340071461423,3,1
,,,,,0.5886051603160549,4,1
,,,,,0.8382293836462895,3,0
,,,,,0.3724788396967732,3,1
,,,,,0.5483597251999087,4,0
,,,,,0.426704321783846,3,0
,,,,,0.4824783895703936,4,1
,,,,,1.2015016459878085,4,1
,,,,,0.3596631632620392,4,1
,,,,,0.7689255968902367,3,0
,,,,,0.3337049903996303,3,0
,,,,,1.094795132968473,4,0
,,,,,0.4067641528755462,3,0
,,,,,1.1022091648770205,4,0
,,,,,0.3261014746915712,3,1
,,,,,0.5290512564383815,4,1
,,,,,0.5114712561419719,3,1
,,,,,0.6479340180303877,3,0
,,,,,0.5319723324901756,4,1
synthetic_product,0.5,0.5,0.5,100.0,0.8774114505028401,2,1
synthetic_product,0.5,0.5,0.5,100.0,0.4581049425778371,2,1
,,,,,0.7648722312015197,3,0
synthetic_product,0.5,0.5,0.5,100.0,0.8300168641843465,2,1
,,,,,0.6947432872972895,3,0
,,,,,0.7396809497179245,3,0
,,,,,0.6506915083893947,3,1
synthetic_product,0.5,0.5,0.5,100.0,0.27988881598421567,2,1
,,,,,0.3940718064783196,4,0
,,,,,0.7539670420332173,4,1
synthetic_product,0.5,0.5,0.5,100.0,0.41348719293657665,2,0
synthetic_product,0.5,0.5,0.5,100.0,0.7901025401812379,3,0
,,,,,0.6070370085514561,3,1
,,,,,0.9858271867661488,3,1
synthetic_product,0.5,0.5,0.5,100.0,0.48030777745419573,3,1
,,,,,0.5321374605938066,3,1
,,,,,0.3530877045497052,3,1
synthetic_product,0.5,0.5,0.5,100.0,0.3936935319807058,2,1
,,,,,0.8146695413854481,4,1
,,,,,0.5758178112163769,3,1
synthetic_product,0.5,0.5,0.5,100.0,0.5442357061228272,2,0
,,,,,0.8986296820791168,3,0
,,,,,0.8752100574344337,3,0
,,,,,0.6958999347843587,3,0
synthetic_product,0.5,0.5,0.5,100.0,0.5168409574984288,2,1
,,,,,0.744015236899482,3,0
synthetic_product,0.5,0.5,0.5,100.0,0.3225216121435067,2,1
,,,,,0.6108733197504184,3,0
,,,,,1.0311829398527503,4,1
synthetic_product,0.5,0.5,0.5,100.0,1.1100541258259946,2,0
,,,,,0.6987602691071751,3,1
synthetic_product,0.5,0.5,0.5,100.0,0.6197657776747358,3,1
,,,,,0.8037287404652066,3,0
synthetic_product,0.5,0.5,0.5,100.0,0.5012479373258065,2,1
,,,,,0.5653643894496496,3,1
,,,,,0.3767481467464331,3,0
,,,,,0.9826027890159432,4,0
,,,,,0.573689471775226,3,1
,,,,,0.8968367561133418,4,0
,,,,,0.3125045076400057,3,1
synthetic_product,0.5,0.5,0.5,100.0,0.5336369792016545,3,1
synthetic_product,0.5,0.5,0.5,100.0,0.5254066042211715,2,1
,,,,,0.7342661080450757,3,1
,,,,,0.5292496123937438,3,1
,,,,,1.0438776357477952,3,0
,,,,,0.4344435798784701,3,0
,,,,,0.5123177574758645,3,1
synthetic_product,0.5,0.5,0.5,100.0,1.16101144613106,3,0
synthetic_product,0.5,0.5,0.5,100.0,0.5401554239803272,2,1
,,,,,0.4707347907350931,3,1
,,,,,0.3173900610166443,3,1
,,,,,0.6418284135031845,4,1
,,,,,0.3799208318839548,4,0
,,,,,0.84708068596248,3,0
synthetic_product,0.5,0.5,0.5,100.0,0.9204672674455121,1,1
synthetic_product,0.5,0.5,0.5,100.0,0.5233351754359197,1,1
synthetic_product,0.5,0.5,0.5,100.0,0.5044406430454043,2,1
,,,,,0.789661774250892,3,0
,,,,,0.2872652065783615,3,1
,,,,,0.7103648356967442,3,0
,,,,,0.6298064134408389,3,0
,,,,,1.1911621319661294,4,1
,,,,,0.4082516802394376,3,1
,,,,,1.027746695918698,3,1
,,,,,0.5553881426710293,3,1
,,,,,0.2611530219323076,3,0
,,,,,0.754527847750211,4,1
,,,,,0.3350337116614642,4,0
,,,,,0.7410971308245613,4,0
,,,,,0.6676771564554843,3,1
,,,,,0.6511715290044782,4,1
,,,,,0.4712077889725828,4,0
,,,,,0.2996424221370731,4,1
,,,,,0.6382006278698782,3,0
,,,,,0.4251359688591576,4,1
,,,,,0.6767854634881694,3,0
,,,,,0.4264014532881701,3,0
synthetic_product,0.5,0.5,0.5,100.0,0.15346778244272363,2,1
,,,,,1.017980972148008,4,0
,,,,,0.4527593451225458,3,0
synthetic_product,0.5,0.5,0.5,100.0,0.7137036120751666,3,1
,,,,,0.7875383726026283,4,0
,,,,,0.4341643652345998,4,1
synthetic_product,0.5,0.5,0.5,100.0,0.804961117242486,3,0
,,,,,0.8771271820631592,4,0
,,,,,0.5354209669876953,4,0
synthetic_product,0.5,0.5,0.5,100.0,0.6181401944001083,3,1
,,,,,0.6877108483078687,3,1
,,,,,0.3996171743163347,4,0
,,,,,0.611767053263569,3,1
,,,,,0.3970950437038851,3,0
synthetic_product,0.5,0.5,0.5,100.0,0.5744816485386453,1,1
synthetic_product,0.5,0.5,0.5,100.0,0.43559104284058864,2,0
synthetic_product,0.5,0.5,0.5,100.0,0.41713109466103077,1,1
synthetic_product,0.5,0.5,0.5,100.0,0.2744807784477837,1,0
,,,,,0.5410934323358989,3,0
,,,,,0.5468332301563688,3,1
,,,,,0.8457501944105158,3,1
synthetic_product,0.5,0.5,0.5,100.0,0.6459901232315455,2,1
synthetic_product,0.5,0.5,0.5,100.0,0.40135006846041493,2,1
,,,,,1.0437840250603412,4,0
,,,,,0.7316445427822883,4,1
,,,,,0.2860177254581637,3,0
synthetic_product,0.5,0.5,0.5,100.0,0.9150402923562155,3,0
,,,,,0.5061083872458052,3,0
,,,,,0.5836700829963601,3,1
synthetic_product,0.5,0.5,0.5,100.0,0.7799939963662821,2,0
,,,,,1.0073185960878266,4,0
,,,,,0.8303818105915587,3,0
,,,,,0.8256592238298676,4,0
,,,,,0.7879461142882251,3,1
synthetic_product,0.5,0.5,0.5,100.0,0.42481180550985437,1,0
,,,,,0.982252057394323,4,1
,,,,,1.0476638675204442,4,0
synthetic_product,0.5,0.5,0.5,100.0,0.4980005939006617,2,0
synthetic_product,0.5,0.5,0.5,100.0,0.6269121037809463,2,0
,,,,,0.4509893422841124,3,0
synthetic_product,0.5,0.5,0.5,100.0,0.9563139129548334,2,1
,,,,,0.574687851429937,3,1
,,,,,0.4717033400800599,3,1
,,,,,0.968380679086529,3,0
synthetic_product,0.5,0.5,0.5,100.0,0.7471294063035192,1,1
,,,,,0.5353595520293721,3,1
synthetic_product,0.5,0.5,0.5,100.0,0.33721261902218874,2,1
,,,,,0.3996313130281497,3,1
synthetic_product,0.5,0.5,0.5,100.0,1.0275805632499693,2,1
synthetic_product,0.5,0.5,0.5,100.0,0.5182729657296021,2,1
,,,,,0.6592018518430736,3,1
synthetic_product,0.5,0.5,0.5,100.0,0.5041203490524724,2,0
synthetic_product,0.5,0.5,0.5,100.0,0.5136817922439589,1,0
,,,,,0.9282535599226168,3,0
,,,,,0.5736742208360175,3,1
,,,,,0.310929196238514,3,1
,,,,,0.4854678168243512,3,1
,,,,,0.9036235995099856,4,0
,,,,,1.005513134850725,4,1
,,,,,0.6659822241886129,3,0
,,,,,0.5352830681640266,3,0
,,,,,1.1898064561789004,4,1
,,,,,0.7840644938405108,3,1
,,,,,0.703599344290633,4,0
,,,,,0.6564130895907897,4,0
,,,,,0.9042851960107116,4,0
,,,,,0.934667592110104,3,1
,,,,,0.4063717424549659,4,1
,,,,,0.3044110148128907,4,0
,,,,,0.6650129124443128,3,1
,,,,,0.6083641252763945,3,1
,,,,,0.7101270339769213,3,1
,,,,,0.7120403778214808,3,1
,,,,,0.8044182383936345,3,1
,,,,,0.834485508293973,3,1
,,,,,0.6302815952355142,3,0
,,,,,0.8858292960215354,4,0
synthetic_product,0.5,0.5,0.5,100.0,0.5600015132367652,1,1
,,,,,1.0276467954646864,3,0
,,,,,0.5579966530762053,3,0
synthetic_product,0.5,0.5,0.5,100.0,0.5866887575237477,1,1
synthetic_product,0.5,0.5,0.5,100.0,0.4751314538338694,2,0
synthetic_product,0.5,0.5,0.5,100.0,0.45689297195726597,2,1
synthetic_product,0.5,0.5,0.5,100.0,0.4468919657036128,2,0
synthetic_product,0.5,0.5,0.5,100.0,0.4186500447905961,2,1
,,,,,0.6270042327345484,3,1
,,,,,0.523159494515033,3,1
,,,,,1.0322344005360191,3,1
,,,,,0.8579439879134769,4,1
,,,,,1.1318480063734988,4,1
,,,,,0.7926617817910299,4,1
,,,,,0.926003414070033,4,0
,,,,,0.6272697578569909,3,0
,,,,,0.7638227036310515,3,0
,,,,,0.6078176300561607,4,1
synthetic_product,0.5,0.5,0.5,100.0,0.617543204812965,2,0
,,,,,0.9069131755595572,3,1
,,,,,0.3926153348616846,4,1
,,,,,0.7564466584903445,3,1
synthetic_product,0.5,0.5,0.5,100.0,0.5878115169602524,2,1
synthetic_product,0.5,0.5,0.5,100.0,0.9022005468018914,2,1
,,,,,0.4093825094513704,4,1
,,,,,0.3924729031610388,3,1
synthetic_product,0.5,0.5,0.5,100.0,0.6934547056603638,1,0
synthetic_product,0.5,0.5,0.5,100.0,0.7355630962403191,2,0
,,,,,0.6682686327314864,3,1
synthetic_product,0.5,0.5,0.5,100.0,0.6591002828695529,2,1
,,,,,0.3638054732275231,3,1
,,,,,0.3110013838837197,4,1
synthetic_product,0.5,0.5,0.5,100.0,1.005281834137839,3,0
,,,,,1.0193580204459287,3,0
,,,,,1.074396275630488,4,0
,,,,,0.6541554952063093,3,0
synthetic_product,0.5,0.5,0.5,100.0,0.8475448274307467,1,0
,,,,,0.4417127237962303,3,1
,,,,,0.5749224582606004,3,0
synthetic_product,0.5,0.5,0.5,100.0,0.694266924026932,1,0
,,,,,0.9945463480610436,3,0
synthetic_product,0.5,0.5,0.5,100.0,0.39558578879916395,2,1
,,,,,0.6202168583077289,3,1
,,,,,0.8198721173547602,3,1
synthetic_product,0.5,0.5,0.5,100.0,0.34044449871296417,1,1
,,,,,1.0324312398821154,4,0
,,,,,0.3880359507695422,3,1
,,,,,0.8113850571691598,3,1
synthetic_product,0.5,0.5,0.5,100.0,0.6731645819349233,2,1
synthetic_product,0.5,0.5,0.5,100.0,0.8235224558131918,3,1
synthetic_product,0.5,0.5,0.5,100.0,0.7916977943971263,2,0
synthetic_product,0.5,0.5,0.5,100.0,0.41978981520992625,2,0
,,,,,0.3730477977145967,3,1
,,,,,0.6556855061303236,3,0
,,,,,0.7627662796871915,3,0
,,,,,0.9950124072215673,4,0
,,,,,0.803458574519813,3,0
,,,,,0.4567006941605576,3,0
,,,,,0.3094662422000487,3,1
,,,,,0.7830683673471294,3,1
,,,,,0.6606060893847305,3,1
,,,,,0.5819605926244701,4,1
,,,,,0.3918747961751662,3,1
,,,,,0.3069290393683276,3,1
,,,,,0.32357941600143,3,1
,,,,,0.6753119953251829,3,0
,,,,,1.1108146236960803,3,0
,,,,,0.7683705753094648,3,0
,,,,,0.4866460721337112,3,1
,,,,,0.920376935752089,3,0
,,,,,0.6493139049016186,4,1
,,,,,0.1956190971057702,3,0
,,,,,0.4037545812618823,4,1
,,,,,0.4619984063392465,3,1
,,,,,1.0150517757169486,3,0
,,,,,0.7197868662480181,3,1
,,,,,0.8434525125273604,3,0
,,,,,0.8232326607875253,3,0
,,,,,0.9825139473696616,3,1
,,,,,0.8208298166173027,3,1
,,,,,0.6109291798429584,3,1
,,,,,0.6050143901283358,4,1
,,,,,0.7300486600563506,3,0
synthetic_product,0.5,0.5,0.5,100.0,0.26277926076419733,1,0
,,,,,0.484688432766966,3,1
,,,,,1.1053178815079467,4,1
,,,,,0.772064040300186,4,0
,,,,,1.1854596199470773,3,1
,,,,,0.3635351683164907,3,1
,,,,,0.481415738081369,3,1
synthetic_product,0.5,0.5,0.5,100.0,0.5892325206443623,2,0
,,,,,0.9780785970304486,4,1
,,,,,0.6460041019722207,3,1
synthetic_product,0.5,0.5,0.5,100.0,0.3774413256233463,2,1
synthetic_product,0.5,0.5,0.5,100.0,0.5710479728392317,2,0
,,,,,0.5832717734092141,3,0
,,,,,0.7477846508504583,3,0
,,,,,1.0568013839160826,3,0
,,,,,0.2575885846813903,3,1
,,,,,0.8133708956206948,4,0
,,,,,0.3353995033595818,3,1
,,,,,0.790282927761889,4,1
,,,,,1.1969663707169007,4,1
synthetic_product,0.5,0.5,0.5,100.0,0.769029903572129,2,0
synthetic_product,0.5,0.5,0.5,100.0,0.36910047177242344,1,1
,,,,,0.438678984213977,3,1
,,,,,0.6036949915715429,3,0
synthetic_product,0.5,0.5,0.5,100.0,0.819731177852665,3,1
,,,,,0.990694506773326,4,1
synthetic_product,0.5,0.5,0.5,100.0,1.0183427579737725,2,1
,,,,,1.1168707560489282,3,0
,,,,,0.4109182407232872,3,0
,,,,,0.986261679616886,3,0
,,,,,0.4491405853230744,4,1
synthetic_product,0.5,0.5,0.5,100.0,0.7558844285786633,3,1
,,,,,0.2626300714358629,4,0
synthetic_product,0.5,0.5,0.5,100.0,0.5908482199850156,2,1
,,,,,1.0124970622976286,3,1
synthetic_product,0.5,0.5,0.5,100.0,0.8297482634468301,3,0
,,,,,1.0226897902958714,4,0
,,,,,1.078336281551745,3,1
synthetic_product,0.5,0.5,0.5,100.0,0.7472190062068093,2,0
,,,,,1.251512614662012,4,1
synthetic_product,0.5,0.5,0.5,100.0,0.32958166619891016,2,1
,,,,,0.556681013024624,3,0
,,,,,0.6749767770927044,4,1
synthetic_product,0.5,0.5,0.5,100.0,0.8395287703317834,1,0
synthetic_product,0.5,0.5,0.5,100.0,0.3412751202763223,1,1
,,,,,0.7569881637829633,4,0
,,,,,0.7148602916133794,3,1
,,,,,0.7375816352855161,3,1
synthetic_product,0.5,0.5,0.5,100.0,1.0374413213505704,2,0
synthetic_product,0.5,0.5,0.5,100.0,0.5568042154505796,1,1
,,,,,0.324319430257355,3,1
,,,,,0.8184457492283654,3,1
synthetic_product,0.5,0.5,0.5,100.0,0.7201202642513966,2,0
,,,,,0.3156028425181624,3,1
synthetic_product,0.5,0.5,0.5,100.0,0.9703328562971938,1,0
synthetic_product,0.5,0.5,0.5,100.0,0.4638842814923835,2,1
,,,,,1.134441515207511,4,1
,,,,,0.7760071939384582,3,0
,,,,,0.7155689059538866,4,0
,,,,,0.6537022281418693,3,0
,,,,,0.437803012690258,3,1
,,,,,0.7109874783070401,3,1
,,,,,0.9135079661578672,3,0
,,,,,0.6309478989780591,3,1
,,,,,0.4536983942752232,3,0
,,,,,1.0304038581974824,4,1
,,,,,0.7267179469084859,3,0
,,,,,0.3402900057643957,3,1
,,,,,0.8521172385149303,4,1
,,,,,0.5972624329652689,3,0
,,,,,0.5280163420508823,4,0
,,,,,0.6206913881524277,3,0
,,,,,0.3984333827168006,3,1
,,,,,0.8801806856865975,3,0
,,,,,1.1102292304033443,4,0
synthetic_product,0.5,0.5,0.5,100.0,0.22361269614130946,2,1
synthetic_product,0.5,0.5,0.5,100.0,0.5468088952941309,2,0
,,,,,0.6364499954821019,4,1
synthetic_product,0.5,0.5,0.5,100.0,0.6718526389061856,1,1
,,,,,0.4374646744121945,3,0
synthetic_product,0.5,0.5,0.5,100.0,0.6460677141024723,2,1
,,,,,0.6666737136351153,4,1
,,,,,0.8647452313741439,4,1
synthetic_product,0.5,0.5,0.5,100.0,0.2019083044078678,1,1
,,,,,0.6690536100031339,4,1
synthetic_product,0.5,0.5,0.5,100.0,0.6983474576169827,2,0
synthetic_product,0.5,0.5,0.5,100.0,0.8736958080241921,2,1
,,,,,0.6509241936530368,4,1
synthetic_product,0.5,0.5,0.5,100.0,0.6295695327465779,2,1
,,,,,0.4608155168592672,3,1
,,,,,1.0602828480935726,3,0
synthetic_product,0.5,0.5,0.5,100.0,0.9835503548773336,1,1
,,,,,0.6137650011493597,4,1
,,,,,0.7234263517254701,3,0
synthetic_product,0.5,0.5,0.5,100.0,0.5213702320944416,2,1
,,,,,0.6839357881325123,3,1
,,,,,0.8790883965718619,3,1
,,,,,0.4882743832398734,4,1
synthetic_product,0.5,0.5,0.5,100.0,0.7306542915845166,3,1
,,,,,0.6990164696885002,4,1
synthetic_product,0.5,0.5,0.5,100.0,0.3038333453057091,1,0
synthetic_product,0.5,0.5,0.5,100.0,0.39760659503020523,3,1
synthetic_product,0.5,0.5,0.5,100.0,0.5091124295057612,2,0
synthetic_product,0.5,0.5,0.5,100.0,0.8564559558056585,3,0
,,,,,1.0226737224667566,3,0
,,,,,0.4325167714974849,3,0
,,,,,0.3385416563745437,4,1
,,,,,0.6823330627029403,4,1
,,,,,0.8171032046417037,3,0
,,,,,0.5932037434147471,3,1
synthetic_product,0.5,0.5,0.5,100.0,0.548077339249643,2,1
,,,,,0.4416715594409182,3,0
synthetic_product,0.5,0.5,0.5,100.0,0.6780085320282655,2,0
,,,,,0.6419729273821612,3,1
,,,,,0.302632097767021,4,0
synthetic_product,0.5,0.5,0.5,100.0,0.6292584633576301,1,1
synthetic_product,0.5,0.5,0.5,100.0,0.38056854709992705,1,1
,,,,,0.5713951717934581,3,1
synthetic_product,0.5,0.5,0.5,100.0,0.5300618331486545,2,1
,,,,,0.5525223675485822,3,1
,,,,,0.8145877572527613,4,0
,,,,,0.5548761908371084,4,1
,,,,,0.3602226065814524,3,1
synthetic_product,0.5,0.5,0.5,100.0,0.8844028655810517,1,1
,,,,,0.7917662304636476,3,0
,,,,,0.5167285924389758,4,1
synthetic_product,0.5,0.5,0.5,100.0,0.8955127591177289,1,1
,,,,,0.7421029247156794,4,1
,,,,,0.4074400646831704,3,1
,,,,,0.6329980023188216,4,1
,,,,,0.6108184498624695,3,0
,,,,,1.0520728589308652,4,0
synthetic_product,0.5,0.5,0.5,100.0,0.7476973012035627,1,1
,,,,,0.5103979709009158,3,0
,,,,,0.658650018967437,4,1
,,,,,0.5107961272272799,4,1
,,,,,1.106829782021533,3,1
,,,,,0.7832274003775581,3,0
,,,,,0.8651005102836912,4,1
,,,,,0.3708698550041307,4,1
,,,,,0.5824788360212653,3,0
,,,,,0.8841603013611101,3,1
,,,,,0.7793888832504651,4,0
,,,,,1.0339129530235942,3,0
,,,,,0.7901561223768481,3,0
,,,,,0.4359378279784189,3,1
,,,,,0.943562587268963,3,0
,,,,,0.4049860700657516,3,1
,,,,,0.8581823990867745,4,0
,,,,,0.3429933867391652,3,1
,,,,,0.5343795102414942,3,1
,,,,,1.27121964106201,4,0
,,,,,0.6098990688647336,3,0
,,,,,0.9811053717871304,4,0
,,,,,0.9240498899054392,4,0
synthetic_product,0.5,0.5,0.5,100.0,0.5380586111265923,1,0
synthetic_product,0.5,0.5,0.5,100.0,0.680085950104832,2,0
synthetic_product,0.5,0.5,0.5,100.0,0.8153888546280165,2,0
,,,,,0.7113864566490601,4,1
synthetic_product,0.5,0.5,0.5,100.0,0.7290787049087543,1,1
synthetic_product,0.5,0.5,0.5,100.0,0.7730716596773646,3,1
,,,,,0.3844931567583928,3,0
synthetic_product,0.5,0.5,0.5,100.0,0.5495435779034981,1,0
synthetic_product,0.5,0.5,0.5,100.0,0.5582742607003776,1,1
,,,,,0.9869647814246836,3,1
synthetic_product,0.5,0.5,0.5,100.0,1.0816810002323094,1,1
,,,,,0.6756684105264572,3,1
synthetic_product,0.5,0.5,0.5,100.0,0.873310390783284,2,0
synthetic_product,0.5,0.5,0.5,100.0,0.6983348986648144,2,0
synthetic_product,0.5,0.5,0.5,100.0,0.94612989371407,2,1
,,,,,0.2779922887460601,3,1
synthetic_product,0.5,0.5,0.5,100.0,0.22761961205717157,2,0
synthetic_product,0.5,0.5,0.5,100.0,0.7585349547411312,2,0
,,,,,0.6639037627354119,3,1
synthetic_product,0.5,0.5,0.5,100.0,0.9319943492508894,1,0
,,,,,1.0255802480709106,3,0
,,,,,0.5510312723810245,3,0
,,,,,0.1936448778725373,3,1
synthetic_product,0.5,0.5,0.5,100.0,1.149192357480783,3,1
,,,,,0.7055548985670094,3,1
synthetic_product,0.5,0.5,0.5,100.0,0.5842497940232555,2,0
,,,,,0.391945360309645,4,1
,,,,,0.915004000123439,3,1
synthetic_product,0.5,0.5,0.5,100.0,0.4120008876057265,3,0
,,,,,0.5362773259429537,3,1
,,,,,0.623835562311847,3,1
,,,,,0.7113827269358817,3,0
,,,,,1.0205332180186042,4,0
synthetic_product,0.5,0.5,0.5,100.0,0.7074195463490444,1,1
,,,,,0.9186384340494186,3,1
,,,,,0.5679495104456737,3,1
,,,,,0.6545258567297041,3,0
,,,,,0.7321386894609286,3,0
,,,,,0.8678141006096788,3,0
synthetic_product,0.5,0.5,0.5,100.0,0.7617871439737869,3,1
,,,,,0.3169942025248894,3,1
,,,,,0.4376247358988279,4,0
,,,,,0.7422477274912374,3,0
synthetic_product,0.5,0.5,0.5,100.0,0.7276275811769435,1,0
,,,,,0.5718853088205057,4,0
,,,,,0.6436565412867719,3,1
,,,,,0.7256651452100669,3,1
synthetic_product,0.5,0.5,0.5,100.0,0.8536601991146074,2,1
,,,,,0.2882749836991015,3,1
,,,,,0.2796725239623661,3,1
,,,,,0.778712648150578,3,1
,,,,,1.0497684590070189,3,0
,,,,,0.4628478318151476,3,1
,,,,,0.7302931944441006,4,1
,,,,,1.0622455257413117,3,0
,,,,,0.8588696588006145,3,1
,,,,,0.8729422182402894,3,0
,,,,,0.6960772227412543,3,0
,,,,,0.9875610889804995,3,1
,,,,,0.5232812222258507,3,1
,,,,,0.7140205940548472,4,1
,,,,,0.6407130689810965,3,0
,,,,,1.1691448707283811,3,1
,,,,,0.3394808113349291,3,1
,,,,,0.8421555067057616,3,0
,,,,,0.8098062639519803,3,1
,,,,,0.6189706633645604,4,1
,,,,,1.0634012164791675,3,1
,,,,,0.6232645883259877,4,0
,,,,,0.3949163676155102,3,0
,,,,,0.7339300989502959,3,1
,,,,,1.2266672032510846,4,0
,,,,,0.5414014776449443,3,1
,,,,,1.1152277055320023,3,0
,,,,,0.8228376386186873,3,0
,,,,,0.5328405252316131,3,1
,,,,,0.8169585869090582,4,0
,,,,,0.6231668498650518,3,1
,,,,,0.6580844612733954,3,0
,,,,,0.4168104291660112,3,0
synthetic_product,0.5,0.5,0.5,100.0,0.8816199351719123,2,0
,,,,,0.5568111448848617,3,0
,,,,,0.6590862471423043,3,1
,,,,,0.7517003393222866,3,0
synthetic_product,0.5,0.5,0.5,100.0,0.7411502629864891,2,0
,,,,,0.6310130993234965,4,1
,,,,,0.5646123454934341,4,1
,,,,,0.3554502100312944,3,1
synthetic_product,0.5,0.5,0.5,100.0,0.8684476452044376,2,0
synthetic_product,0.5,0.5,0.5,100.0,0.21335846630104266,1,1
synthetic_product,0.5,0.5,0.5,100.0,0.48439052494759466,2,1
synthetic_product,0.5,0.5,0.5,100.0,0.8390778132500025,3,0
,,,,,0.7871422616102688,4,1
,,,,,0.768147388168105,4,0
,,,,,0.9038325764091186,4,1
,,,,,0.997008571945862,3,1
,,,,,0.7089042575335394,3,0
,,,,,0.4478628606865776,3,1
,,,,,0.7122535239679391,3,1
synthetic_product,0.5,0.5,0.5,100.0,0.33366302253057367,1,1
,,,,,0.7588439308953931,4,0
,,,,,0.519292071319257,3,0
,,,,,0.5937670594642269,3,0
,,,,,0.7208679083768501,3,0
synthetic_product,0.5,0.5,0.5,100.0,0.8582829733795628,1,0
,,,,,0.4423005063231841,3,0
synthetic_product,0.5,0.5,0.5,100.0,0.7512433927425943,2,0
,,,,,0.9279117964487784,3,1
synthetic_product,0.5,0.5,0.5,100.0,1.0107956696734022,2,1
,,,,,0.5148222526935875,3,1
,,,,,0.6056465397406191,3,0
,,,,,1.0068449583375831,3,0
,,,,,0.8220807895239415,3,0
,,,,,0.8164901172718623,3,1
,,,,,0.7032672098366063,3,0
,,,,,0.221459405408729,4,0
synthetic_product,0.5,0.5,0.5,100.0,0.2721146746379808,1,0
,,,,,0.9414694110611072,3,0
,,,,,0.5389730677858381,3,1
,,,,,0.2420993337189337,3,1
,,,,,0.6693409862300017,4,0
,,,,,1.0105279531060645,4,1
,,,,,1.0679027009992923,3,0
synthetic_product,0.5,0.5,0.5,100.0,1.1222383982540285,3,0
,,,,,0.1737963538011919,3,1
,,,,,0.4277146187043716,3,0
,,,,,0.7957017984797172,4,1
synthetic_product,0.5,0.5,0.5,100.0,0.3627151049582183,1,0
,,,,,0.7358379920380828,3,0
,,,,,0.9265997353142996,4,0
synthetic_product,0.5,0.5,0.5,100.0,0.33193572976442887,3,1
,,,,,0.7973170942940799,3,1
,,,,,0.9114200767606908,3,0
,,,,,0.8419898663111238,4,1
,,,,,0.4253161083913821,3,1
,,,,,0.812430280888082,4,1
,,,,,1.0718347991278592,3,1
,,,,,0.7835506998929289,3,1
,,,,,0.2612701356727132,3,0
synthetic_product,0.5,0.5,0.5,100.0,0.3080181877533656,2,1
,,,,,0.738482957411541,4,0
,,,,,0.6078862935978104,3,0
,,,,,0.600687329178379,4,1
synthetic_product,0.5,0.5,0.5,100.0,1.0514667101468633,2,0
,,,,,0.9780202727766314,3,1
,,,,,0.6967645734204796,4,1
,,,,,0.5546601989089612,3,1
,,,,,0.6558181992960637,4,0
,,,,,0.7418323445935957,3,0
,,,,,0.7353710741698464,4,1
,,,,,0.950865542598854,3,0
,,,,,0.6948265633385519,3,1
,,,,,0.7009267435935804,3,0
,,,,,0.88671934679673,4,0
,,,,,1.0580620726632333,4,0
,,,,,0.7960967798496811,3,1
,,,,,0.8682741716729404,3,0
,,,,,0.9098265202833848,3,0
,,,,,0.7186859632956426,3,1
synthetic_product,0.5,0.5,0.5,100.0,0.5356694249532697,1,1
synthetic_product,0.5,0.5,0.5,100.0,0.8011614502472326,3,1
synthetic_product,0.5,0.5,0.5,100.0,0.6337747523698588,3,1
,,,,,0.6985168096584995,3,0
synthetic_product,0.5,0.5,0.5,100.0,0.701322985996699,2,0
,,,,,0.4560870401604627,3,0
synthetic_product,0.5,0.5,0.5,100.0,0.8348846923855733,1,0
,,,,,0.5936353883193283,4,1
synthetic_product,0.5,0.5,0.5,100.0,0.781275243795634,3,1
,,,,,0.5604062600670093,3,0
,,,,,0.8806305753013298,3,1
synthetic_product,0.5,0.5,0.5,100.0,0.8969767320060775,2,0
,,,,,0.4160729508483904,3,1
synthetic_product,0.5,0.5,0.5,100.0,0.8617045833021677,1,1
synthetic_product,0.5,0.5,0.5,100.0,0.390552636297828,2,0
,,,,,0.5615014726927411,3,1
,,,,,0.677047765091419,3,0
synthetic_product,0.5,0.5,0.5,100.0,0.6294332600071643,1,1
synthetic_product,0.5,0.5,0.5,100.0,0.46412914877805594,3,1
synthetic_product,0.5,0.5,0.5,100.0,0.5758952928862332,2,0
,,,,,0.9224860226670052,3,0
,,,,,0.2494415352824485,3,0
synthetic_product,0.5,0.5,0.5,100.0,0.7072683785738648,1,0
,,,,,0.8004547474415066,3,1
synthetic_product,0.5,0.5,0.5,100.0,0.5313055771340929,1,1
,,,,,0.6182381489678337,3,0
synthetic_product,0.5,0.5,0.5,100.0,0.5436100293733833,1,1
,,,,,0.8436888644920147,3,0
synthetic_product,0.5,0.5,0.5,100.0,0.8302279091064426,1,0
,,,,,1.0226995145537146,3,0
,,,,,0.7702743974852478,3,0
synthetic_product,0.5,0.5,0.5,100.0,0.6081824005672354,2,1
,,,,,1.2762165802679175,4,1
synthetic_product,0.5,0.5,0.5,100.0,0.6145739594388665,1,0
,,,,,0.4066194490229581,3,1
,,,,,0.6869356047714784,3,1
synthetic_product,0.5,0.5,0.5,100.0,0.5054889016593853,1,1
,,,,,0.245750278563603,4,1
,,,,,0.9623426512514768,3,1
,,,,,0.9270215927266572,4,0
,,,,,0.718224084247034,3,1
,,,,,0.6431533955370873,3,1
,,,,,0.9036707854890192,3,1
,,,,,0.6586618829338914,3,0
,,,,,0.2455048926484294,3,1
,,,,,0.8189020426016586,3,1
,,,,,0.7609525166886764,3,0
,,,,,1.0009720949710266,4,0
,,,,,0.897500064188707,4,1
,,,,,0.6982438002248237,4,1
,,,,,0.8038081048097023,3,0
,,,,,0.5514810408290876,4,0
,,,,,0.9767576475240752,3,1
,,,,,0.9475967455099032,3,1
,,,,,0.2773099650908157,3,1
,,,,,0.3142138621041876,3,1
,,,,,0.6534664442515032,4,1
,,,,,0.9360121558445582,3,1
,,,,,0.5300649767219852,3,1
,,,,,0.5959251979750324,4,1
,,,,,0.5643124448812964,3,0
,,,,,0.9977049369466304,3,1
,,,,,0.9458604041582792,4,0
,,,,,0.6396703248802038,3,0
,,,,,0.3267577134488695,4,1
,,,,,0.3509715087360206,3,1
,,,,,0.625861672335116,3,1
,,,,,0.445864803155918,3,0
,,,,,0.6142845987758504,4,0
,,,,,0.8211615587841943,3,1
,,,,,0.4100138881021016,3,1
,,,,,0.4292344656462332,4,0
,,,,,0.5222716641624441,3,0
,,,,,0.9853692367484504,4,1
,,,,,0.2805809168775866,3,1
,,,,,0.6009373976824702,4,0
,,,,,0.7477287843589576,3,0
,,,,,0.827733666133328,3,1
,,,,,0.4016898834685647,3,1
,,,,,1.0589708086983132,4,0
,,,,,0.751820812397536,4,0
,,,,,0.581364861964318,4,1
,,,,,0.291899141319161,3,1
,,,,,1.019703169631051,3,0
,,,,,0.2549006874061009,3,0
,,,,,0.7095710068097852,3,0
synthetic_product,0.5,0.5,0.5,100.0,0.9370057829762353,1,0
,,,,,1.0232618090788412,4,1
synthetic_product,0.5,0.5,0.5,100.0,0.43994968623359765,2,0
synthetic_product,0.5,0.5,0.5,100.0,0.9516799146732754,1,0
,,,,,0.8149315934364094,3,0
,,,,,0.2585145033148085,3,0
,,,,,0.5268610409693314,4,0
,,,,,0.8496580986303671,3,0
,,,,,0.7287228015655483,4,1
synthetic_product,0.5,0.5,0.5,100.0,0.5201674617896441,2,1
,,,,,0.7006011716189757,3,1
synthetic_product,0.5,0.5,0.5,100.0,0.4086788863039729,2,0
,,,,,0.4622350370260589,3,1
,,,,,0.4291516053344219,3,1
,,,,,0.5729928300410984,4,1
,,,,,0.3590457845121521,3,1
,,,,,0.5855311052500467,4,0
synthetic_product,0.5,0.5,0.5,100.0,1.0037806546558583,2,1
,,,,,0.4045426087377143,3,0
synthetic_product,0.5,0.5,0.5,100.0,0.5571996936327862,1,1
,,,,,0.7294847973546594,3,1
,,,,,0.7215654095456584,3,0
,,,,,0.3896114207892233,4,1
,,,,,0.8948315264665214,4,1
synthetic_product,0.5,0.5,0.5,100.0,0.8582476178623917,1,1
,,,,,0.6651788594037966,4,1
synthetic_product,0.5,0.5,0.5,100.0,0.4989956725170869,3,1
synthetic_product,0.5,0.5,0.5,100.0,0.42221768794029785,3,1
synthetic_product,0.5,0.5,0.5,100.0,0.5911484936918654,2,0
,,,,,0.7828201267430244,3,1
,,,,,0.4615677551494027,3,0
synthetic_product,0.5,0.5,0.5,100.0,0.22423816960781143,1,1
,,,,,0.59601409064207,4,1
synthetic_product,0.5,0.5,0.5,100.0,0.4494221315802147,1,1
,,,,,0.463837985570498,3,0
,,,,,0.7388767770010921,4,1
synthetic_product,0.5,0.5,0.5,100.0,1.107784920018829,2,0
,,,,,0.8337666041838527,3,1
,,,,,0.7761189428642975,4,0
synthetic_product,0.5,0.5,0.5,100.0,0.8205112567523275,2,0
,,,,,0.3943096202543806,3,1
,,,,,0.7052120967399447,3,1
,,,,,0.5378945234931259,4,0
,,,,,0.8568807328950578,3,0
synthetic_product,0.5,0.5,0.5,100.0,0.5572647930763961,2,0
,,,,,0.6970444533192577,3,0
,,,,,0.8377410753081809,3,1
,,,,,0.8900481936375179,3,1
,,,,,0.5452957755361791,3,0
,,,,,0.8174909048049805,3,1
,,,,,0.8228697207306611,3,1
,,,,,0.8312818869158254,3,1
,,,,,0.4418631246875175,3,1
,,,,,0.6474928170189661,3,0
,,,,,0.8378252188749037,3,0
,,,,,1.13635570969802,3,1
,,,,,0.6862126404308285,3,0
,,,,,0.6834239794958809,4,1
,,,,,0.6547486722430984,3,1
,,,,,0.3327999687328086,3,1
,,,,,0.2888754888763958,3,1
,,,,,0.4092207597536326,3,1
,,,,,0.909048807310196,4,0
,,,,,0.4358139735339568,3,0
,,,,,0.6474954208273883,3,0
,,,,,0.6322977077045672,4,1
,,,,,0.3569161235499287,3,1
,,,,,0.9864714757228568,3,1
,,,,,0.3736748579906536,4,1
,,,,,0.3759489146460475,3,1
,,,,,0.8550219849885211,3,1
,,,,,0.5691017212524755,3,1
,,,,,0.4973923214099468,4,1
,,,,,0.7009904000287084,3,1
,,,,,1.085275124338945,4,1
,,,,,0.9355279822346888,3,1
,,,,,0.6507732113093505,3,0
,,,,,0.7598787415271967,3,1
synthetic_product,0.5,0.5,0.5,100.0,0.781502331595554,3,1
,,,,,0.8418489742504468,4,1
synthetic_product,0.5,0.5,0.5,100.0,0.5021822580047373,1,1
,,,,,0.7322456775584494,3,0
,,,,,0.8821471343975185,4,0
synthetic_product,0.5,0.5,0.5,100.0,0.9044180118492346,2,0
synthetic_product,0.5,0.5,0.5,100.0,0.5645430435164212,3,0
,,,,,1.135046484545205,4,1
,,,,,1.0827277873859102,4,1
synthetic_product,0.5,0.5,0.5,100.0,0.7004008899071248,2,1
synthetic_product,0.5,0.5,0.5,100.0,0.7682375223513789,1,0
,,,,,0.64928497377555,4,0
,,,,,0.8228246940135825,4,1
,,,,,1.0159630678125764,3,0
synthetic_product,0.5,0.5,0.5,100.0,0.2834813299123643,1,1
synthetic_product,0.5,0.5,0.5,100.0,0.6456426570572598,1,0
,,,,,0.7983662122997617,3,0
,,,,,1.0409710467335145,4,1
synthetic_product,0.5,0.5,0.5,100.0,0.6625727504194986,2,0
,,,,,0.3146051345159659,4,1
,,,,,0.6686330423490903,4,1
,,,,,0.3285319020676399,4,1
,,,,,0.8808260341564199,3,0
,,,,,0.5763455315152887,3,1
,,,,,0.409584901126102,3,1
synthetic_product,0.5,0.5,0.5,100.0,0.1596290059579697,1,1
synthetic_product,0.5,0.5,0.5,100.0,0.6232850601221281,1,1
,,,,,0.8208281923362283,3,0
,,,,,0.649232054275689,3,1
,,,,,0.4811816746785529,4,0
synthetic_product,0.5,0.5,0.5,100.0,0.9359403766443725,2,1
synthetic_product,0.5,0.5,0.5,100.0,0.5962738788523447,2,1
,,,,,0.5762783644683531,4,1
,,,,,0.4558642541222045,3,1
synthetic_product,0.5,0.5,0.5,100.0,0.3058723786556279,2,1
synthetic_product,0.5,0.5,0.5,100.0,0.3653419415415415,2,0
synthetic_product,0.5,0.5,0.5,100.0,0.3455623848051215,1,0
synthetic_product,0.5,0.5,0.5,100.0,0.5236344686683397,2,1
,,,,,0.7379725355971297,4,1
,,,,,0.374937686179097,3,1
,,,,,0.985781909020787,3,0
,,,,,1.0664694654513271,3,0
synthetic_product,0.5,0.5,0.5,100.0,0.974006170354404,1,0
synthetic_product,0.5,0.5,0.5,100.0,0.8013315859019166,3,1
,,,,,0.4309271385153825,3,0
synthetic_product,0.5,0.5,0.5,100.0,0.8955508976072455,3,1
synthetic_product,0.5,0.5,0.5,100.0,0.4440282073443299,1,0
,,,,,0.2903677878625962,3,1
,,,,,0.9685875679530151,4,0
,,,,,0.6245002181864121,3,1
,,,,,0.4365769288595644,3,1
,,,,,0.703275236379506,3,0
,,,,,0.893598681467487,3,1
,,,,,0.7362117220895801,3,1
,,,,,0.6791487915696095,4,1
,,,,,0.275916357087396,3,1
,,,,,0.5847498369062447,3,0
,,,,,0.8505515529561096,4,1
,,,,,0.6242829311083717,3,1
,,,,,0.6101543917237983,4,1
,,,,,0.8879637181022432,3,0
,,,,,0.4288153178969,3,0
,,,,,1.1560502026286394,3,1
,,,,,0.7323916297976987,4,1
,,,,,0.7686141939190247,3,0
,,,,,0.8035461400385652,3,1
,,,,,0.7553406185804382,3,1
,,,,,0.5877014855178158,3,1
,,,,,0.6294953083925521,4,1
,,,,,0.8946377881755909,4,1
,,,,,0.613625848169459,4,1
,,,,,0.6819789158225207,3,0
,,,,,0.6646829725139539,3,1
,,,,,1.0554093586484803,3,1
,,,,,1.1167364595147216,4,1
synthetic_product,0.5,0.5,0.5,100.0,0.5716573159907874,1,1
,,,,,0.4467794078115529,3,1
,,,,,0.8546987305685584,4,0
,,,,,0.7259180806810038,4,1
,,,,,0.8073428366491336,3,0
,,,,,0.9289621304931236,3,0
,,,,,0.878493680681261,3,1
,,,,,0.5020271798108705,3,0
,,,,,0.4251837106253478,3,1
,,,,,0.6773651490758418,3,0
,,,,,0.817986983466303,3,0
,,,,,0.7007763609561903,3,0
,,,,,0.5299301817348294,4,1
synthetic_product,0.5,0.5,0.5,100.0,0.9334244597457223,3,0
synthetic_product,0.5,0.5,0.5,100.0,0.8792348480389793,2,0
,,,,,1.0942255102070406,4,0
synthetic_product,0.5,0.5,0.5,100.0,0.5926970779348326,1,1
,,,,,0.6949192479857762,3,1
,,,,,0.8362746585665034,3,1
,,,,,0.6431702491741575,3,1
,,,,,0.2860827566126631,3,1
,,,,,0.6509122455928943,4,0
,,,,,1.195232639651023,4,0
,,,,,1.1516329887328571,4,0
,,,,,0.560416804561938,3,0
synthetic_product,0.5,0.5,0.5,100.0,0.6102619852642661,2,0
,,,,,0.7517784587636174,4,1
,,,,,0.5608301941271836,3,0
,,,,,0.7261341764132605,3,0
synthetic_product,0.5,0.5,0.5,100.0,0.68502638436409,2,0
synthetic_product,0.5,0.5,0.5,100.0,0.5902399614501868,2,1
synthetic_product,0.5,0.5,0.5,100.0,0.4254636254144404,1,0
,,,,,0.4297072962996529,3,0
synthetic_product,0.5,0.5,0.5,100.0,0.7275137433933839,2,0
,,,,,0.3967195754600729,3,1
,,,,,0.435623659817298,3,0
,,,,,0.8375028711692207,4,0
,,,,,0.6249527195919052,4,0
synthetic_product,0.5,0.5,0.5,100.0,0.6492668265423537,1,0
synthetic_product,0.5,0.5,0.5,100.0,0.7957043245410713,2,0
,,,,,0.4410571831470177,3,0
synthetic_product,0.5,0.5,0.5,100.0,0.550169378929661,2,1
,,,,,0.5536500985551196,3,1
,,,,,0.7375994548875174,3,1
,,,,,0.9007601996434164,4,1
,,,,,0.5794913661229514,3,1
,,,,,0.8111189311097643,4,0
,,,,,0.7116758011036428,3,1
synthetic_product,0.5,0.5,0.5,100.0,0.4450234081912753,2,0
,,,,,0.9540387398291312,4,0
synthetic_product,0.5,0.5,0.5,100.0,0.5899119463417944,2,1
,,,,,0.2417765872476838,4,0
,,,,,0.3654957465810707,3,1
synthetic_product,0.5,0.5,0.5,100.0,0.6666534772169985,2,0
synthetic_product,0.5,0.5,0.5,100.0,0.43163307424558484,3,1
,,,,,0.5888617458592462,3,1
,,,,,0.0844107710134604,3,1
,,,,,0.5623173149363578,3,1
,,,,,0.548490855212536,4,1
,,,,,0.8855049826258339,3,0
,,,,,0.4744189940473373,3,0
,,,,,0.4049976715605394,3,1
,,,,,0.5349389415172962,3,1
,,,,,1.1196606048966549,4,0
,,,,,0.8289588635804874,4,0
,,,,,0.77485197569743,4,1
,,,,,0.3451563515143038,4,1
,,,,,0.8224610545747065,3,0
,,,,,0.689147454359433,3,1
,,,,,0.5257857339788016,3,1
,,,,,0.9839728140712672,4,1
,,,,,0.7877369492570563,4,0
,,,,,0.6030263181286083,3,1
,,,,,0.560601006471802,3,0
,,,,,0.8195137212516496,4,1
,,,,,0.688778691070576,4,1
,,,,,0.8215796657957524,3,1
,,,,,0.5018244412197505,4,1
synthetic_product,0.5,0.5,0.5,100.0,0.40582198826967647,2,1
,,,,,0.5071485368835803,4,0
,,,,,0.6959805758789069,3,1
,,,,,0.9260561219385316,3,0
,,,,,0.6976308820523027,4,1
,,,,,1.0210862395688536,3,1
,,,,,0.3681638975640009,4,1
,,,,,0.8939782705381294,3,0
,,,,,0.748529814556661,3,0
synthetic_product,0.5,0.5,0.5,100.0,0.7947531498391373,3,0
,,,,,0.7275234841860196,3,1
,,,,,0.7750282293759514,3,1
synthetic_product,0.5,0.5,0.5,100.0,0.3743677128883956,3,1
,,,,,0.5505184759192017,3,0
,,,,,0.858091895645937,4,1
synthetic_product,0.5,0.5,0.5,100.0,0.8654405436092896,2,0
synthetic_product,0.5,0.5,0.5,100.0,0.7181035148037678,2,0
,,,,,0.9428319825068608,3,0
,,,,,0.4802027332714126,3,1
,,,,,0.4460919086075962,4,0
,,,,,0.8727593063129162,4,0
,,,,,1.116818071074951,4,1
synthetic_product,0.5,0.5,0.5,100.0,0.5684863107064853,1,1
synthetic_product,0.5,0.5,0.5,100.0,0.4339874461587244,1,1
,,,,,0.4953787963892754,4,0
,,,,,0.8336367050163728,3,0
,,,,,0.6265685196352101,3,0
synthetic_product,0.5,0.5,0.5,100.0,0.7190768117719213,1,1
synthetic_product,0.5,0.5,0.5,100.0,0.5528478987207434,2,1
,,,,,0.4207868770445496,3,1
,,,,,0.6716594350362434,4,0
,,,,,0.5321131033609636,4,1
,,,,,0.7487527363390688,3,1
,,,,,1.0090161677704406,4,0
,,,,,0.637632047759348,3,0
synthetic_product,0.5,0.5,0.5,100.0,0.49687173007070307,1,0
synthetic_product,0.5,0.5,0.5,100.0,0.6967581494479473,1,0
synthetic_product,0.5,0.5,0.5,100.0,1.1408373138378165,3,0
,,,,,0.6109134390282503,4,0
,,,,,1.0564393955107498,3,0
synthetic_product,0.5,0.5,0.5,100.0,0.3333498298965649,1,1
,,,,,0.664773711453439,4,0
,,,,,0.3897779243474669,4,1
,,,,,0.6703481606746376,3,1
,,,,,0.7067366736808154,4,1
,,,,,0.4554098494658267,3,0
synthetic_product,0.5,0.5,0.5,100.0,0.45302169805298376,1,0
synthetic_product,0.5,0.5,0.5,100.0,0.6282136239988343,2,1
synthetic_product,0.5,0.5,0.5,100.0,0.8512789807081027,3,1
,,,,,0.2736879405206258,4,1
,,,,,0.5240245507667465,3,1
,,,,,0.8516445254362609,3,1
,,,,,0.7210272370832591,3,0
,,,,,0.485345507285372,3,0
,,,,,0.7242017248173276,4,1
,,,,,0.5067932936506396,3,0
,,,,,0.6978352973958292,4,1
,,,,,0.5281080295655691,3,1
,,,,,0.8041473378057125,4,0
,,,,,0.7230470213915933,3,1
,,,,,0.8029374921147435,3,1
,,,,,0.3972731316894181,4,1
,,,,,0.4207834475187609,3,1
,,,,,0.7826200634110407,4,0
,,,,,0.8250630768553724,3,1
,,,,,0.5963854674260323,3,1
,,,,,1.0563320834950367,4,0
,,,,,0.8728926425530731,3,1
,,,,,0.615355851533857,3,1
,,,,,0.658293139839535,4,0
,,,,,0.4468608749356443,4,0
,,,,,0.5174707468212834,3,1
,,,,,0.530286321313584,3,1
,,,,,0.5856956601782161,4,1
,,,,,0.7684846918095025,3,0
,,,,,0.2488073913565527,4,1
,,,,,0.4034045545808317,3,1
,,,,,0.309785386291997,3,1
,,,,,1.040227030309713,3,1
,,,,,0.7438090230684021,3,0
,,,,,0.4024220091918649,4,1
,,,,,0.640823119141723,3,0
synthetic_product,0.5,0.5,0.5,100.0,0.9652073849513315,2,1
,,,,,0.8613392454681423,3,0
,,,,,0.8212378867117823,3,0
,,,,,0.7566727973512829,3,0
,,,,,0.668059062265106,3,0
synthetic_product,0.5,0.5,0.5,100.0,0.5005023508426132,1,1
,,,,,0.376282617115965,4,1
,,,,,1.0634087676194353,3,0
synthetic_product,0.5,0.5,0.5,100.0,0.2805835724864553,1,1
,,,,,0.8720638826409151,4,1
,,,,,0.7376490580601717,3,1
synthetic_product,0.5,0.5,0.5,100.0,0.8568763699287648,3,0
synthetic_product,0.5,0.5,0.5,100.0,0.503292349539399,1,0
,,,,,1.190892115566755,4,1
,,,,,0.7251429107592022,4,0
synthetic_product,0.5,0.5,0.5,100.0,0.652573929426477,2,1
,,,,,0.4475651299990417,4,0
synthetic_product,0.5,0.5,0.5,100.0,0.4397284952468965,2,1
synthetic_product,0.5,0.5,0.5,100.0,0.4746615316362558,2,1
synthetic_product,0.5,0.5,0.5,100.0,0.5466144584724979,3,0
synthetic_product,0.5,0.5,0.5,100.0,0.714078190823357,1,1
synthetic_product,0.5,0.5,0.5,100.0,0.28001336393017295,1,1
synthetic_product,0.5,0.5,0.5,100.0,0.8295786392305783,3,1
synthetic_product,0.5,0.5,0.5,100.0,0.6928479488898244,2,1
,,,,,0.3785925717394217,3,1
synthetic_product,0.5,0.5,0.5,100.0,0.9331668766677392,3,1
,,,,,0.966880808966998,3,0
,,,,,0.4627865795146979,4,1
,,,,,0.81097089290345,3,1
,,,,,0.449085324180804,3,1
,,,,,0.8483964705259724,3,1
,,,,,0.4509812514311857,3,1
synthetic_product,0.5,0.5,0.5,100.0,0.63059864206796,2,0
,,,,,0.5248700762791493,3,0
,,,,,0.5578096258855803,3,1
synthetic_product,0.5,0.5,0.5,100.0,0.5990222963016163,2,0
,,,,,0.9274758385422608,3,0
synthetic_product,0.5,0.5,0.5,100.0,0.7882034130414192,3,1
,,,,,0.7963476453069519,4,0
synthetic_product,0.5,0.5,0.5,100.0,0.4396955381061061,2,1
synthetic_product,0.5,0.5,0.5,100.0,0.30512455093623947,2,0
synthetic_product,0.5,0.5,0.5,100.0,0.6586415000411627,3,0
,,,,,0.4453151879901301,4,1
synthetic_product,0.5,0.5,0.5,100.0,1.0989997116998542,2,0
,,,,,1.0010639070002516,3,0
synthetic_product,0.5,0.5,0.5,100.0,0.6164158423889863,3,1
,,,,,0.3875658740274368,3,1
,,,,,0.7962821805249176,3,0
,,,,,0.7085261929215001,3,0
synthetic_product,0.5,0.5,0.5,100.0,0.8925551940797595,3,0
synthetic_product,0.5,0.5,0.5,100.0,0.8567825146025698,2,0
,,,,,0.8963752454672037,3,0
,,,,,0.7610413436841924,3,0
,,,,,0.6571396288482779,3,0
,,,,,0.6118323303852958,4,1
,,,,,0.8664210077858387,3,1
,,,,,0.790460724371903,3,1
,,,,,0.4241482730446897,3,1
,,,,,0.2993199783017333,3,0
,,,,,0.9234748518740408,4,0
,,,,,0.5173075578741464,4,1
,,,,,0.5665527341934599,3,0
,,,,,0.864598704349646,3,0
,,,,,0.7445738836676568,4,0
,,,,,0.9519049369772512,3,0
,,,,,0.7280955330766248,4,0
,,,,,0.5416228122575881,3,1
,,,,,0.9931617983209712,4,1
,,,,,0.7908947616135696,3,0
,,,,,0.5236076862007429,3,0
,,,,,0.7501165144293073,4,1
,,,,,0.8055682579027614,4,1
,,,,,1.0625771134212694,4,1
,,,,,0.7935520973730404,3,0
,,,,,0.7047616499468433,3,0
,,,,,0.9008402601658644,3,1
,,,,,0.6532896670308261,3,0
synthetic_product,0.5,0.5,0.5,100.0,0.402662784030346,1,0
,,,,,0.8957038579996826,4,1
,,,,,0.8243113192958955,3,0
,,,,,0.2337560025879153,3,1
,,,,,0.5715304066350678,3,1
synthetic_product,0.5,0.5,0.5,100.0,1.1996946713457235,3,0
,,,,,0.3673292928468504,4,0
,,,,,0.8423798851404644,3,0
,,,,,0.7370276076085048,3,1
synthetic_product,0.5,0.5,0.5,100.0,1.0347061438778216,3,0
,,,,,1.0889765016331527,4,0
,,,,,0.4667325633140411,3,1
synthetic_product,0.5,0.5,0.5,100.0,0.4093921080684855,2,1
synthetic_product,0.5,0.5,0.5,100.0,0.7457694270712905,2,1
,,,,,0.8238530009622083,4,0
,,,,,0.8923824603976691,3,1
,,,,,0.3177189279256969,3,1
synthetic_product,0.5,0.5,0.5,100.0,0.8801063857886308,2,0
,,,,,0.8148867850307956,3,1
,,,,,0.7157206739956521,3,0
,,,,,0.5200941025421187,3,0
,,,,,0.4604797938734322,3,1
,,,,,1.0744485878929226,4,0
,,,,,0.5714915341167817,3,0
,,,,,0.3493688394151404,3,1
,,,,,0.3503141791428713,3,1
,,,,,0.6516099274072157,3,1
synthetic_product,0.5,0.5,0.5,100.0,0.35210969019189714,2,0
,,,,,0.8156271682337795,3,1
,,,,,0.5412636763932239,3,1
synthetic_product,0.5,0.5,0.5,100.0,0.6536997057905634,2,0
,,,,,0.7907409213607569,3,0
,,,,,0.9445555560997988,4,0
,,,,,0.7737734352293791,3,1
,,,,,0.8199258930058715,4,1
,,,,,0.848390571922688,3,0
synthetic_product,0.5,0.5,0.5,100.0,0.9731949192529551,1,1
synthetic_product,0.5,0.5,0.5,100.0,0.8157914580402006,2,1
,,,,,0.435557484892607,3,0
synthetic_product,0.5,0.5,0.5,100.0,0.8208969523117882,1,1
,,,,,1.1185708427759535,3,0
,,,,,0.813095239902978,3,1
synthetic_product,0.5,0.5,0.5,100.0,0.5178225887535913,2,1
,,,,,0.7745468145194343,4,0
synthetic_product,0.5,0.5,0.5,100.0,0.9749607101542108,2,0
synthetic_product,0.5,0.5,0.5,100.0,0.9945970375627647,2,1
synthetic_product,0.5,0.5,0.5,100.0,0.1840432829334607,2,1
,,,,,0.9187866067478092,4,0
synthetic_product,0.5,0.5,0.5,100.0,0.4846973109692359,1,1
,,,,,1.0693925898474068,4,1
,,,,,0.7419343519766761,3,1
,,,,,1.0702384073048323,3,0
,,,,,0.2887364723798076,3,1
,,,,,0.6038819430011946,3,1
synthetic_product,0.5,0.5,0.5,100.0,1.058635234658243,1,0
,,,,,0.8079295025455923,4,0
,,,,,0.3639480314507441,4,0
,,,,,0.5613883356297744,3,0
synthetic_product,0.5,0.5,0.5,100.0,0.44253050467535293,3,0
,,,,,0.8565569452094415,3,1
,,,,,0.3437203607841602,4,1
,,,,,0.4897880420447535,4,0
,,,,,1.037372606623879,3,1
,,,,,0.5280818493249162,3,0
,,,,,0.5730672537085122,3,0
,,,,,0.8455506469872555,3,1
,,,,,0.5532150784760886,3,1
,,,,,0.7228267071560446,3,1
,,,,,0.837968413559181,3,1
,,,,,0.8910950427894414,3,0
,,,,,0.6366390172682694,4,0
,,,,,0.4896569799108428,3,1
,,,,,0.6693735143261809,3,0
,,,,,0.7380540988069996,4,1
,,,,,0.2342053467111447,3,1
,,,,,0.572188149162138,4,1
,,,,,1.018779752578873,3,1
,,,,,0.6589560253727664,3,1
,,,,,0.7746966321590887,4,1
,,,,,0.6564926635776853,4,1
,,,,,1.193018780110663,4,1
synthetic_product,0.5,0.5,0.5,100.0,0.4084246944900324,1,1
,,,,,0.9849245243059024,3,0
,,,,,0.8154696589448549,3,0
synthetic_product,0.5,0.5,0.5,100.0,0.23711972249757468,2,1
synthetic_product,0.5,0.5,0.5,100.0,0.7484229601839967,2,1
,,,,,0.9041003917394684,4,0
,,,,,0.4604228945634861,4,0
,,,,,0.4741594626817911,3,1
synthetic_product,0.5,0.5,0.5,100.0,0.20403518313434563,1,1
,,,,,0.6354523749084572,4,0
,,,,,0.7291766902717656,4,0
,,,,,1.1666105875706785,4,1
,,,,,0.4780448440002204,3,1
synthetic_product,0.5,0.5,0.5,100.0,0.25154779136891336,2,1
,,,,,0.9886111348963128,3,1
,,,,,0.5701851210612637,3,0
,,,,,0.6707197005210205,3,0
,,,,,0.4949279965121009,4,0
,,,,,1.0766288758260536,3,0
synthetic_product,0.5,0.5,0.5,100.0,0.2918641816065153,2,0
synthetic_product,0.5,0.5,0.5,100.0,0.5300641364773113,3,0
,,,,,0.2434280485285071,3,1
,,,,,0.7212791631314788,3,1
,,,,,0.4265004437631715,4,1
,,,,,0.5547928018116536,3,0
synthetic_product,0.5,0.5,0.5,100.0,0.6176243064323099,2,1
,,,,,0.5921369267181508,3,0
synthetic_product,0.5,0.5,0.5,100.0,0.7924855532919487,2,0
synthetic_product,0.5,0.5,0.5,100.0,0.3771414166801109,1,1
,,,,,0.4048526176889072,3,0
,,,,,0.3389014076188871,3,1
,,,,,1.024253146959531,3,0
,,,,,0.8245831942790232,4,1
,,,,,1.067942999902936,4,0
synthetic_product,0.5,0.5,0.5,100.0,0.7954377617892261,1,1
,,,,,0.3543766380982555,3,0
,,,,,0.6295894728477701,3,0
synthetic_product,0.5,0.5,0.5,100.0,0.9541470952277115,3,1
,,,,,0.6916752336477947,4,0
,,,,,0.692247621264273,3,1
synthetic_product,0.5,0.5,0.5,100.0,0.20777179335725604,1,1
,,,,,0.9572989187738709,3,0
,,,,,0.3090243684372347,3,1
,,,,,0.4081251855029638,3,0
,,,,,0.6724276633850027,3,1
,,,,,0.7543781605909143,3,1
,,,,,0.6790430543171386,3,1
,,,,,0.6206997414096344,3,0
,,,,,1.0238838585927357,4,1
synthetic_product,0.5,0.5,0.5,100.0,0.7687488334992356,2,1
synthetic_product,0.5,0.5,0.5,100.0,0.7151598866776537,1,0
synthetic_product,0.5,0.5,0.5,100.0,0.3728801185351299,3,0
synthetic_product,0.5,0.5,0.5,100.0,0.6678013473437283,2,1
,,,,,0.616478373982682,3,0
synthetic_product,0.5,0.5,0.5,100.0,0.669529795358098,2,0
,,,,,0.6845925046292969,3,0
,,,,,0.6778675773797534,3,0
,,,,,0.4775792871379987,3,1
synthetic_product,0.5,0.5,0.5,100.0,0.8923981041989166,2,0
synthetic_product,0.5,0.5,0.5,100.0,0.5238394509863864,1,0
,,,,,0.4742374734456621,3,0
synthetic_product,0.5,0.5,0.5,100.0,0.8491846308199801,1,1
,,,,,0.8642561727508673,4,1
,,,,,0.9482004183347406,3,0
,,,,,0.903137922866536,4,1
,,,,,0.8723878744512767,3,0
,,,,,0.6008919030800667,3,0
,,,,,1.0721422638403355,3,1
,,,,,0.5024624753173565,3,0
,,,,,0.8708552018655071,3,1
,,,,,0.9074736447517796,3,1
,,,,,0.8695988405816707,4,0
,,,,,0.6371316873595702,4,0
,,,,,0.8350253745459424,3,0
,,,,,0.9266184397046224,3,0
,,,,,0.7209679961627137,3,1
,,,,,0.5308568059439461,4,1
,,,,,0.7284405032144279,4,1
,,,,,0.4899553018521373,3,1
,,,,,1.0441075591353028,3,0
,,,,,0.3364737815760303,3,1
,,,,,0.711918820566163,3,1
,,,,,1.0504398056847484,3,1
synthetic_product,0.5,0.5,0.5,100.0,0.632319330920528,1,1
synthetic_product,0.5,0.5,0.5,100.0,0.8028948632050497,3,1
,,,,,0.3307997511366734,3,0
,,,,,0.9090490610966632,3,1
,,,,,1.1786522646428172,3,1
,,,,,0.879455505415687,4,0
synthetic_product,0.5,0.5,0.5,100.0,1.1531811097929836,2,0
synthetic_product,0.5,0.5,0.5,100.0,0.2937613149261254,2,0
synthetic_product,0.5,0.5,0.5,100.0,0.44006803424712293,3,1
,,,,,1.0724681373294769,3,1
,,,,,0.6492403983660018,3,0
,,,,,0.4548640929487829,3,1
,,,,,0.6067122822116369,3,0
,,,,,0.9422542735647664,3,0
,,,,,0.6281204979426164,3,1
,,,,,0.7964910312915728,3,1
synthetic_product,0.5,0.5,0.5,100.0,0.7515838023042294,3,0
,,,,,0.7975011093473777,3,0
,,,,,0.8754667315851603,4,1
,,,,,0.392321748200521,3,1
,,,,,0.2760250639314646,4,1
synthetic_product,0.5,0.5,0.5,100.0,0.13194257193535497,1,1
synthetic_product,0.5,0.5,0.5,100.0,0.6392017715251059,3,1
,,,,,0.6156128554203433,4,1
,,,,,0.4683989193522688,3,1
,,,,,0.8667815198339346,3,1
,,,,,1.0595872149251755,4,1
,,,,,0.4602455262561505,3,1
,,,,,0.7495664723539571,4,0
synthetic_product,0.5,0.5,0.5,100.0,1.000244155126477,3,1
,,,,,0.3402441215628888,3,1
,,,,,0.8987995183261166,3,0
synthetic_product,0.5,0.5,0.5,100.0,0.8086401362132853,2,0
,,,,,1.0618816328506078,3,1
,,,,,1.014365325047358,3,0
,,,,,0.3282986593932173,4,1
,,,,,0.3925728475469289,3,1
,,,,,0.8013671941272065,3,0
,,,,,0.4582090377390521,4,1
synthetic_product,0.5,0.5,0.5,100.0,1.082441150761942,3,0
synthetic_product,0.5,0.5,0.5,100.0,0.5055339397267387,2,0
synthetic_product,0.5,0.5,0.5,100.0,0.31022921172352746,1,0
synthetic_product,0.5,0.5,0.5,100.0,0.8033571443034627,2,1
,,,,,0.5452206524729605,4,1
,,,,,0.714637397207847,3,1
,,,,,0.7642073069424623,3,0
synthetic_product,0.5,0.5,0.5,100.0,0.7014388171025933,2,1
synthetic_product,0.5,0.5,0.5,100.0,0.6121254422159355,1,1
synthetic_product,0.5,0.5,0.5,100.0,0.5667728565102639,2,0
synthetic_product,0.5,0.5,0.5,100.0,0.39004496499544217,2,0
,,,,,0.9841504857085384,3,0
,,,,,0.277694079080571,3,0
,,,,,0.5946980542911104,4,0
,,,,,0.5401215489554757,3,1
,,,,,0.7062810312485777,3,0
,,,,,0.9748750561852112,3,1
,,,,,0.9298945434158,3,0
,,,,,0.5136183791287985,3,1
,,,,,0.165843037858245,3,1
,,,,,0.927355006993836,3,0
,,,,,0.566744501189739,3,0
,,,,,0.5240115655696097,3,1
,,,,,0.7381356350514776,3,0
,,,,,0.3999717241988981,3,0
,,,,,0.6184532109239498,4,1
,,,,,0.4253328797220413,4,0
,,,,,0.7953434396783559,3,1
,,,,,0.8772872845570436,3,1
,,,,,0.7583388542777143,3,0
,,,,,0.5851947413306833,3,0
,,,,,0.8351162631721496,3,0
,,,,,0.5848997468574932,3,1
,,,,,0.3581993874737718,4,1
,,,,,1.0397848952701425,4,0
synthetic_product,0.5,0.5,0.5,100.0,0.8495729133424283,3,1
,,,,,0.9702688729827822,4,1
,,,,,0.9760435661784972,4,1
synthetic_product,0.5,0.5,0.5,100.0,0.8001830081893009,2,1
,,,,,0.6245227702170556,4,1
synthetic_product,0.5,0.5,0.5,100.0,0.912790416040881,1,1
synthetic_product,0.5,0.5,0.5,100.0,0.8094059672003573,2,1
,,,,,0.4417782535249099,3,1
synthetic_product,0.5,0.5,0.5,100.0,0.2102238251484021,1,0
synthetic_product,0.5,0.5,0.5,100.0,0.5798053114985452,3,1
synthetic_product,0.5,0.5,0.5,100.0,0.7142961590500965,3,0
synthetic_product,0.5,0.5,0.5,100.0,0.8025390289314522,1,1
,,,,,0.4135986633183623,3,1
,,,,,0.6956950547022893,3,1
,,,,,0.7242946583363293,3,0
,,,,,0.7496996113123454,4,1
synthetic_product,0.5,0.5,0.5,100.0,0.8156087024839712,3,0
,,,,,0.5187795086951617,3,1
synthetic_product,0.5,0.5,0.5,100.0,0.46235686369125906,3,1
synthetic_product,0.5,0.5,0.5,100.0,0.8852753259176639,3,1
synthetic_product,0.5,0.5,0.5,100.0,0.3896519954920914,1,1
,,,,,0.9048343621971806,4,1
,,,,,0.3559094680836358,3,1
,,,,,0.9071110323018016,3,1
,,,,,0.6061241843039853,4,0
,,,,,0.9325979355356266,3,0
,,,,,0.4025224687160213,3,1
,,,,,1.014978601538755,3,0
,,,,,0.5545241981686573,3,1
,,,,,0.5034498120134145,3,1
,,,,,0.8122212861086173,3,0
,,,,,0.9569891692964374,4,1
,,,,,0.8052835350606744,4,0
,,,,,0.8978300922565868,3,0
,,,,,0.2986211027187477,3,1
,,,,,1.105444764767213,4,0
,,,,,0.3800762886695105,3,1
,,,,,0.4193170082530173,3,1
,,,,,0.3817200608479145,4,1
,,,,,0.9829447373164945,3,0
synthetic_product,0.5,0.5,0.5,100.0,1.0043027820911323,3,1
,,,,,1.0639585207409958,3,0
,,,,,1.0823905649749943,4,1
synthetic_product,0.5,0.5,0.5,100.0,0.9955865185075616,3,0
,,,,,0.4208354483021546,3,1
,,,,,0.4231587466372692,3,0
,,,,,0.6169437382710792,4,1
synthetic_product,0.5,0.5,0.5,100.0,0.9002138025750466,3,0
,,,,,0.8889570419816544,3,1
,,,,,1.2637369995493353,4,1
synthetic_product,0.5,0.5,0.5,100.0,0.603869770468848,2,1
,,,,,0.4511953328547126,4,1
synthetic_product,0.5,0.5,0.5,100.0,0.8174161422339331,2,0
,,,,,0.879543543770877,3,1
synthetic_product,0.5,0.5,0.5,100.0,0.22859432960602505,1,0
synthetic_product,0.5,0.5,0.5,100.0,0.8163952241563922,1,1
,,,,,0.2896505862337619,3,1
synthetic_product,0.5,0.5,0.5,100.0,0.9189847804520592,1,1
synthetic_product,0.5,0.5,0.5,100.0,1.0976531686750182,2,0
,,,,,0.6393048513014798,3,1
,,,,,1.1025087416716095,3,0
,,,,,0.7462773609960116,3,0
,,,,,0.7381488295204718,3,0
,,,,,0.6067806653439323,3,1
,,,,,0.3578662340418884,3,1
,,,,,0.9581750341020968,3,0
,,,,,0.5886797755909916,4,0
,,,,,0.7423898884814469,4,1
,,,,,1.2391864833194823,3,0
,,,,,0.5939400934508584,3,0
,,,,,0.4405510451505704,3,1
,,,,,0.4076418395877513,3,1
,,,,,0.761858517736731,3,1
,,,,,0.5356510550018244,3,1
,,,,,0.9165966194227696,3,0
,,,,,0.479586766376381,3,1
,,,,,0.7055898890860547,3,0
,,,,,0.8599487890394932,4,0
,,,,,0.5409546778731026,3,1
synthetic_product,0.5,0.5,0.5,100.0,0.683564198763416,3,0
synthetic_product,0.5,0.5,0.5,100.0,0.5622758354924056,1,1
,,,,,0.7506712083467104,3,1
,,,,,1.0361536651550982,4,0
,,,,,0.7976151657374667,3,1
synthetic_product,0.5,0.5,0.5,100.0,0.5699941335003416,1,0
,,,,,0.5679162657032775,3,0
,,,,,0.829623055370239,3,0
synthetic_product,0.5,0.5,0.5,100.0,0.9302902164342688,2,1
synthetic_product,0.5,0.5,0.5,100.0,0.6415185003783955,2,0
,,,,,0.4725616332940372,3,0
,,,,,0.4713070318434967,3,1
,,,,,0.3550177828911433,3,0
,,,,,0.9561379830865732,3,0
,,,,,0.3951338831816885,3,0
,,,,,0.683995726988847,3,0
,,,,,0.8530586272611876,4,0
,,,,,0.7328713808175958,3,0
,,,,,0.6259876377165842,4,0
synthetic_product,0.5,0.5,0.5,100.0,0.6430776158291747,1,1
,,,,,0.8136576681372809,3,1
,,,,,0.8475600374023964,4,0
,,,,,0.4034120110818696,3,1
,,,,,0.592611941161851,3,1
,,,,,0.4200560285934419,4,1
synthetic_product,0.5,0.5,0.5,100.0,0.435294108464239,1,1
synthetic_product,0.5,0.5,0.5,100.0,0.8841377024430207,2,0
,,,,,0.4426448711883795,3,1
,,,,,1.0512117907383622,3,1
,,,,,0.3698505434521617,3,0
,,,,,0.7804709298180785,4,1
,,,,,0.5814989426180714,4,1
,,,,,0.712681004057375,3,0
synthetic_product,0.5,0.5,0.5,100.0,0.7737226043460693,2,1
synthetic_product,0.5,0.5,0.5,100.0,0.83893237737155,2,0
,,,,,0.9574305639901592,4,0
synthetic_product,0.5,0.5,0.5,100.0,0.7433962571133674,2,1
synthetic_product,0.5,0.5,0.5,100.0,0.998688157635948,3,1
,,,,,0.8875118224070022,4,0
,,,,,0.4779576791761666,3,1
synthetic_product,0.5,0.5,0.5,100.0,0.8980638446996447,2,0
synthetic_product,0.5,0.5,0.5,100.0,0.30124832892761216,3,0
,,,,,0.6494992387793971,3,1
synthetic_product,0.5,0.5,0.5,100.0,0.679734534678802,1,1
,,,,,0.7401521980238411,3,0
,,,,,0.3980017321893233,4,1
,,,,,0.9203451641659506,3,0
synthetic_product,0.5,0.5,0.5,100.0,0.6481943888665936,2,0
synthetic_product,0.5,0.5,0.5,100.0,0.4929644017566248,1,1
,,,,,0.2792428933858271,3,1
,,,,,0.8915039326951066,3,1
synthetic_product,0.5,0.5,0.5,100.0,0.8644010134748134,1,0
synthetic_product,0.5,0.5,0.5,100.0,0.9116946799216965,1,0
synthetic_product,0.5,0.5,0.5,100.0,0.7732350418770841,2,0
,,,,,0.854975738352645,3,0
,,,,,0.5010958380882503,4,0
synthetic_product,0.5,0.5,0.5,100.0,0.7510986013629694,2,0
,,,,,0.5545821032048376,3,1
,,,,,1.0642804725854798,3,0
,,,,,0.661801488162846,3,1
,,,,,0.9767193784148518,4,1
,,,,,0.4283384925824562,3,1
,,,,,0.4313349843035641,4,1
,,,,,0.5928103890679489,3,1
,,,,,0.8265106407702743,4,1
,,,,,0.6956198339845113,3,0
,,,,,0.2878729053009667,3,1
,,,,,0.6847787089117743,4,1
,,,,,0.5511504849051605,4,1
,,,,,0.1206140657274568,3,1
,,,,,0.307362383398735,3,1
,,,,,0.8525010479965063,3,0
,,,,,0.6978887041788518,3,0
,,,,,1.036394734289534,3,1
,,,,,0.3239935125433704,3,1
,,,,,0.6586342610012301,3,1
,,,,,0.6325277147195517,3,0
,,,,,0.4236925924580553,3,0
,,,,,0.7232578126923359,3,0
synthetic_product,0.5,0.5,0.5,100.0,0.35908051357589804,2,1
,,,,,0.6039370702049335,3,1
,,,,,0.9069549160905992,4,1
,,,,,0.846119262983646,4,1
,,,,,0.8040596301387898,3,0
,,,,,0.7514065383954187,3,1
,,,,,0.60117252368818,3,1
,,,,,0.5940516773980973,3,0
,,,,,0.7101879481424033,3,0
,,,,,0.3622784511728596,3,1
,,,,,0.9929951039612568,3,0
,,,,,0.5776325130137112,3,1
,,,,,0.7320802456652544,3,1
,,,,,0.4663174124599981,4,1
,,,,,0.6519289492661251,3,0
,,,,,0.8618691871925763,3,0
,,,,,0.7059784799838675,3,0
synthetic_product,0.5,0.5,0.5,100.0,0.6280653424804066,2,0
,,,,,0.6300056967682816,3,0
,,,,,0.8911044402498082,3,1
synthetic_product,0.5,0.5,0.5,100.0,0.7876365235605449,1,0
,,,,,0.4847159330221904,4,0
,,,,,0.841812149912673,3,0
synthetic_product,0.5,0.5,0.5,100.0,0.47851895944648165,3,1
,,,,,0.6837745403715408,3,1
synthetic_product,0.5,0.5,0.5,100.0,0.7359913706131569,2,1
,,,,,0.4497802448983651,3,0
synthetic_product,0.5,0.5,0.5,100.0,0.7663833252703054,1,0
,,,,,0.4683797519083366,3,0
synthetic_product,0.5,0.5,0.5,100.0,0.9572332773955631,3,1
,,,,,0.7651141976354443,3,1
,,,,,0.7431997387128335,3,1
,,,,,0.7233565097596387,3,0
synthetic_product,0.5,0.5,0.5,100.0,0.3685715617684956,1,0
,,,,,0.4080251424556532,3,1
,,,,,0.5689204772833294,3,0
,,,,,0.869732141797494,4,1
synthetic_product,0.5,0.5,0.5,100.0,0.9517077836257144,1,0
,,,,,0.5890993251713222,3,0
,,,,,0.7992542388927103,3,0
synthetic_product,0.5,0.5,0.5,100.0,0.7861974513996635,3,1
synthetic_product,0.5,0.5,0.5,100.0,0.36410680497219244,3,1
,,,,,0.624868527718461,4,1
,,,,,0.3370138288897728,3,1
,,,,,0.3656096207306513,4,1
synthetic_product,0.5,0.5,0.5,100.0,0.60569545153455,1,0
,,,,,0.7923130429393184,4,1
synthetic_product,0.5,0.5,0.5,100.0,1.013137421884113,3,1
,,,,,1.071653655502568,4,1
synthetic_product,0.5,0.5,0.5,100.0,0.5650042637190619,1,0
,,,,,0.2382154826083466,3,0
synthetic_product,0.5,0.5,0.5,100.0,0.40199950908257165,2,1
synthetic_product,0.5,0.5,0.5,100.0,0.8146241660109199,2,0
,,,,,0.6255405663208673,4,0
,,,,,0.8387505104386849,4,0
synthetic_product,0.5,0.5,0.5,100.0,0.5891488107358908,3,1
,,,,,0.824300004586744,4,1
synthetic_product,0.5,0.5,0.5,100.0,0.8223844055993638,1,1
,,,,,0.7122207574356002,3,0
,,,,,0.7871511903466459,3,1
,,,,,0.7662529535251209,3,1
synthetic_product,0.5,0.5,0.5,100.0,0.9204330361982671,1,1
,,,,,0.4487596868731193,3,1
,,,,,1.03549674658577,3,1
,,,,,0.4795940964389421,3,0
,,,,,1.069537579610435,4,0
,,,,,0.9857257400322414,3,0
,,,,,0.539674550805011,4,1
,,,,,0.1575560180142732,3,1
,,,,,0.6181995983900425,3,1
,,,,,0.977084173249149,3,0
,,,,,0.4401430386240206,3,0
,,,,,0.4788048923330317,3,0
,,,,,0.6644650763627248,3,0
,,,,,0.9804074650098245,4,1
,,,,,0.7049745839358886,3,0
,,,,,0.5880272763090275,3,0
,,,,,0.2929339861353232,3,1
,,,,,0.6652696366494253,3,0
synthetic_product,0.5,0.5,0.5,100.0,1.1100362490474014,3,0
,,,,,0.9694562038314044,3,0
synthetic_product,0.5,0.5,0.5,100.0,0.1673812438553719,1,1
synthetic_product,0.5,0.5,0.5,100.0,0.2855231198571373,3,1
,,,,,0.5965677309473832,4,1
synthetic_product,0.5,0.5,0.5,100.0,0.9427449698955122,2,0
,,,,,0.4653956163381578,4,1
synthetic_product,0.5,0.5,0.5,100.0,0.8858952625859281,2,0
,,,,,0.3724592130742973,3,1
,,,,,0.918244282690124,3,0
,,,,,0.8918744635810503,3,0
synthetic_product,0.5,0.5,0.5,100.0,0.9320978512478644,1,1
,,,,,0.4745071682670536,4,0
synthetic_product,0.5,0.5,0.5,100.0,0.15681746977413707,1,1
,,,,,0.5903164355382334,4,1
,,,,,0.8681948992717887,3,1
,,,,,0.6173594492213735,3,1
,,,,,0.5730106539913511,4,1
synthetic_product,0.5,0.5,0.5,100.0,0.5945203060755582,3,1
synthetic_product,0.5,0.5,0.5,100.0,0.723125634936404,2,0
synthetic_product,0.5,0.5,0.5,100.0,0.3661547319274895,1,1
synthetic_product,0.5,0.5,0.5,100.0,0.8142631463328244,1,0
synthetic_product,0.5,0.5,0.5,100.0,0.19613740843516986,1,1
synthetic_product,0.5,0.5,0.5,100.0,0.5945299229251085,2,1
synthetic_product,0.5,0.5,0.5,100.0,1.03173034991076,2,0
synthetic_product,0.5,0.5,0.5,100.0,0.30590536469587243,2,1
synthetic_product,0.5,0.5,0.5,100.0,0.8406480847268102,2,0
,,,,,1.0242014774062482,3,1
,,,,,0.8538693699469426,3,1
,,,,,0.2358464878742489,3,0
,,,,,0.3444134147331664,3,1
synthetic_product,0.5,0.5,0.5,100.0,0.734189613604584,2,1
synthetic_product,0.5,0.5,0.5,100.0,0.7856692514634062,3,0
,,,,,0.6748791368888795,3,0
,,,,,0.2822878767316444,4,1
,,,,,0.1290552983458522,3,1
,,,,,0.7798446527600352,3,1
synthetic_product,0.5,0.5,0.5,100.0,0.6873607308327285,3,0
,,,,,0.6686140273234007,3,0
,,,,,0.6930715727519785,3,1
synthetic_product,0.5,0.5,0.5,100.0,0.4715779376151512,2,0
,,,,,0.7437396914287622,4,1
,,,,,0.9419617333795064,4,1
,,,,,0.7803064901744475,3,0
,,,,,0.6784069532332356,4,1
,,,,,0.5904747697309831,3,1
,,,,,0.79305272558683,4,0
,,,,,0.9761585699476698,3,0
synthetic_product,0.5,0.5,0.5,100.0,0.3882160786855776,1,0
,,,,,0.4527528900214289,3,0
,,,,,0.5461041454852167,3,0
,,,,,1.0339960879110537,4,1
,,,,,1.0442927058454827,3,0
,,,,,0.425733752991446,3,0
,,,,,0.7538645497834566,3,0
,,,,,0.6611247275212817,3,1
,,,,,0.6905067251729028,3,0
,,,,,0.2706026265209302,3,1
,,,,,0.6659033311040712,4,1
,,,,,0.3884744497171932,3,0
,,,,,0.6208829655037951,3,0
,,,,,0.4520574629135558,3,0
,,,,,0.7827166790554434,3,0
,,,,,0.8517860658312257,3,1
,,,,,0.3767734374373723,3,0
,,,,,0.3131057548406561,4,0
,,,,,0.4756245611599924,3,1
,,,,,0.3763612001701072,3,1
,,,,,0.4285722504602729,3,0
,,,,,0.6962568784835879,3,0
,,,,,0.4226973915981197,4,1
,,,,,0.608479274085218,3,1
,,,,,1.0804848658993875,3,0
,,,,,0.7543104813474619,3,1
,,,,,0.7237926716204065,4,1
,,,,,0.9069999506014388,4,0
,,,,,0.4442310139018677,3,0
,,,,,0.6324765194559591,3,1
,,,,,0.6133972002756164,4,0
,,,,,0.4239922738882151,3,1
synthetic_product,0.5,0.5,0.5,100.0,0.12587196659901978,1,1
,,,,,0.3682512092135139,3,1
,,,,,0.8738542169855151,3,0
,,,,,0.5907566703989691,3,0
synthetic_product,0.5,0.5,0.5,100.0,0.1260955083127231,1,1
synthetic_product,0.5,0.5,0.5,100.0,0.4362060367071406,1,1
,,,,,1.2487018557931702,4,1
synthetic_product,0.5,0.5,0.5,100.0,1.0108498596010758,2,0
synthetic_product,0.5,0.5,0.5,100.0,0.9502814819949833,3,0
synthetic_product,0.5,0.5,0.5,100.0,0.206328028461232,1,1
,,,,,0.5202411454430154,3,0
synthetic_product,0.5,0.5,0.5,100.0,0.16084961200546277,1,1
synthetic_product,0.5,0.5,0.5,100.0,0.4896211143085821,3,1
synthetic_product,0.5,0.5,0.5,100.0,0.536902489752055,2,0
synthetic_product,0.5,0.5,0.5,100.0,0.635374958392309,2,1
,,,,,0.7334921355336931,3,1
synthetic_product,0.5,0.5,0.5,100.0,0.8578317317334021,1,0
synthetic_product,0.5,0.5,0.5,100.0,0.7430017708904294,3,0
,,,,,0.5316552786589025,3,1
,,,,,0.6710735271455132,4,1
,,,,,0.4240187643113801,3,0
,,,,,0.8104025855504848,3,1
,,,,,0.2361315415742043,4,1
,,,,,1.0712108943263152,4,1
,,,,,0.5358411003432655,3,0
,,,,,1.071169797248836,4,0
synthetic_product,0.5,0.5,0.5,100.0,0.5373139894103762,1,0
,,,,,0.7364959132191236,3,1
,,,,,0.5489679713016447,4,0
,,,,,0.8400554044160794,4,0
,,,,,0.5687445026077322,3,0
synthetic_product,0.5,0.5,0.5,100.0,0.5284868780711834,1,1
synthetic_product,0.5,0.5,0.5,100.0,0.6941698659724168,2,0
synthetic_product,0.5,0.5,0.5,100.0,0.6422657902329155,1,1
,,,,,0.951912585348306,3,0
,,,,,0.4591992161499597,3,0
,,,,,0.493792451562257,4,0
,,,,,0.6399418339880664,4,1
synthetic_product,0.5,0.5,0.5,100.0,0.08495767102746903,1,0
,,,,,0.8708028138367747,3,0
synthetic_product,0.5,0.5,0.5,100.0,0.45615955537083175,1,1
,,,,,0.6242238851772175,3,0
,,,,,0.5210145100238428,4,1
,,,,,0.6030576053371697,3,1
,,,,,0.7984229310699794,4,0
,,,,,1.0126367005422716,4,1
synthetic_product,0.5,0.5,0.5,100.0,0.3300068641838648,3,1
,,,,,0.5406990971956198,3,0
,,,,,0.288910831041381,3,1
,,,,,0.4675168675764105,3,1
,,,,,0.4111946305621287,3,1
,,,,,0.9956510918147724,3,0
,,,,,1.005607460401119,4,1
,,,,,0.341157695011657,3,1
,,,,,0.7762829440212438,3,1
,,,,,0.7492059343254444,3,1
,,,,,0.6405954937405914,3,1
,,,,,0.7858272596672652,3,0
,,,,,0.8149730788632785,3,0
,,,,,0.6335877297224524,4,1
,,,,,0.4490722925911489,3,0
,,,,,0.7034679437471191,3,0
,,,,,0.9020311918035284,3,0
,,,,,0.4112422688319439,4,1
,,,,,0.3220114310868205,3,1
,,,,,0.3229612581720543,3,1
,,,,,0.6537194528894315,3,0
,,,,,0.8464212263589379,3,1
,,,,,0.6234753834646805,4,1
,,,,,0.8738751531216414,3,0
,,,,,0.552827967915007,4,1
,,,,,1.0428868329050538,3,0
,,,,,0.7444116197900547,3,1
,,,,,1.0671161340979574,3,0
,,,,,0.8192902931640581,4,0
,,,,,0.7281482229690598,3,0
,,,,,0.5834561634985741,4,1
synthetic_product,0.5,0.5,0.5,100.0,0.8833095929559238,2,1
,,,,,0.1428563270907676,3,1
synthetic_product,0.5,0.5,0.5,100.0,0.4821721787701492,3,0
,,,,,0.922738696043674,4,1
synthetic_product,0.5,0.5,0.5,100.0,0.6322575840632413,3,0
synthetic_product,0.5,0.5,0.5,100.0,0.8618463432974672,2,1
,,,,,0.6640342413785073,3,1
,,,,,0.3254665214497353,3,0
synthetic_product,0.5,0.5,0.5,100.0,0.5435285741191039,2,1
,,,,,0.4866332155320095,4,0
synthetic_product,0.5,0.5,0.5,100.0,0.25387479119527706,1,1
,,,,,0.8576306720251621,3,0
,,,,,0.8344827859954445,3,1
synthetic_product,0.5,0.5,0.5,100.0,0.3106998125038292,2,0
,,,,,0.8323516709706528,3,1
,,,,,0.7767339294915925,3,0
synthetic_product,0.5,0.5,0.5,100.0,0.40868777728834854,2,1
,,,,,0.3858827016013948,3,0
,,,,,0.3887259824321206,3,0
,,,,,0.6691197037468541,4,0
,,,,,0.8889277936218964,3,1
,,,,,0.7257684548000214,3,1
synthetic_product,0.5,0.5,0.5,100.0,0.8321479181539031,2,0
,,,,,0.9876007286900524,3,1
,,,,,1.0960327202072842,4,0
synthetic_product,0.5,0.5,0.5,100.0,0.978323424866252,2,0
,,,,,0.9226746678238876,3,1
synthetic_product,0.5,0.5,0.5,100.0,0.5198396883033245,2,1
,,,,,0.7688577928429248,3,0
,,,,,0.5872653416534432,3,0
synthetic_product,0.5,0.5,0.5,100.0,0.5450562617068169,1,0
,,,,,0.4008755320048078,3,0
,,,,,0.9149410771273756,3,0
synthetic_product,0.5,0.5,0.5,100.0,1.0964631270033671,3,0
,,,,,0.8498215163128721,3,0
,,,,,0.6587994965466881,4,0
,,,,,0.7982711723746303,3,0
,,,,,1.0468146921120616,4,1
,,,,,0.9006615290495581,3,0
,,,,,0.4027006364871515,4,1
,,,,,0.3237203771871913,3,0
,,,,,0.5527499599244343,3,1
,,,,,0.7522414290924146,3,1
synthetic_product,0.5,0.5,0.5,100.0,0.5678837734023413,2,1
synthetic_product,0.5,0.5,0.5,100.0,0.9940694394390952,1,0
,,,,,0.6743969654861338,3,1
synthetic_product,0.5,0.5,0.5,100.0,0.4436283556745713,2,0
synthetic_product,0.5,0.5,0.5,100.0,0.17177351588795542,1,1
,,,,,0.4908419811707117,3,0
,,,,,0.3928633066214924,3,0
synthetic_product,0.5,0.5,0.5,100.0,0.652542924969353,2,0
synthetic_product,0.5,0.5,0.5,100.0,0.28190934467555745,2,1
,,,,,1.1604630333102524,4,1
,,,,,0.873041517079177,4,1
,,,,,0.2183901395841655,3,1
,,,,,0.8468886217932927,4,1
,,,,,1.0366559485607956,3,0
,,,,,0.9856637790665084,3,0
,,,,,0.6243216098855258,4,0
,,,,,0.9885179829594052,4,0
,,,,,1.0109731526340966,4,1
,,,,,0.5557063953167962,3,1
,,,,,1.0878708580846983,3,1
,,,,,0.7555226361249445,3,1
,,,,,0.4746989576976917,4,1
,,,,,0.7088044701213575,4,0
,,,,,1.1109682253282982,3,0
,,,,,0.3839433875024301,3,1
,,,,,0.8881401776296995,3,0
,,,,,0.747694157724034,4,1
,,,,,0.9098682304228136,3,0
,,,,,0.4153372181163651,4,1
,,,,,0.9497817655602444,4,0
,,,,,0.5394206103326024,3,1
,,,,,0.9142036218565054,3,0
,,,,,0.3838247747311082,3,0
,,,,,1.035939884687698,3,0
,,,,,0.9631058326260896,3,1
,,,,,0.8670058592021196,3,1
,,,,,0.3238203657271181,3,1
synthetic_product,0.5,0.5,0.5,100.0,0.47585150859493286,1,1
synthetic_product,0.5,0.5,0.5,100.0,0.7727224489072538,2,1
,,,,,0.6792275940648203,4,1
,,,,,0.4815548077375542,3,0
synthetic_product,0.5,0.5,0.5,100.0,0.7883787559630147,2,0
synthetic_product,0.5,0.5,0.5,100.0,0.38375863831835416,2,1
,,,,,0.4834255953554931,3,1
synthetic_product,0.5,0.5,0.5,100.0,0.4482053910452092,2,1
,,,,,0.7300741198287488,3,0
,,,,,0.4104276573233492,3,1
synthetic_product,0.5,0.5,0.5,100.0,0.588429786609278,2,1
,,,,,0.7081225179179177,3,0
synthetic_product,0.5,0.5,0.5,100.0,0.45468922726283006,2,1
synthetic_product,0.5,0.5,0.5,100.0,0.8711972464633498,2,0
synthetic_product,0.5,0.5,0.5,100.0,0.37280445877617985,3,1
synthetic_product,0.5,0.5,0.5,100.0,0.9810643543579657,3,0
,,,,,0.5264650705741607,3,1
synthetic_product,0.5,0.5,0.5,100.0,0.5402085736213819,1,1
,,,,,0.5815854044677224,3,1
,,,,,1.1981459268059962,3,0
,,,,,0.9506085767875974,4,1
,,,,,0.5520575346233149,3,0
synthetic_product,0.5,0.5,0.5,100.0,0.7302131089066701,1,1
synthetic_product,0.5,0.5,0.5,100.0,1.0592926108413026,3,1
,,,,,1.040652804298659,3,0
,,,,,0.3683019576339446,3,0
synthetic_product,0.5,0.5,0.5,100.0,0.9904856159339092,3,1
,,,,,0.3752536611630271,3,1
,,,,,0.6481047745344081,4,1
,,,,,0.4394680044324838,3,1
,,,,,1.188406590396888,4,0
synthetic_product,0.5,0.5,0.5,100.0,1.067627113417307,2,0
,,,,,0.8552559969159951,3,1
,,,,,1.018224276823942,3,0
,,,,,0.5585611307900443,3,1
,,,,,0.7382910919837049,3,0
,,,,,0.5795177883328295,3,0
synthetic_product,0.5,0.5,0.5,100.0,0.8632760486906892,2,0
synthetic_product,0.5,0.5,0.5,100.0,0.39108317752768856,3,1
synthetic_product,0.5,0.5,0.5,100.0,0.48408291184500446,3,1
synthetic_product,0.5,0.5,0.5,100.0,0.7131688714905811,1,1
,,,,,0.5927034320257419,3,1
,,,,,0.7475380389268165,4,0
,,,,,0.5004098379532086,3,1
,,,,,1.066765337720838,4,0
,,,,,0.7091107724603968,4,1
,,,,,0.7527992963295024,3,1
,,,,,0.7833366249979727,4,0
,,,,,0.6663688940155887,3,0
,,,,,0.6981820267572366,4,1
,,,,,0.982816113742,3,1
,,,,,0.7876644196925546,4,1
,,,,,0.6491858723310724,3,0
,,,,,0.6462913405747672,3,1
,,,,,0.7668841433799222,3,0
,,,,,0.8857488730339971,4,1
,,,,,1.1619996707232254,3,1
,,,,,0.6859537842343318,4,0
,,,,,0.8544472441112587,3,0
,,,,,0.4179154782873633,3,1
,,,,,1.2667164276767986,4,0
,,,,,0.4885088171547533,4,0
,,,,,0.4064633812579002,4,0
,,,,,1.0776157134112645,3,1
,,,,,0.6723896143034948,3,1
,,,,,0.3683323369639152,4,1
,,,,,0.6341846917730376,3,1
,,,,,0.8811782662846643,4,1
,,,,,0.6236448857218357,4,0
,,,,,0.816321577067278,3,1
,,,,,0.2505475183354416,3,1
,,,,,0.4344665840802292,3,0
,,,,,0.744594699351659,3,1
,,,,,0.4889865809947747,3,1
,,,,,0.805940704571113,3,1
,,,,,0.3664669546686337,4,1
,,,,,0.8186526111139788,4,1
,,,,,0.3043441487501527,3,0
,,,,,0.4170588154019388,3,1
,,,,,0.5784538410213891,3,1
,,,,,1.0295257852961306,3,0
,,,,,0.5283970784485174,4,0
synthetic_product,0.5,0.5,0.5,100.0,0.6450875773081715,1,1
,,,,,0.5924094149140211,4,1
,,,,,0.669334209596907,3,1
synthetic_product,0.5,0.5,0.5,100.0,0.721456719699648,1,0
synthetic_product,0.5,0.5,0.5,100.0,0.8947589891017146,2,0
,,,,,0.9117259959097204,4,0
synthetic_product,0.5,0.5,0.5,100.0,0.8533600205616685,2,0
,,,,,0.3239228394442452,3,1
,,,,,0.9714912715887718,3,0
,,,,,0.8486582508452306,3,0
,,,,,0.7215723112261614,4,1
synthetic_product,0.5,0.5,0.5,100.0,0.85171550659917,3,0
,,,,,0.8001869150712175,3,1
,,,,,0.7622240492106617,3,0
synthetic_product,0.5,0.5,0.5,100.0,0.6019910917989731,1,1
,,,,,0.6031023727134293,3,1
,,,,,0.4701114216603987,3,1
,,,,,0.4438076848378334,3,1
synthetic_product,0.5,0.5,0.5,100.0,0.654862591740948,3,0
,,,,,0.643509104744276,3,0
synthetic_product,0.5,0.5,0.5,100.0,0.8118875128702581,2,0
,,,,,0.8937860165235848,4,1
,,,,,0.587489436957296,4,0
,,,,,0.5959233803873605,3,0
,,,,,0.7236032186215526,3,0
synthetic_product,0.5,0.5,0.5,100.0,0.317923309122005,1,1
synthetic_product,0.5,0.5,0.5,100.0,0.7675824023349467,1,0
,,,,,0.7717838302176504,4,1
,,,,,0.6598192136191483,3,1
,,,,,0.728667241015928,3,1
,,,,,0.5131303486721812,3,1
synthetic_product,0.5,0.5,0.5,100.0,0.2665222821438285,3,1
synthetic_product,0.5,0.5,0.5,100.0,0.4248884360703673,1,0
,,,,,0.5604663218307209,3,1
synthetic_product,0.5,0.5,0.5,100.0,0.49436733819599255,2,1
,,,,,0.6826422219764134,4,0
synthetic_product,0.5,0.5,0.5,100.0,0.9535328679073173,2,1
,,,,,0.5470997263827652,3,0
synthetic_product,0.5,0.5,0.5,100.0,0.5354211187254125,3,0
,,,,,0.7135850778592666,3,0
,,,,,0.500201202011413,4,0
,,,,,0.8111712903655638,3,0
synthetic_product,0.5,0.5,0.5,100.0,0.5273163034119523,2,0
,,,,,0.8765583619325799,3,1
,,,,,0.4983225679423927,4,1
,,,,,0.249793922091906,3,1
,,,,,0.6817060062123942,3,1
,,,,,0.8179858994561109,3,0
synthetic_product,0.5,0.5,0.5,100.0,0.7407424174998045,2,0
,,,,,0.4544709891790083,3,0
,,,,,0.3677844282466264,3,1
,,,,,0.6401414534756243,3,1
,,,,,0.6936823938482934,4,1
,,,,,0.802789514979247,4,0
,,,,,0.833213904859877,3,1
,,,,,1.0399461893105493,4,0
,,,,,0.4694315219122596,3,1
,,,,,0.5570600759632471,3,0
,,,,,1.0603014097136696,4,0
,,,,,0.7066872198900348,3,1
,,,,,0.5214100181919589,4,0
,,,,,0.6904163934880602,4,1
,,,,,0.6285040505056322,3,0
,,,,,0.4742985514692106,4,0
,,,,,0.6411358672346358,3,1
,,,,,0.9796717220291352,3,0
,,,,,0.8384280330300214,3,1
,,,,,0.4381651283104206,4,1
,,,,,0.5910119424776942,4,1
,,,,,1.031489270843981,3,0
,,,,,1.025985341467291,3,1
,,,,,0.5700931310660455,4,1
,,,,,0.5811507658385764,3,1
,,,,,0.4096565573217767,3,1
,,,,,0.6939646021552964,3,1
,,,,,1.0425886527005512,3,0
,,,,,0.4102113152177212,3,0
synthetic_product,0.5,0.5,0.5,100.0,0.22487980678952085,3,1
,,,,,0.7682606942669098,3,1
synthetic_product,0.5,0.5,0.5,100.0,0.6810756520444625,1,0
,,,,,0.841300234888111,4,0
,,,,,0.6713399941648939,3,1
,,,,,0.4140541417006365,4,1
,,,,,0.6886254011170388,4,1
,,,,,0.7645461015644505,3,0
synthetic_product,0.5,0.5,0.5,100.0,0.5513091947431791,2,1
synthetic_product,0.5,0.5,0.5,100.0,1.0770543977820022,2,0
,,,,,0.4495627120409499,3,1
,,,,,0.7150750308098759,4,1
,,,,,0.830124905627305,4,0
,,,,,0.9077355170995778,3,1
synthetic_product,0.5,0.5,0.5,100.0,1.1043893927636546,2,1
synthetic_product,0.5,0.5,0.5,100.0,0.5385192675100932,1,0
synthetic_product,0.5,0.5,0.5,100.0,0.6895423338480503,1,0
synthetic_product,0.5,0.5,0.5,100.0,1.034588772063895,3,1
synthetic_product,0.5,0.5,0.5,100.0,0.876064286503643,1,0
synthetic_product,0.5,0.5,0.5,100.0,0.3435952317018701,1,1
,,,,,0.7095342178971056,3,1
synthetic_product,0.5,0.5,0.5,100.0,1.0168932241633866,2,0
synthetic_product,0.5,0.5,0.5,100.0,0.6429380593762408,1,0
,,,,,1.1206324765312308,3,1
,,,,,1.0789383076946168,3,1
synthetic_product,0.5,0.5,0.5,100.0,0.9301341420403373,3,1
synthetic_product,0.5,0.5,0.5,100.0,1.074321448693496,3,1
,,,,,0.2663900193952011,3,1
,,,,,0.6950814400391113,3,1
synthetic_product,0.5,0.5,0.5,100.0,0.8754456679514371,3,0
synthetic_product,0.5,0.5,0.5,100.0,0.4164103002486099,1,1
synthetic_product,0.5,0.5,0.5,100.0,0.5077550659442543,3,1
,,,,,0.6315711193837893,4,0
,,,,,0.8961947088526251,4,0
,,,,,0.923136141144678,4,1
synthetic_product,0.5,0.5,0.5,100.0,0.3462989362603894,1,1
synthetic_product,0.5,0.5,0.5,100.0,0.3137581261470977,2,1
synthetic_product,0.5,0.5,0.5,100.0,0.3263401088865241,2,1
,,,,,0.2454889062209263,3,0
synthetic_product,0.5,0.5,0.5,100.0,0.7159495446499474,2,0
,,,,,0.3230449269443649,4,0
,,,,,0.3728928693652934,3,1
synthetic_product,0.5,0.5,0.5,100.0,0.5766249438442976,2,1
synthetic_product,0.5,0.5,0.5,100.0,0.5789343623744184,2,1
,,,,,0.9331824745333276,4,1
,,,,,0.8164277068994694,3,0
,,,,,0.3683473580864242,3,1
,,,,,1.0242741710678682,3,0
,,,,,0.6802178973676823,4,0
,,,,,0.3891776743282653,3,1
,,,,,0.4769487885905923,4,1
,,,,,0.6766372631048367,3,1
,,,,,0.3536837751855204,3,1
,,,,,0.3205660195765867,4,1
,,,,,0.3969418069085508,3,1
,,,,,0.9407478619549218,4,1
,,,,,0.6888363346212315,3,1
,,,,,0.8525233387603999,3,1
,,,,,0.8653583390184131,3,1
,,,,,0.9247390497291582,4,0
,,,,,0.7266517440613238,3,1
,,,,,1.1707124255887642,4,0
,,,,,0.3210879886867276,4,1
,,,,,1.015386380460663,4,0
,,,,,0.2804754383293796,3,1
,,,,,0.3659291025853464,3,1
,,,,,0.8131489253185884,4,0
,,,,,0.564840530910376,3,1
,,,,,1.103421856044858,3,0
,,,,,0.9173331318322004,4,0
,,,,,0.3681707504928577,3,1
,,,,,0.9958680990883086,3,0
,,,,,0.3511411090056465,3,1
,,,,,0.6454142883038728,4,1
,,,,,0.6487202023698021,3,0
,,,,,0.6107629439800384,4,1
,,,,,0.7749136547624818,3,1
,,,,,0.8223173114496237,4,0
,,,,,0.4303509982537084,4,1
synthetic_product,0.5,0.5,0.5,100.0,0.9292997773699246,3,0
synthetic_product,0.5,0.5,0.5,100.0,0.9956820564954914,1,0
synthetic_product,0.5,0.5,0.5,100.0,0.6925014224733895,1,1
synthetic_product,0.5,0.5,0.5,100.0,1.145757677091292,3,1
,,,,,0.5569029757039081,3,1
,,,,,0.8712534512305948,3,0
synthetic_product,0.5,0.5,0.5,100.0,0.6687667658489346,1,0
,,,,,0.7490633902491624,3,0
,,,,,0.7381438760478763,3,1
synthetic_product,0.5,0.5,0.5,100.0,0.6451345508741689,3,1
synthetic_product,0.5,0.5,0.5,100.0,0.6117436365751663,2,0
,,,,,0.6969763115770957,4,0
,,,,,0.2236605042555136,3,1
synthetic_product,0.5,0.5,0.5,100.0,1.0537658888935122,2,0
synthetic_product,0.5,0.5,0.5,100.0,0.7200371197525733,3,0
,,,,,0.8128540959066861,3,1
synthetic_product,0.5,0.5,0.5,100.0,0.9553353559236198,1,1
,,,,,0.3921092813212555,3,0
,,,,,0.5633411053462098,3,0
,,,,,1.062387456305478,3,0
synthetic_product,0.5,0.5,0.5,100.0,0.1419696741597949,1,1
,,,,,0.5532208826421092,3,0
synthetic_product,0.5,0.5,0.5,100.0,0.42259055716994576,2,1
,,,,,0.9719606674975224,3,0
,,,,,0.3485515390443715,4,0
,,,,,0.464924330649595,4,1
,,,,,1.0274706236181386,4,0
synthetic_product,0.5,0.5,0.5,100.0,0.12194595894101665,2,1
synthetic_product,0.5,0.5,0.5,100.0,0.9786999812677388,2,0
synthetic_product,0.5,0.5,0.5,100.0,1.0498411040986335,2,1
,,,,,0.4121976738236502,3,1
,,,,,0.2705675761121482,3,1
synthetic_product,0.5,0.5,0.5,100.0,0.7501531036586925,2,0
synthetic_product,0.5,0.5,0.5,100.0,0.49376641547965167,3,0
,,,,,0.9136678874141344,4,1
,,,,,0.8240247190629459,4,0
synthetic_product,0.5,0.5,0.5,100.0,0.503962761983454,2,1
synthetic_product,0.5,0.5,0.5,100.0,0.6700855295354551,2,0
,,,,,1.0008543240355436,3,1
synthetic_product,0.5,0.5,0.5,100.0,0.16840054998917606,1,1
synthetic_product,0.5,0.5,0.5,100.0,0.6586524648514906,2,1
,,,,,0.8028402964886918,3,0
,,,,,1.139103057946405,4,0
,,,,,0.3586180700715999,3,1
,,,,,0.8983259962165692,3,1
,,,,,0.6462387455672827,3,1
,,,,,0.9586153466905728,4,1
,,,,,0.7153020912895407,4,1
,,,,,0.8171785822504117,4,0
,,,,,0.8452122461017125,3,0
,,,,,0.4657748753406192,4,1
,,,,,0.3608195386468217,3,1
,,,,,0.8568144780632019,3,0
,,,,,0.9959857907252864,4,1
,,,,,0.6030639126842168,4,1
,,,,,0.7285894963810241,3,0
,,,,,1.009372933648548,3,1
,,,,,1.1374780476442117,3,0
,,,,,0.720581049631702,3,1
,,,,,0.4978847413923122,3,1
,,,,,0.8793226967147044,4,1
,,,,,0.4596274932751728,3,1
,,,,,0.5937647374082906,3,0
,,,,,0.8409322599193564,4,1
,,,,,0.2123083896025823,3,1
,,,,,0.5273799149658995,4,1
,,,,,0.7961907701643036,3,0
,,,,,0.5301826772172663,3,0
,,,,,0.6478700734859391,3,1
,,,,,0.5822068555846168,4,1
,,,,,0.5813909160964522,3,1
,,,,,0.6999431699777928,4,1
,,,,,0.2496771969395513,4,0
,,,,,0.9372012499633228,3,1
,,,,,0.7406400919289138,3,0
,,,,,0.5948932909678956,3,1
,,,,,0.2867056021783778,4,1
synthetic_product,0.5,0.5,0.5,100.0,0.8607966453252776,2,0
synthetic_product,0.5,0.5,0.5,100.0,0.986326354854062,3,0
,,,,,0.6289274231837862,4,1
,,,,,0.8259038925852141,3,0
synthetic_product,0.5,0.5,0.5,100.0,0.5811800552150773,1,1
synthetic_product,0.5,0.5,0.5,100.0,0.8580993416707076,1,0
,,,,,0.6209726309409815,3,0
,,,,,0.7321675521218192,3,0
synthetic_product,0.5,0.5,0.5,100.0,0.45214716481604217,3,1
,,,,,0.5465368190644774,4,0
synthetic_product,0.5,0.5,0.5,100.0,0.6138390546125412,1,0
synthetic_product,0.5,0.5,0.5,100.0,0.6685360450710606,2,0
,,,,,0.7137261817090655,3,0
synthetic_product,0.5,0.5,0.5,100.0,0.8303365616539495,3,1
,,,,,0.5214033151835626,4,0
,,,,,0.5521094286230708,3,0
synthetic_product,0.5,0.5,0.5,100.0,0.591506325315165,2,0
,,,,,0.8909174337058874,4,1
synthetic_product,0.5,0.5,0.5,100.0,0.6840813112706521,1,1
synthetic_product,0.5,0.5,0.5,100.0,1.0476837105816201,3,0
,,,,,0.267284345884045,3,1
,,,,,0.9107830585736386,3,1
synthetic_product,0.5,0.5,0.5,100.0,0.9550093795581778,2,0
,,,,,0.6789952402751729,3,0
,,,,,0.7898848821199541,4,1
synthetic_product,0.5,0.5,0.5,100.0,0.7928669293267754,2,1
,,,,,0.841987152394763,3,1
,,,,,0.7360524685709797,3,1
synthetic_product,0.5,0.5,0.5,100.0,0.4681734334989772,3,1
,,,,,0.992577428273739,4,1
,,,,,1.1906093951220815,4,1
synthetic_product,0.5,0.5,0.5,100.0,0.9117877681480945,2,1
synthetic_product,0.5,0.5,0.5,100.0,0.9158656176631754,1,0
synthetic_product,0.5,0.5,0.5,100.0,0.25425296788194396,1,1
synthetic_product,0.5,0.5,0.5,100.0,0.7613453802105264,3,1
,,,,,0.6766430094988563,3,1
,,,,,0.6501746707767652,3,1
synthetic_product,0.5,0.5,0.5,100.0,0.8829195209366472,2,1
,,,,,0.5229717114597204,3,0
,,,,,0.5713622351755865,3,0
,,,,,0.334685019563861,3,1
,,,,,0.4356803510073395,4,0
synthetic_product,0.5,0.5,0.5,100.0,0.9438130195645579,2,0
,,,,,0.5900731913249526,4,0
,,,,,0.5319086211784682,3,1
,,,,,0.7135200964779632,3,0
synthetic_product,0.5,0.5,0.5,100.0,0.44236796723624566,1,1
,,,,,0.4586412508626651,3,1
,,,,,0.601169402011392,3,1
,,,,,0.689892404793126,3,1
synthetic_product,0.5,0.5,0.5,100.0,0.34782048609783967,2,1
,,,,,0.5637130642296169,3,1
,,,,,0.8776098094454859,3,0
,,,,,0.7754354332912308,4,0
,,,,,0.7158766172165769,3,0
,,,,,0.2672483290876047,4,1
synthetic_product,0.5,0.5,0.5,100.0,0.7559513620664945,2,1
,,,,,0.4901374249689101,3,0
,,,,,0.6567236522021056,4,1
,,,,,0.3384748693908063,4,1
,,,,,0.3049763737248601,4,0
,,,,,1.003126283562147,4,0
,,,,,1.059702012896608,3,1
,,,,,0.7692258487427162,3,0
,,,,,1.1161992296823966,3,0
,,,,,0.8560285437329078,4,0
,,,,,0.7898832558530479,3,0
,,,,,0.8861619066304672,3,1
,,,,,0.8384630688200336,4,1
,,,,,0.7583887163299206,3,0
,,,,,0.9631584287980716,4,1
,,,,,0.5364006332534008,3,0
,,,,,0.3688432974470639,4,0
,,,,,0.5386689044134487,3,1
,,,,,0.3446668686670792,3,1
,,,,,0.9912999741706614,4,0
,,,,,0.4278764330671639,3,1
,,,,,0.6440390084538592,4,0
synthetic_product,0.5,0.5,0.5,100.0,0.5059808855914657,1,1
synthetic_product,0.5,0.5,0.5,100.0,1.099471250168354,2,1
,,,,,0.5965212745129833,3,1
,,,,,0.4851352086470056,3,1
,,,,,0.75327445027268,3,0
,,,,,0.5810293948697267,3,1
,,,,,0.6275141266314069,4,1
,,,,,0.5541613122444543,3,1
,,,,,0.2626729433202656,3,1
,,,,,0.3300125989972311,3,1
synthetic_product,0.5,0.5,0.5,100.0,0.793483634288008,3,0
,,,,,0.5113370774735542,3,1
,,,,,0.9778040821631468,4,0
,,,,,0.8176117877335114,3,0
,,,,,0.2880245704379919,3,0
,,,,,0.7364627640279873,3,0
synthetic_product,0.5,0.5,0.5,100.0,0.4777709895109597,2,0
,,,,,0.7192966020743149,4,0
,,,,,0.5622736973691261,3,1
,,,,,0.5482695865590266,4,0
,,,,,0.7302420196736662,3,1
,,,,,0.2460082672612907,3,0
,,,,,0.8202451753474268,3,1
,,,,,0.4558506075295388,3,0
,,,,,0.8843858514147046,3,0
synthetic_product,0.5,0.5,0.5,100.0,0.7499652632910683,2,1
,,,,,0.9797079805314328,4,0
,,,,,0.5057172316260161,3,0
,,,,,0.7998174486788318,4,1
,,,,,0.8969037810716897,4,1
,,,,,0.9177797808826534,3,1
,,,,,0.5356594920699903,3,1
synthetic_product,0.5,0.5,0.5,100.0,0.6293336801763096,3,1
synthetic_product,0.5,0.5,0.5,100.0,0.9748216301879562,2,1
,,,,,0.9043310648906776,3,0
,,,,,0.8485393782168978,3,1
,,,,,0.5444412531359404,4,1
synthetic_product,0.5,0.5,0.5,100.0,0.8871555200676288,1,0
,,,,,0.5837690084708701,3,1
synthetic_product,0.5,0.5,0.5,100.0,0.6326029985777041,3,0
,,,,,0.4207035709109065,3,1
,,,,,0.6503427545204793,4,0
,,,,,0.8405435665785391,3,1
synthetic_product,0.5,0.5,0.5,100.0,0.7673653688870914,2,0
,,,,,0.8810463822844714,3,0
synthetic_product,0.5,0.5,0.5,100.0,0.25202382359077496,2,0
synthetic_product,0.5,0.5,0.5,100.0,0.829217288485505,1,1
synthetic_product,0.5,0.5,0.5,100.0,0.4632038702194528,1,1
,,,,,0.7857904248722394,3,0
,,,,,0.6959930607552257,3,0
,,,,,0.5544018891473363,3,1
,,,,,0.7186262924803662,3,1
,,,,,0.723111453185518,3,1
,,,,,0.3356713197753165,4,0
,,,,,0.6065567879692142,4,0
,,,,,1.1104624796647051,3,1
,,,,,0.5877929645166862,3,1
,,,,,0.8114240886063498,4,1
,,,,,0.4563242509673905,3,0
,,,,,0.6772724490958242,3,0
,,,,,0.2158904377149673,3,1
,,,,,0.4399498314930952,3,1
,,,,,0.7797493944454337,4,0
,,,,,1.0634976986243545,4,0
,,,,,0.4309018171974159,3,1
,,,,,0.8507168303680281,3,0
,,,,,0.6545537402381982,3,0
,,,,,0.8576263129395039,4,1
,,,,,0.5221614161012529,3,1
,,,,,0.7691543037023203,3,1
,,,,,0.353194821327485,3,0
,,,,,0.4503940979089674,3,1
,,,,,0.4593601467594316,3,0
,,,,,0.6931161641191256,3,1
,,,,,0.7910539519197767,3,1
,,,,,0.936150753327058,3,1
,,,,,0.4179732179830052,3,1
,,,,,0.4962901396390662,3,1
,,,,,0.7048912309577808,3,1
,,,,,0.6490818338207014,3,0
,,,,,0.6507542182551409,3,0
,,,,,0.5718774880976439,4,1
,,,,,0.6498203567894655,3,1
synthetic_product,0.5,0.5,0.5,100.0,0.8126519441912614,2,1
synthetic_product,0.5,0.5,0.5,100.0,0.6515124988379626,3,1
,,,,,0.9749631444723778,3,1
synthetic_product,0.5,0.5,0.5,100.0,0.46665154787672386,2,0
,,,,,0.6412510326320306,3,1
synthetic_product,0.5,0.5,0.5,100.0,0.7059383775457747,2,0
synthetic_product,0.5,0.5,0.5,100.0,0.32962024560814657,3,1
,,,,,0.5641359896971099,4,1
,,,,,0.8219450006617317,3,1
,,,,,0.2948453006117426,3,0
,,,,,0.9212113226953416,4,1
,,,,,0.7100982440967036,3,0
,,,,,0.3740814227441995,4,1
,,,,,0.2453698320788104,3,1
,,,,,0.6475105059824257,4,0
synthetic_product,0.5,0.5,0.5,100.0,0.4320534841385097,1,1
,,,,,0.712198027598096,3,0
,,,,,0.7633143122779281,3,1
,,,,,0.4404867476352407,3,0
synthetic_product,0.5,0.5,0.5,100.0,0.609470566800561,1,0
,,,,,0.5598311024222029,4,1
,,,,,0.8788338068376089,4,1
synthetic_product,0.5,0.5,0.5,100.0,0.5543662599690257,2,1
,,,,,0.3266238421917899,3,0
,,,,,0.7415922604698606,4,1
,,,,,0.4574389110898325,4,0
,,,,,0.2679574341252014,3,1
,,,,,0.9597572664803362,3,1
,,,,,0.8699282092318659,3,1
synthetic_product,0.5,0.5,0.5,100.0,0.6073756394925875,2,0
,,,,,0.3968046887053412,3,1
,,,,,0.6543600866829875,3,1
,,,,,0.5545613854541231,3,0
synthetic_product,0.5,0.5,0.5,100.0,1.153223815671739,3,0
,,,,,0.3044819206800503,3,0
,,,,,0.5046087667776522,4,1
,,,,,0.7794746192288311,3,0
,,,,,0.4983606817868509,3,1
,,,,,0.4339707890632668,3,0
synthetic_product,0.5,0.5,0.5,100.0,0.2947254161103023,1,1
,,,,,0.5981507494255399,3,0
,,,,,0.9080445171369352,3,0
,,,,,0.5613902796715164,4,0
,,,,,1.123837143700954,3,0
,,,,,0.798449886598483,3,1
,,,,,0.8156718678120086,3,1
,,,,,0.4201772208664055,3,1
synthetic_product,0.5,0.5,0.5,100.0,0.5538750546192871,2,1
synthetic_product,0.5,0.5,0.5,100.0,0.35067316671910354,1,1
,,,,,0.6093079872681877,3,1
synthetic_product,0.5,0.5,0.5,100.0,1.1351260037077455,3,0
,,,,,0.8365227077237647,4,1
synthetic_product,0.5,0.5,0.5,100.0,0.591594055792387,2,1
synthetic_product,0.5,0.5,0.5,100.0,0.25483272976893506,1,1
,,,,,0.7393073397708121,4,0
synthetic_product,0.5,0.5,0.5,100.0,0.6350074775922981,2,1
synthetic_product,0.5,0.5,0.5,100.0,0.4217957875762911,1,0
,,,,,0.6724393904799207,3,1
,,,,,1.0198343127393923,3,0
,,,,,0.1653344138473604,3,1
synthetic_product,0.5,0.5,0.5,100.0,0.38318497276854896,2,1
,,,,,0.4613774831415694,4,1
,,,,,0.5611921720707987,3,0
,,,,,0.882741237987763,3,1
,,,,,0.8772183273862848,4,1
,,,,,0.793940070028518,3,1
,,,,,0.7939863664554647,3,1
,,,,,0.6368831837767871,3,0
,,,,,0.9748603718326814,3,1
,,,,,0.5778120817757789,4,0
,,,,,0.7965424532336063,3,1
,,,,,0.315801361272788,3,1
,,,,,0.7976726250353852,4,1
,,,,,0.5738434096357359,3,0
,,,,,0.4473685644182438,3,1
,,,,,0.6845784843779382,3,0
,,,,,0.8747018921436096,3,1
synthetic_product,0.5,0.5,0.5,100.0,0.8401635227250694,1,0
synthetic_product,0.5,0.5,0.5,100.0,0.4506373803889127,2,1
synthetic_product,0.5,0.5,0.5,100.0,1.019614694768213,2,0
,,,,,0.3517892573589971,4,0
,,,,,1.0038003167059144,3,0
,,,,,0.6750581275622787,3,1
,,,,,1.2129707968023538,4,0
,,,,,0.9610183993576716,3,0
,,,,,1.1124757521405195,3,1
synthetic_product,0.5,0.5,0.5,100.0,0.4241573510199864,3,0
synthetic_product,0.5,0.5,0.5,100.0,0.8773018778260449,2,1
synthetic_product,0.5,0.5,0.5,100.0,0.6065384500997018,1,0
,,,,,0.6629142811821223,3,1
,,,,,0.6779587828211326,4,1
synthetic_product,0.5,0.5,0.5,100.0,0.9626723781038974,3,0
synthetic_product,0.5,0.5,0.5,100.0,0.8089920778295143,2,0
synthetic_product,0.5,0.5,0.5,100.0,0.9332545331206648,1,0
,,,,,0.4312892729387346,4,1
,,,,,0.4876654189866324,4,1
,,,,,0.902661151824847,4,1
,,,,,0.7557579980833762,3,0
,,,,,0.609246209832379,3,0
synthetic_product,0.5,0.5,0.5,100.0,0.640853015328034,2,1
,,,,,0.6619922379540557,3,1
,,,,,0.2894757157956339,3,1
,,,,,0.3351559773056643,3,1
,,,,,1.0016515675270237,4,1
,,,,,0.6658976666089512,3,0
,,,,,0.9293168453797298,4,0
synthetic_product,0.5,0.5,0.5,100.0,0.8342026568197849,2,0
synthetic_product,0.5,0.5,0.5,100.0,0.34132787546925414,3,1
,,,,,0.8936753108134516,3,0
,,,,,0.6345246626496983,3,0
synthetic_product,0.5,0.5,0.5,100.0,0.7797737139870822,3,1
,,,,,1.179340753087721,3,0
synthetic_product,0.5,0.5,0.5,100.0,0.6959565787652646,2,1
synthetic_product,0.5,0.5,0.5,100.0,0.9611807738656605,3,1
,,,,,1.1251487357498982,4,0
synthetic_product,0.5,0.5,0.5,100.0,0.3941747315910724,1,1
,,,,,0.6879905108007437,3,0
,,,,,0.797526175575425,3,0
,,,,,0.7644647721835605,4,0
synthetic_product,0.5,0.5,0.5,100.0,1.0345333042270153,2,0
synthetic_product,0.5,0.5,0.5,100.0,0.7664557302292823,2,1
,,,,,0.841483739009857,3,0
synthetic_product,0.5,0.5,0.5,100.0,0.7728246530152737,2,1
,,,,,0.342524729914267,3,0
,,,,,0.505181919477494,4,0
synthetic_product,0.5,0.5,0.5,100.0,0.6198866778659793,2,1
synthetic_product,0.5,0.5,0.5,100.0,0.720224689672595,1,0
,,,,,1.0223138405702044,3,1
,,,,,0.8896343231856776,4,1
,,,,,0.8960029655356494,3,0
,,,,,0.3290551912630813,3,0
,,,,,0.3324027063483612,4,1
,,,,,0.4311790884520433,3,0
,,,,,0.7596305470537335,3,0
,,,,,0.5903375284426691,4,0
,,,,,0.2769477119460596,3,1
,,,,,0.9164015542754284,3,1
,,,,,0.7688101417427936,3,1
,,,,,0.7858478584819966,3,1
,,,,,0.6801666102544176,3,1
,,,,,0.6655683889185666,4,0
,,,,,0.3300908764017919,3,1
,,,,,0.7930761943114097,3,0
,,,,,0.8804233321438601,3,0
,,,,,0.6250645296224095,4,0
,,,,,0.7390925551571934,3,0
,,,,,0.5880479372818351,3,1
,,,,,0.5319901911536856,3,1
,,,,,1.0119407866451504,3,0
,,,,,0.6957306608183889,3,1
,,,,,0.3645929927400283,3,1
,,,,,0.7246121412385906,3,1
,,,,,0.5994559555539795,3,0
,,,,,0.7384463620221943,4,0
,,,,,0.8903896025041268,4,0
synthetic_product,0.5,0.5,0.5,100.0,0.45041918807629017,1,1
,,,,,0.7164723572663322,4,0
,,,,,0.5005171108973687,3,0
,,,,,0.8954566083814604,4,1
,,,,,0.870010303378202,4,1
,,,,,0.6394271549849811,3,0
,,,,,0.8410801969488467,3,1
,,,,,0.4545385232870353,3,0
synthetic_product,0.5,0.5,0.5,100.0,0.9514124970028816,2,0
,,,,,0.7693334408640597,3,1
synthetic_product,0.5,0.5,0.5,100.0,0.5542062201181661,2,1
synthetic_product,0.5,0.5,0.5,100.0,0.21939891229947944,1,1
,,,,,0.3584921347330307,3,1
synthetic_product,0.5,0.5,0.5,100.0,0.6286055374216888,2,1
,,,,,0.9513990439947662,3,0
,,,,,0.8889067412954785,4,1
,,,,,0.7774686949347079,3,0
,,,,,0.4156373373808594,3,1
synthetic_product,0.5,0.5,0.5,100.0,1.0065959092654582,2,0
synthetic_product,0.5,0.5,0.5,100.0,0.8735102482467121,1,0
,,,,,0.9074103401799692,4,1
,,,,,0.9029378496137332,4,1
,,,,,0.6329283875226486,3,0
,,,,,1.08077383042618,3,0
,,,,,0.5004257798982948,3,1
,,,,,0.4785112247726267,3,1
synthetic_product,0.5,0.5,0.5,100.0,0.8411547808934813,1,0
,,,,,0.65079398121611,3,0
,,,,,0.2288957365083464,3,1
,,,,,0.4794680190353499,4,0
,,,,,0.9036485899237664,3,1
,,,,,0.8979154519724586,3,0
,,,,,0.5525337477366141,4,0
,,,,,0.99210368812611,3,1
synthetic_product,0.5,0.5,0.5,100.0,0.579220237646761,3,1
,,,,,0.4930700775503103,4,0
,,,,,0.2804669956208568,3,0
,,,,,0.7873722866844565,3,1
synthetic_product,0.5,0.5,0.5,100.0,1.1414750638373372,3,0
,,,,,0.3803379252039364,4,0
,,,,,1.0726962004923832,4,0
synthetic_product,0.5,0.5,0.5,100.0,0.5382335804642622,1,1
synthetic_product,0.5,0.5,0.5,100.0,0.5760095037182883,2,1
,,,,,0.8651304256439418,3,0
,,,,,0.5252474421004294,3,1
synthetic_product,0.5,0.5,0.5,100.0,1.147451609160433,3,1
synthetic_product,0.5,0.5,0.5,100.0,0.5714954240027692,2,1
,,,,,0.8699583255499754,3,0
synthetic_product,0.5,0.5,0.5,100.0,0.47284321126168166,2,0
,,,,,0.5260531311819812,3,1
synthetic_product,0.5,0.5,0.5,100.0,0.27341238108937604,2,1
,,,,,0.5215791726096317,3,1
,,,,,0.562069850264262,3,0
synthetic_product,0.5,0.5,0.5,100.0,0.2733511236570378,2,1
synthetic_product,0.5,0.5,0.5,100.0,0.8669375848149428,3,1
,,,,,1.103446710189144,3,0
,,,,,0.5385929126591104,3,1
synthetic_product,0.5,0.5,0.5,100.0,0.6597083293621802,2,1
,,,,,0.9570813468073934,3,0
synthetic_product,0.5,0.5,0.5,100.0,0.562296716102511,3,0
,,,,,0.4919230039381044,3,1
,,,,,0.2709207647332199,4,1
,,,,,0.3295049767785294,3,1
,,,,,0.7702225285254292,3,1
synthetic_product,0.5,0.5,0.5,100.0,0.34238231966841054,3,1
,,,,,0.4811050874787479,3,1
,,,,,0.5555352997616378,3,0
,,,,,0.3978646705911081,3,1
,,,,,0.4034352866108918,3,1
,,,,,0.2613651919081893,3,0
,,,,,0.8162084979038596,4,0
,,,,,0.7507121748232178,3,0
,,,,,0.6425034230595366,4,0
,,,,,0.938413853960582,4,1
,,,,,0.8001534661717253,3,0
,,,,,1.0784386085825106,3,0
,,,,,0.815171563124791,3,0
,,,,,0.3757357078475256,3,1
,,,,,0.2783491463634327,3,1
,,,,,0.6627213073159858,3,1
,,,,,0.963277173278688,4,1
,,,,,0.3490148256190628,3,1
,,,,,0.7091933670402204,3,1
,,,,,1.02743859572737,4,0
synthetic_product,0.5,0.5,0.5,100.0,0.5340960575761923,2,1
,,,,,0.5098161556252191,3,1
synthetic_product,0.5,0.5,0.5,100.0,0.8059334198027984,2,1
,,,,,1.0095664867293874,4,0
,,,,,0.8822217978931592,3,0
,,,,,0.3728029377912571,3,0
,,,,,1.115383151702698,4,1
,,,,,0.5383593797249133,4,0
synthetic_product,0.5,0.5,0.5,100.0,0.34731375659062147,2,1
synthetic_product,0.5,0.5,0.5,100.0,1.0130645429508676,1,0
,,,,,0.8594574315838348,3,1
,,,,,0.3807740462302892,3,1
,,,,,0.7131807581998859,4,0
,,,,,0.8360961200416898,3,0
,,,,,0.8724454290627492,3,0
,,,,,0.945919189824032,4,1
,,,,,1.1208649433249285,4,0
,,,,,0.9034336857700034,3,1
,,,,,1.1225382043898269,4,1
,,,,,0.3583426649836169,3,0
,,,,,0.4984978331615101,3,1
synthetic_product,0.5,0.5,0.5,100.0,0.8634717661048558,3,1
,,,,,0.8640542757161581,3,0
,,,,,1.2275421052066744,4,1
synthetic_product,0.5,0.5,0.5,100.0,0.3634996226276962,1,1
,,,,,0.5837287589704131,4,1
,,,,,0.4736731207772534,3,1
,,,,,0.4488379072844966,4,1
synthetic_product,0.5,0.5,0.5,100.0,0.5161692426949889,3,0
synthetic_product,0.5,0.5,0.5,100.0,1.0864709671999824,2,0
synthetic_product,0.5,0.5,0.5,100.0,1.0863008503451372,1,1
synthetic_product,0.5,0.5,0.5,100.0,0.5435788257709622,1,0
,,,,,0.9787110445057848,4,1
synthetic_product,0.5,0.5,0.5,100.0,0.5487866368266753,2,0
,,,,,0.40394896537316,4,1
synthetic_product,0.5,0.5,0.5,100.0,0.6827302462399806,1,1
synthetic_product,0.5,0.5,0.5,100.0,0.9424380227416029,1,1
synthetic_product,0.5,0.5,0.5,100.0,0.7044340071461423,2,1
,,,,,1.1521285280903328,3,0
,,,,,0.7253419486347004,3,0
,,,,,0.573868725299762,4,0
,,,,,0.9756302961711038,4,1
synthetic_product,0.5,0.5,0.5,100.0,0.5886051603160549,3,1
,,,,,0.391391710648705,3,1
,,,,,0.7243975580156753,3,1
synthetic_product,0.5,0.5,0.5,100.0,0.8382293836462895,2,0
synthetic_product,0.5,0.5,0.5,100.0,0.296598163820954,1,1
,,,,,0.8682454740592536,4,0
synthetic_product,0.5,0.5,0.5,100.0,0.37247883969677326,2,1
,,,,,0.4122743765247558,4,1
,,,,,0.3019676228068733,3,0
,,,,,0.7464692807091503,3,1
synthetic_product,0.5,0.5,0.5,100.0,0.33399854730886963,1,1
synthetic_product,0.5,0.5,0.5,100.0,0.5483597251999087,3,0
,,,,,0.5115528652525689,3,1
synthetic_product,0.5,0.5,0.5,100.0,0.426704321783846,2,0
,,,,,0.732837132001412,4,1
,,,,,0.1865040075966242,3,1
synthetic_product,0.5,0.5,0.5,100.0,1.0645179668954887,1,0
,,,,,0.4187120984682229,3,1
,,,,,0.5826874520169993,4,1
synthetic_product,0.5,0.5,0.5,100.0,0.34297582541361665,1,1
,,,,,1.0743202467735142,4,1
,,,,,0.5926274145918897,3,1
,,,,,0.5859141768970235,3,1
,,,,,0.5689250481108518,3,0
,,,,,0.3199299104405718,4,0
,,,,,0.5465570432077316,3,0
,,,,,0.2182333875566448,3,1
,,,,,0.7603887285598491,4,1
,,,,,1.000052059463149,4,1
,,,,,0.455543335606841,3,0
,,,,,0.4877835471052877,3,1
synthetic_product,0.5,0.5,0.5,100.0,0.24793822915246763,1,1
,,,,,0.357495633885054,3,1
synthetic_product,0.5,0.5,0.5,100.0,0.4824783895703936,3,1
,,,,,0.3971496173363434,3,1
,,,,,0.2683491729607005,4,1
,,,,,0.7332302532206283,3,1
,,,,,0.5174777609369411,4,0
,,,,,0.4532813349516349,3,1
,,,,,0.7627586498845391,3,0
synthetic_product,0.5,0.5,0.5,100.0,1.2015016459878083,3,1
,,,,,0.3161702817020972,3,1
synthetic_product,0.5,0.5,0.5,100.0,0.3596631632620392,3,1
,,,,,1.0089378825220578,4,0
synthetic_product,0.5,0.5,0.5,100.0,0.7689255968902367,2,0
,,,,,0.5470472260023965,3,1
synthetic_product,0.5,0.5,0.5,100.0,0.3337049903996303,2,0
,,,,,0.5291073176907325,4,1
,,,,,0.7197795211465701,3,1
synthetic_product,0.5,0.5,0.5,100.0,0.40036957749830127,1,1
synthetic_product,0.5,0.5,0.5,100.0,0.7062625821472198,1,0
,,,,,1.0305160354770386,4,0
synthetic_product,0.5,0.5,0.5,100.0,0.43584228844702727,1,1
,,,,,0.6942237449630713,3,0
synthetic_product,0.5,0.5,0.5,100.0,1.094795132968473,3,0
,,,,,0.4617941375774229,4,1
,,,,,0.4077274645401006,3,1
synthetic_product,0.5,0.5,0.5,100.0,0.40676415287554624,2,0
,,,,,1.2604678875383564,3,1
synthetic_product,0.5,0.5,0.5,100.0,1.1022091648770203,3,0
,,,,,0.759567027449153,3,0
synthetic_product,0.5,0.5,0.5,100.0,0.3261014746915712,2,1
,,,,,1.0117473879108865,4,0
,,,,,0.924149674880147,3,1
,,,,,0.7208259613964803,3,0
synthetic_product,0.5,0.5,0.5,100.0,0.5290512564383815,3,1
synthetic_product,0.5,0.5,0.5,100.0,0.5114712561419719,2,1
synthetic_product,0.5,0.5,0.5,100.0,0.6479340180303877,2,0
synthetic_product,0.5,0.5,0.5,100.0,0.5319723324901756,3,1
,,,,,0.9148139803126,3,0
synthetic_product,0.5,0.5,0.5,100.0,0.703889016867164,1,0
synthetic_product,0.5,0.5,0.5,100.0,0.8864435683095911,1,0
,,,,,0.7548158057316403,3,1
,,,,,0.6311130352619815,3,1
synthetic_product,0.5,0.5,0.5,100.0,0.7648722312015197,2,0
,,,,,0.5947619918688244,3,1
synthetic_product,0.5,0.5,0.5,100.0,0.29952180047486954,1,1
,,,,,0.3601054706562686,3,1
synthetic_product,0.5,0.5,0.5,100.0,0.6947432872972895,2,0
,,,,,1.0059504309325311,3,1
synthetic_product,0.5,0.5,0.5,100.0,0.7396809497179245,2,0
synthetic_product,0.5,0.5,0.5,100.0,0.6506915083893947,2,1
synthetic_product,0.5,0.5,0.5,100.0,0.27732401313195904,1,1
,,,,,0.5605898117052407,3,0
,,,,,0.9794590464448198,3,0
,,,,,0.607818526900872,3,1
,,,,,1.0886708800334646,4,0
,,,,,0.6335131829447828,3,1
,,,,,0.9864615181227432,3,0
,,,,,0.6614855503224795,4,0
,,,,,1.0507963437576773,3,0
,,,,,0.6371637463653047,3,0
,,,,,0.8145893003927451,4,0
,,,,,0.6779567960815693,3,0
,,,,,0.8085100171671046,3,1
,,,,,1.0032597917220365,4,0
,,,,,0.2989939074741302,4,1
,,,,,0.9924823793677172,3,0
,,,,,0.9749006173148372,4,0
,,,,,0.6637923776726766,3,1
,,,,,0.8171492097647841,3,0
,,,,,1.2123539955607616,4,0
,,,,,0.871111916312283,4,0
,,,,,0.4597038759340621,3,1
,,,,,0.3213962279333003,3,1
,,,,,0.6650647026670143,3,1
,,,,,0.6442969969039881,3,0
,,,,,1.014388419015409,4,0
synthetic_product,0.5,0.5,0.5,100.0,0.3940718064783196,3,0
,,,,,0.571638401609059,4,0
synthetic_product,0.5,0.5,0.5,100.0,0.7539670420332173,3,1
,,,,,0.502169054921566,3,1
,,,,,0.5455114443998684,3,1
,,,,,0.4862706651138438,3,1
synthetic_product,0.5,0.5,0.5,100.0,0.12759766295454328,1,1
synthetic_product,0.5,0.5,0.5,100.0,0.7913048049571562,1,1
,,,,,0.5490566979942517,3,0
synthetic_product,0.5,0.5,0.5,100.0,0.6070370085514561,2,1
,,,,,0.3266063189077767,3,1
,,,,,0.4825630400140866,4,1
,,,,,0.810045639399397,3,1
,,,,,0.6964566096029733,4,1
,,,,,0.9041861156775736,4,0
,,,,,0.7610672037379558,4,1
,,,,,0.97356830846802,3,0
,,,,,0.4058561849154345,3,1
,,,,,0.3813826404578146,3,1
synthetic_product,0.5,0.5,0.5,100.0,0.9858271867661489,2,1
,,,,,0.6220703855869782,3,0
,,,,,0.2892586934838993,3,1
synthetic_product,0.5,0.5,0.5,100.0,0.7766862004107024,1,0
,,,,,0.526532881576938,3,1
,,,,,0.467379592774207,3,1
,,,,,0.8856239458961238,4,0
,,,,,0.5872403919763092,4,1
,,,,,0.4129067110547021,3,1
,,,,,0.5099919423542768,3,1
,,,,,0.5933336981637326,3,0
,,,,,0.7398950547444699,4,1
synthetic_product,0.5,0.5,0.5,100.0,0.5321374605938066,2,1
synthetic_product,0.5,0.5,0.5,100.0,0.3530877045497052,2,1
synthetic_product,0.5,0.5,0.5,100.0,0.4862108077863156,1,0
,,,,,1.01737895286193,4,1
,,,,,0.503178735887407,4,0
,,,,,0.5912237813535843,4,1
,,,,,0.4849233779971475,3,1
,,,,,1.1105039521500837,3,1
,,,,,0.4770935534402711,3,1
,,,,,0.957089496857269,3,0
synthetic_product,0.5,0.5,0.5,100.0,0.8146695413854481,3,1
,,,,,0.5148448421882182,3,0
,,,,,0.5542424105080199,3,1
synthetic_product,0.5,0.5,0.5,100.0,0.5758178112163769,2,1
,,,,,0.326036434353797,3,1
synthetic_product,0.5,0.5,0.5,100.0,0.9693611211018749,1,0
synthetic_product,0.5,0.5,0.5,100.0,0.8986296820791168,2,0
,,,,,1.005430566672905,3,0
,,,,,0.8680335185047675,3,0
,,,,,0.3338785429796859,3,0
,,,,,1.092897467970565,4,1
,,,,,0.8528447068306194,3,0
,,,,,0.5810157003755627,3,1
synthetic_product,0.5,0.5,0.5,100.0,0.8752100574344337,2,0
,,,,,0.4801557472081507,4,0
,,,,,0.9460700158721262,3,0
,,,,,1.026242725234976,3,0
,,,,,0.4733421540010161,3,1
,,,,,0.6093970629872127,3,1
,,,,,0.5465133425629884,3,1
,,,,,0.3501915515044584,3,1
synthetic_product,0.5,0.5,0.5,100.0,0.6958999347843587,2,0
,,,,,0.2645759606743156,4,1
,,,,,0.618374211062648,3,1
,,,,,0.8770928933878783,4,0
,,,,,0.4500550535684421,3,1
,,,,,0.7236652139276896,4,0
,,,,,0.5808869336995516,4,0
,,,,,0.7336032062805078,3,0
,,,,,0.4612081576311964,4,1
,,,,,1.06786885263237,3,1
,,,,,0.6864709397996396,3,0
,,,,,0.5435170808520502,4,1
,,,,,0.6373911943667476,3,1
,,,,,0.8218865824673164,3,0
,,,,,0.7311466975013953,3,0
,,,,,0.4656678325660534,3,0
,,,,,0.8085905235177855,4,1
,,,,,0.8606086479902328,3,1
,,,,,0.6523992348655248,4,0
,,,,,0.7866855671838578,4,0
,,,,,0.8212698649543798,4,1
,,,,,0.5446420748032549,3,1
,,,,,0.728397565080546,3,0
,,,,,0.3538743101679995,3,0
synthetic_product,0.5,0.5,0.5,100.0,0.4504533787890891,1,1
synthetic_product,0.5,0.5,0.5,100.0,0.744015236899482,2,0
,,,,,0.6372665986681131,3,0
,,,,,0.3295571815662744,3,1
,,,,,0.8740870861610708,3,1
synthetic_product,0.5,0.5,0.5,100.0,0.96813409616216,1,1
,,,,,0.4875498077168977,3,1
synthetic_product,0.5,0.5,0.5,100.0,0.6108733197504184,2,0
,,,,,0.4349749180324442,4,0
,,,,,0.604855418329598,4,1
synthetic_product,0.5,0.5,0.5,100.0,1.0311829398527503,3,1
,,,,,0.9033242457683508,3,1
synthetic_product,0.5,0.5,0.5,100.0,0.6538978756886722,1,0
,,,,,0.5392983093193954,4,1
synthetic_product,0.5,0.5,0.5,100.0,0.6987602691071751,2,1
,,,,,0.9435318133366464,4,1
,,,,,0.3753285063651723,4,1
,,,,,1.037934233436152,3,1
,,,,,1.141626591866399,4,0
,,,,,0.9844052911091538,3,0
,,,,,0.5155455031753239,4,1
synthetic_product,0.5,0.5,0.5,100.0,0.5210210850382153,1,0
,,,,,0.8514382377591111,4,1
,,,,,0.6044461148979231,3,0
,,,,,0.3094449787477842,3,1
,,,,,1.1010480642421905,4,1
,,,,,0.5856392968027785,4,0
,,,,,0.6131414424073971,4,0
,,,,,0.8175300383568574,3,0
,,,,,0.8085431660344102,3,0
,,,,,0.6555730624678432,4,1
,,,,,1.0699394402191444,4,0
synthetic_product,0.5,0.5,0.5,100.0,0.8037287404652066,2,0
,,,,,0.7059296702192047,3,1
synthetic_product,0.5,0.5,0.5,100.0,0.5439931289296065,1,1
synthetic_product,0.5,0.5,0.5,100.0,0.5653643894496496,2,1
,,,,,0.7083548476917447,3,1
,,,,,0.7157256110953518,3,1
synthetic_product,0.5,0.5,0.5,100.0,0.37674814674643314,2,0
synthetic_product,0.5,0.5,0.5,100.0,0.9826027890159433,3,0
synthetic_product,0.5,0.5,0.5,100.0,0.573689471775226,2,1
synthetic_product,0.5,0.5,0.5,100.0,0.8968367561133418,3,0
synthetic_product,0.5,0.5,0.5,100.0,0.31250450764000576,2,1
synthetic_product,0.5,0.5,0.5,100.0,0.7471109805567238,1,0
synthetic_product,0.5,0.5,0.5,100.0,0.717404389760002,1,0
,,,,,0.8446598784115462,3,1
,,,,,0.8772642036509113,3,0
synthetic_product,0.5,0.5,0.5,100.0,0.7342661080450757,2,1
,,,,,0.9670843501025664,4,0
,,,,,0.4239323456793112,4,0
,,,,,0.5608574685304805,3,1
,,,,,0.8215937119570353,3,1
,,,,,0.8606966304221784,3,0
synthetic_product,0.5,0.5,0.5,100.0,0.5292496123937438,2,1
synthetic_product,0.5,0.5,0.5,100.0,1.0438776357477952,2,0
,,,,,0.6759141780804576,3,0
,,,,,0.8217013141205168,4,1
,,,,,0.6350503901471238,3,0
,,,,,0.822698322171855,3,0
,,,,,0.4995137705311691,3,0
,,,,,0.6189413325627531,3,1
,,,,,0.2112398045244323,3,1
,,,,,0.8200705836512876,3,0
,,,,,0.6289164066740279,4,0
,,,,,0.7606455925222418,4,1
,,,,,0.7968335687026051,3,0
,,,,,0.4953825296896084,3,1
,,,,,0.3222168626663653,3,0
,,,,,0.6777948797561076,3,0
,,,,,0.8331809899297148,4,0
,,,,,0.5833410666335342,3,1
,,,,,0.2708826973691169,3,1
synthetic_product,0.5,0.5,0.5,100.0,0.4344435798784701,2,0
,,,,,0.3948717977107728,3,0
,,,,,0.8298035837568768,4,1
,,,,,0.8219993125358597,3,1
,,,,,0.9113811624622726,3,0
,,,,,0.5935622375345864,4,0
synthetic_product,0.5,0.5,0.5,100.0,0.5123177574758645,2,1
,,,,,0.2883418241381736,3,1
,,,,,0.6733758893439804,3,0
,,,,,0.4573679641319871,4,0
,,,,,0.3699718815817381,3,1
synthetic_product,0.5,0.5,0.5,100.0,0.8552669939984667,1,0
,,,,,0.3401616122679008,3,0
synthetic_product,0.5,0.5,0.5,100.0,0.5586440288442116,1,1
,,,,,0.6807511228812514,3,0
,,,,,0.3871622397487642,4,1
synthetic_product,0.5,0.5,0.5,100.0,0.4707347907350931,2,1
synthetic_product,0.5,0.5,0.5,100.0,0.31739006101664435,2,1
,,,,,0.8970800116342869,3,1
,,,,,0.5374476663585402,3,0
,,,,,0.4712818876860075,3,1
synthetic_product,0.5,0.5,0.5,100.0,0.6418284135031845,3,1
,,,,,1.0568831455913776,3,0
,,,,,1.0949399030667553,3,1
,,,,,0.7975305852195602,3,1
,,,,,0.8667304121838317,4,1
synthetic_product,0.5,0.5,0.5,100.0,0.37992083188395487,3,0
,,,,,0.852878654586365,3,0
,,,,,0.6974878736267973,3,1
synthetic_product,0.5,0.5,0.5,100.0,0.84708068596248,2,0
,,,,,0.6114488074118952,4,0
,,,,,0.752763012289396,3,0
,,,,,1.0661770766916847,3,1
,,,,,0.7222112586548703,4,1
synthetic_product,0.5,0.5,0.5,100.0,0.7639908240961992,1,0
,,,,,0.5732923414845323,3,0
synthetic_product,0.5,0.5,0.5,100.0,0.42100437365794513,1,1
,,,,,0.6325498729638324,4,1
,,,,,0.962987878877028,3,0
,,,,,0.3880425726534289,3,0
,,,,,0.9606631879891352,4,0
,,,,,0.5112737720917695,3,0
synthetic_product,0.5,0.5,0.5,100.0,0.34298283975320387,1,1
,,,,,0.5647295953135123,4,1
synthetic_product,0.5,0.5,0.5,100.0,0.2885215768461273,1,0
synthetic_product,0.5,0.5,0.5,100.0,0.789661774250892,2,0
,,,,,0.7884390542904977,3,1
synthetic_product,0.5,0.5,0.5,100.0,0.2872652065783615,2,1
,,,,,0.7735488782884768,3,0
synthetic_product,0.5,0.5,0.5,100.0,0.7103648356967442,2,0
synthetic_product,0.5,0.5,0.5,100.0,0.6298064134408389,2,0
synthetic_product,0.5,0.5,0.5,100.0,0.24999288846016898,1,0
synthetic_product,0.5,0.5,0.5,100.0,1.1911621319661294,3,1
,,,,,0.4857481016975111,3,1
,,,,,0.7666527718748848,3,0
synthetic_product,0.5,0.5,0.5,100.0,0.37831022954334864,1,1
,,,,,0.4455000382164152,3,1
,,,,,0.8766135206639755,4,0
synthetic_product,0.5,0.5,0.5,100.0,0.4082516802394376,2,1
,,,,,0.4561530414953734,3,0
,,,,,0.5524983451392005,4,1
,,,,,1.148357316246882,4,0
,,,,,0.9231814829483954,3,0
,,,,,0.3406897317966754,3,1
,,,,,0.4208653859466259,3,1
,,,,,0.6864642717382099,3,1
,,,,,0.5224121074610893,3,1
,,,,,0.3707914142175774,3,1
,,,,,0.4919365998588827,4,0
,,,,,0.5214469856131411,3,0
,,,,,0.6750967010812462,3,1
,,,,,0.5747788760531096,4,0
,,,,,0.7639675358822176,3,0
,,,,,0.5930254402976226,3,0
,,,,,0.6149033020445533,4,1
,,,,,0.4852289382647356,3,0
,,,,,1.0155175560626837,3,0
,,,,,0.5073292592581451,4,0
,,,,,0.4584677858737425,3,1
,,,,,0.5743324713799113,3,1
,,,,,0.7516726322592425,3,1
,,,,,0.3749584805514864,3,1
,,,,,0.8552482447678458,3,1
,,,,,0.7264749348558944,4,0
,,,,,0.8440289612202552,4,0
synthetic_product,0.5,0.5,0.5,100.0,0.935681760150717,1,0
synthetic_product,0.5,0.5,0.5,100.0,0.5284342872037737,1,1
,,,,,0.8541503762421399,4,1
,,,,,0.4573098270139125,3,1
,,,,,0.7342890159088903,3,1
,,,,,0.7039925054136666,4,0
,,,,,0.5873916007891802,3,0
synthetic_product,0.5,0.5,0.5,100.0,0.38952078395098183,1,1
synthetic_product,0.5,0.5,0.5,100.0,0.648705048286015,1,0
,,,,,0.913073409618635,3,0
synthetic_product,0.5,0.5,0.5,100.0,0.7177892177356638,1,0
,,,,,0.5766557194149493,3,0
synthetic_product,0.5,0.5,0.5,100.0,1.027746695918698,2,1
synthetic_product,0.5,0.5,0.5,100.0,0.11265691487039635,1,0
,,,,,0.2624951047280637,3,1
,,,,,0.5925169348513628,3,1
,,,,,1.0585285322834566,4,0
synthetic_product,0.5,0.5,0.5,100.0,0.5553881426710293,2,1
,,,,,0.6801806501974805,4,0
,,,,,1.0094492241885995,3,0
,,,,,1.0986959971732664,3,0
,,,,,0.834924646945042,4,0
,,,,,1.0954718984735827,4,1
,,,,,1.0237922373802095,3,1
,,,,,0.7366006871308411,4,0
,,,,,0.6028189405989103,4,1
,,,,,1.212010825248776,4,0
synthetic_product,0.5,0.5,0.5,100.0,0.26115302193230766,2,0
synthetic_product,0.5,0.5,0.5,100.0,0.754527847750211,3,1
,,,,,0.3540700390802084,4,1
,,,,,0.8076291889296957,3,0
synthetic_product,0.5,0.5,0.5,100.0,0.3350337116614642,3,0
synthetic_product,0.5,0.5,0.5,100.0,0.7410971308245613,3,0
synthetic_product,0.5,0.5,0.5,100.0,0.7516191369222179,1,1
synthetic_product,0.5,0.5,0.5,100.0,0.4713365053954705,1,1
synthetic_product,0.5,0.5,0.5,100.0,0.6676771564554843,2,1
synthetic_product,0.5,0.5,0.5,100.0,0.6511715290044782,3,1
,,,,,0.7151849615688795,3,1
,,,,,0.6604062764803501,3,1
,,,,,0.8301074005034254,4,0
,,,,,0.9233319647850982,3,0
,,,,,0.4123610799623569,3,1
,,,,,0.3494265092338254,3,1
,,,,,0.9811709601103764,4,1
synthetic_product,0.5,0.5,0.5,100.0,0.47120778897258286,3,0
,,,,,0.6865569757091359,3,0
,,,,,0.6500093650404745,3,0
,,,,,0.7248541961120245,3,1
,,,,,0.3160782594241628,4,1
synthetic_product,0.5,0.5,0.5,100.0,0.434882803544613,1,0
synthetic_product,0.5,0.5,0.5,100.0,0.29964242213707315,3,1
,,,,,0.4116936639803699,3,0
,,,,,0.5128387570822739,3,0
,,,,,0.5813732691827035,4,1
synthetic_product,0.5,0.5,0.5,100.0,0.5578361077779266,1,0
,,,,,0.996284843304179,3,1
,,,,,0.7068677457169089,3,0
,,,,,0.7453264922465419,3,1
,,,,,0.4733875776773192,3,0
,,,,,0.7630717485852753,4,1
,,,,,0.4805121163675227,3,0
,,,,,0.33062481173025,3,0
,,,,,0.6611908314963588,3,1
,,,,,0.2906739674932354,3,1
,,,,,0.791693640482065,3,0
,,,,,0.6501163728552672,3,0
,,,,,0.8026852091510651,4,0
,,,,,0.6270361057168922,3,0
,,,,,0.5975272406822165,4,0
,,,,,0.2181964807792328,3,1
,,,,,0.6715026847847018,4,1
,,,,,0.294040191874559,3,0
,,,,,0.8454289281074293,3,0
,,,,,0.3939867838149732,3,1
synthetic_product,0.5,0.5,0.5,100.0,0.6382006278698782,2,0
synthetic_product,0.5,0.5,0.5,100.0,0.42513596885915766,3,1
,,,,,1.138191141547787,3,0
,,,,,0.7435947934195949,3,0
,,,,,0.3595268608393718,3,1
synthetic_product,0.5,0.5,0.5,100.0,0.6767854634881694,2,0
,,,,,0.6070230916444873,4,0
,,,,,0.5185279638818705,4,1
synthetic_product,0.5,0.5,0.5,100.0,0.4264014532881701,2,0
,,,,,1.0423067333142433,4,0
synthetic_product,0.5,0.5,0.5,100.0,0.19910800723259442,1,1
,,,,,0.8979420866155685,3,1
,,,,,0.5166905949500571,3,1
synthetic_product,0.5,0.5,0.5,100.0,1.017980972148008,3,0
synthetic_product,0.5,0.5,0.5,100.0,0.4527593451225458,2,0
,,,,,0.8479653856753021,3,0
synthetic_product,0.5,0.5,0.5,100.0,0.4241300688229018,1,0
,,,,,0.8649720127374375,3,1
synthetic_product,0.5,0.5,0.5,100.0,0.7875383726026283,3,0
synthetic_product,0.5,0.5,0.5,100.0,0.43416436523459984,3,1
,,,,,1.0612479154466905,3,0
synthetic_product,0.5,0.5,0.5,100.0,0.7698043382036498,1,0
,,,,,0.6890133431524378,3,1
,,,,,0.901701091340647,3,0
synthetic_product,0.5,0.5,0.5,100.0,0.8771271820631592,3,0
,,,,,0.6817713756786757,3,0
,,,,,0.8031094932512577,4,1
,,,,,0.8973504710091753,3,1
,,,,,0.3980071875842688,3,1
,,,,,0.5640563212225059,3,1
synthetic_product,0.5,0.5,0.5,100.0,0.5354209669876953,3,0
,,,,,0.6333449385902465,4,1
,,,,,0.9301993992471932,3,1
,,,,,0.5958899884614163,3,1
,,,,,0.5842150334396133,3,1
synthetic_product,0.5,0.5,0.5,100.0,0.6725195599835082,1,0
,,,,,0.8111429618742396,4,1
,,,,,0.4188746590971968,3,0
,,,,,0.8641055109238309,3,0
synthetic_product,0.5,0.5,0.5,100.0,0.6877108483078687,2,1
synthetic_product,0.5,0.5,0.5,100.0,0.3996171743163347,3,0
synthetic_product,0.5,0.5,0.5,100.0,0.611767053263569,2,1
,,,,,1.095670464742244,4,0
,,,,,1.0004640310013682,4,1
,,,,,0.9798611980924646,3,0
synthetic_product,0.5,0.5,0.5,100.0,0.39709504370388515,2,0
,,,,,0.9591454227348216,3,0
synthetic_product,0.5,0.5,0.5,100.0,0.5490055871852073,1,1
,,,,,0.8431379242954383,3,0
synthetic_product,0.5,0.5,0.5,100.0,0.1426954111723938,1,1
,,,,,0.8651123828163623,3,0
,,,,,0.5606757574375681,3,1
synthetic_product,0.5,0.5,0.5,100.0,0.7392729990163018,1,1
synthetic_product,0.5,0.5,0.5,100.0,0.6332866527634219,1,1
,,,,,0.6919895003735073,3,1
synthetic_product,0.5,0.5,0.5,100.0,0.5410934323358989,2,0
synthetic_product,0.5,0.5,0.5,100.0,0.5468332301563688,2,1
,,,,,0.4296066995190158,3,0
,,,,,0.3338851430432614,3,1
,,,,,0.53834563448518,4,1
,,,,,0.9117498000694386,3,0
,,,,,0.8640048094283138,3,1
,,,,,0.6561044312356943,4,0
,,,,,0.5502289504933533,3,1
,,,,,0.9539446778678148,3,0
,,,,,0.5209185605865448,4,0
,,,,,0.9733137995803532,3,1
,,,,,0.6755971929298895,3,1
,,,,,0.3872759510490413,3,1
,,,,,0.3195751607250884,4,1
,,,,,0.9699619763819952,4,1
,,,,,0.6851095719963328,3,0
,,,,,0.354250501449404,3,1
,,,,,0.5882502474936714,3,0
,,,,,0.597531069871871,3,0
,,,,,0.836767608381299,3,1
,,,,,0.5778673502844023,3,0
synthetic_product,0.5,0.5,0.5,100.0,0.8457501944105158,2,1
,,,,,0.5361070297525494,4,0
synthetic_product,0.5,0.5,0.5,100.0,0.6610780435371142,1,0
,,,,,0.3501071729904746,4,0
,,,,,0.6254325469809081,3,0
synthetic_product,0.5,0.5,0.5,100.0,0.29117456707331135,1,1
,,,,,0.9390957684769812,4,0
,,,,,0.5114054234298935,3,0
synthetic_product,0.5,0.5,0.5,100.0,1.0437840250603412,3,0
,,,,,0.7856315615442666,3,1
synthetic_product,0.5,0.5,0.5,100.0,0.7316445427822883,3,1
,,,,,0.7936426128350813,3,0
synthetic_product,0.5,0.5,0.5,100.0,0.28601772545816373,2,0
,,,,,1.0601610857281023,4,1
,,,,,0.9121342207850208,4,0
,,,,,0.5938284699548331,3,1
synthetic_product,0.5,0.5,0.5,100.0,0.7180485938152105,1,1
synthetic_product,0.5,0.5,0.5,100.0,0.5061083872458052,2,0
synthetic_product,0.5,0.5,0.5,100.0,0.5836700829963601,2,1
,,,,,0.566083735601749,3,1
synthetic_product,0.5,0.5,0.5,100.0,0.25554866326661535,1,1
,,,,,1.1779981040684853,4,0
,,,,,0.4310868068817881,3,1
synthetic_product,0.5,0.5,0.5,100.0,1.0073185960878266,3,0
,,,,,0.5570793622542631,4,1
,,,,,0.774171492314643,3,1
,,,,,0.5843983824546296,3,0
synthetic_product,0.5,0.5,0.5,100.0,0.8303818105915587,2,0
,,,,,0.734632728319444,3,1
,,,,,0.9648378311012682,3,0
,,,,,0.2559392751428071,3,1
,,,,,1.1376481467398272,4,0
synthetic_product,0.5,0.5,0.5,100.0,0.8256592238298676,3,0
synthetic_product,0.5,0.5,0.5,100.0,0.7879461142882251,2,1
,,,,,0.7138596001802069,4,1
,,,,,0.4569400536631112,4,1
,,,,,0.778577638361504,4,0
,,,,,0.8232752843024087,3,1
synthetic_product,0.5,0.5,0.5,100.0,0.5591849483773644,1,0
,,,,,0.5640526271797662,3,1
,,,,,0.3551447578680053,4,0
,,,,,1.0257594172659847,4,1
synthetic_product,0.5,0.5,0.5,100.0,0.982252057394323,3,1
,,,,,0.5281262685078476,3,1
synthetic_product,0.5,0.5,0.5,100.0,1.0476638675204442,3,0
synthetic_product,0.5,0.5,0.5,100.0,0.2450841607277864,1,1
,,,,,0.7814519791250281,3,0
,,,,,0.76323138719954,4,0
,,,,,0.4890958575923081,4,1
,,,,,0.5524267450163687,4,1
,,,,,0.6639226368558148,4,0
,,,,,0.5268121620799187,3,0
,,,,,0.9393338175463856,3,0
,,,,,0.6137641009717345,4,0
,,,,,0.3744517337270671,3,0
,,,,,0.5950731796699856,3,1
,,,,,1.0124122432863705,3,0
,,,,,0.3007347187504335,4,1
,,,,,0.9534673213945348,4,0
,,,,,0.5745942027986323,3,1
,,,,,0.7253255060983769,3,1
,,,,,0.7201355460510779,4,0
,,,,,0.7668294966802213,3,0
,,,,,0.7152131575575287,3,0
,,,,,0.734002825275609,4,0
,,,,,0.685740794013833,3,1
,,,,,1.050993840145565,3,1
,,,,,0.379282052010809,3,1
,,,,,0.6601526473138414,3,1
,,,,,0.4935107011524443,3,1
,,,,,0.9363293799272536,3,0
,,,,,0.5131342494852708,3,1
,,,,,0.4479147399360788,3,1
,,,,,0.6862824923388124,3,1
,,,,,0.9159383547614474,3,0
,,,,,0.6802112457767465,3,0
,,,,,0.6296171844093283,3,1
,,,,,0.6856419603896684,3,0
,,,,,0.8825333658552265,3,1
synthetic_product,0.5,0.5,0.5,100.0,0.44627493829917875,1,1
,,,,,0.8497918202073582,3,0
synthetic_product,0.5,0.5,0.5,100.0,0.4509893422841124,2,0
,,,,,1.2467064587159966,4,1
,,,,,0.976026243205456,3,1
,,,,,0.8110409623256917,3,1
synthetic_product,0.5,0.5,0.5,100.0,0.28130028208228247,1,1
,,,,,0.7382307532567146,3,0
,,,,,0.7536649178941662,3,0
,,,,,0.6769905960424681,4,1
synthetic_product,0.5,0.5,0.5,100.0,0.574687851429937,2,1
,,,,,0.2981457648747618,3,1
synthetic_product,0.5,0.5,0.5,100.0,0.4717033400800599,2,1
,,,,,0.4270083652208656,3,1
,,,,,0.839666304950261,3,1
,,,,,0.7109083930949724,3,0
synthetic_product,0.5,0.5,0.5,100.0,0.968380679086529,2,0
,,,,,0.4037081281921907,4,1
,,,,,0.6683734034740888,4,1
,,,,,0.3219905987318794,3,1
,,,,,0.7961179207112872,4,1
,,,,,1.351575782519029,4,0
synthetic_product,0.5,0.5,0.5,100.0,0.5142735608374196,1,0
,,,,,0.809159396344097,3,0
synthetic_product,0.5,0.5,0.5,100.0,0.5353595520293721,2,1
,,,,,0.9683558423493508,3,1
,,,,,0.799968259020537,3,1
,,,,,0.8013848399465339,4,0
,,,,,1.0591163513611077,4,0
synthetic_product,0.5,0.5,0.5,100.0,0.2810827560093587,1,1
synthetic_product,0.5,0.5,0.5,100.0,0.39963131302814975,2,1
synthetic_product,0.5,0.5,0.5,100.0,0.5775859385894085,1,0
,,,,,0.42121077913286,3,1
synthetic_product,0.5,0.5,0.5,100.0,0.5754406957318208,1,1
,,,,,0.3943969538416317,3,1
synthetic_product,0.5,0.5,0.5,100.0,0.6592018518430736,2,1
synthetic_product,0.5,0.5,0.5,100.0,0.1465704507009714,1,1
synthetic_product,0.5,0.5,0.5,100.0,0.7849622184785251,1,0
synthetic_product,0.5,0.5,0.5,100.0,0.7916799601618539,1,1
,,,,,0.812784770672897,3,0
,,,,,0.9529902339522688,3,0
,,,,,0.6021281514151813,4,0
,,,,,0.6315626974442305,4,0
synthetic_product,0.5,0.5,0.5,100.0,0.9282535599226169,2,0
,,,,,0.2853042426885272,4,1
,,,,,0.7461575652816357,3,1
synthetic_product,0.5,0.5,0.5,100.0,0.7236049678898886,1,0
synthetic_product,0.5,0.5,0.5,100.0,0.5736742208360175,2,1
,,,,,0.6575055580651512,3,1
,,,,,0.7713590788328406,4,1
,,,,,0.6753722023443004,3,0
synthetic_product,0.5,0.5,0.5,100.0,0.939232035564512,1,0
synthetic_product,0.5,0.5,0.5,100.0,0.31092919623851406,2,1
,,,,,0.7025163553518622,3,1
,,,,,0.7221685590897632,4,1
synthetic_product,0.5,0.5,0.5,100.0,0.4854678168243512,2,1
synthetic_product,0.5,0.5,0.5,100.0,0.9036235995099857,3,0
synthetic_product,0.5,0.5,0.5,100.0,0.5411726321809416,1,0
,,,,,0.6399659404302256,3,1
synthetic_product,0.5,0.5,0.5,100.0,1.0055131348507247,3,1
,,,,,0.0927961113614657,3,1
,,,,,0.5115776257092337,3,1
,,,,,0.8690739764031432,3,0
,,,,,0.5510140137985771,3,1
,,,,,0.5987971982370774,3,1
,,,,,0.9517881431575624,4,0
,,,,,0.8071819938460496,4,1
,,,,,0.6720363178215965,3,0
,,,,,1.1465986410529023,3,0
,,,,,1.002812548902595,3,1
,,,,,0.7893167544932425,3,1
,,,,,0.9517099320741194,3,0
,,,,,0.4101282441463694,3,1
,,,,,1.0092715033994828,3,1
,,,,,0.585657981331577,4,0
,,,,,0.6579814364134955,4,0
,,,,,0.652956654091394,3,1
,,,,,1.0103401708654145,4,0
,,,,,1.0836600645586172,3,1
synthetic_product,0.5,0.5,0.5,100.0,0.6659822241886129,2,0
synthetic_product,0.5,0.5,0.5,100.0,0.369648619263047,1,1
synthetic_product,0.5,0.5,0.5,100.0,0.5352830681640266,2,0
,,,,,0.478471280112317,3,1
synthetic_product,0.5,0.5,0.5,100.0,1.1898064561789004,3,1
,,,,,0.8571516746266151,4,1
,,,,,1.1109851981324337,3,1
,,,,,1.1500202428484916,3,0
synthetic_product,0.5,0.5,0.5,100.0,0.7840644938405108,2,1
,,,,,0.4767298063875507,3,1
,,,,,0.5990435139565571,3,1
,,,,,0.9972650845032308,4,0
synthetic_product,0.5,0.5,0.5,100.0,0.5113419753963826,1,0
,,,,,0.5774253023297247,4,1
,,,,,1.0652568231299864,4,0
synthetic_product,0.5,0.5,0.5,100.0,0.4705060238058979,1,1
,,,,,0.3901021602980576,3,1
synthetic_product,0.5,0.5,0.5,100.0,0.703599344290633,3,0
synthetic_product,0.5,0.5,0.5,100.0,0.6564130895907897,3,0
,,,,,0.6334268146233696,3,0
,,,,,0.8056460531596079,3,1
synthetic_product,0.5,0.5,0.5,100.0,0.9042851960107117,3,0
,,,,,0.9039378220131844,3,1
synthetic_product,0.5,0.5,0.5,100.0,0.9346675921101041,2,1
,,,,,0.6092639332713061,3,1
,,,,,0.9273244918074652,4,1
,,,,,0.807650177726208,3,0
,,,,,0.2928148932593347,3,0
,,,,,0.9908192711451356,4,1
,,,,,0.7472072915690802,3,0
,,,,,0.7785910413206868,3,1
,,,,,0.5415228263588682,4,1
,,,,,0.3135697803526739,3,0
,,,,,0.998833234916374,3,0
,,,,,0.5418803224926254,3,0
synthetic_product,0.5,0.5,0.5,100.0,0.48748761335846474,1,1
,,,,,0.7891200710248458,3,0
synthetic_product,0.5,0.5,0.5,100.0,0.5510286097352175,1,1
synthetic_product,0.5,0.5,0.5,100.0,0.4063717424549659,3,1
,,,,,0.5343428454246006,3,1
,,,,,0.5714378889478149,4,1
,,,,,0.6575941490366863,3,1
synthetic_product,0.5,0.5,0.5,100.0,0.3044110148128907,3,0
,,,,,0.7326814109135978,3,0
,,,,,0.2113098895774353,3,1
synthetic_product,0.5,0.5,0.5,100.0,0.37404537839994967,1,0
,,,,,0.3960479561153975,3,1
,,,,,0.3694439621929245,3,0
,,,,,0.96377111620066,4,0
,,,,,0.8444131544841134,4,1
,,,,,0.5419815416436149,4,0
synthetic_product,0.5,0.5,0.5,100.0,0.6650129124443128,2,1
synthetic_product,0.5,0.5,0.5,100.0,0.6083641252763945,2,1
,,,,,0.6588870759998549,3,0
synthetic_product,0.5,0.5,0.5,100.0,0.7101270339769213,2,1
synthetic_product,0.5,0.5,0.5,100.0,0.8655235525340692,1,1
,,,,,0.765879633208228,3,0
,,,,,0.3365988883559755,3,1
,,,,,0.8425868694769527,4,0
,,,,,0.4131560073898654,4,1
,,,,,0.9963304026184716,4,0
,,,,,0.503938137941001,3,1
,,,,,0.3645571739025599,3,1
,,,,,0.7447146706022025,4,0
,,,,,0.391485085703592,3,1
,,,,,0.7682948316186159,3,0
,,,,,0.6022024119740295,3,1
,,,,,0.5197020632792062,3,1
,,,,,0.8907821728236995,4,0
,,,,,0.9867453466268864,3,1
,,,,,0.644477251185805,3,0
,,,,,0.951733248670026,3,0
,,,,,0.4600899580374535,4,1
,,,,,0.4058835884395312,3,0
,,,,,0.5207207091836573,4,1
,,,,,0.8694093324987042,3,1
synthetic_product,0.5,0.5,0.5,100.0,0.7120403778214808,2,1
,,,,,0.4690526994874967,3,1
,,,,,0.9508462739189518,4,1
,,,,,0.7524477393190305,3,0
,,,,,0.9530586787146158,3,0
,,,,,1.2397132803353117,4,1
synthetic_product,0.5,0.5,0.5,100.0,0.8044182383936345,2,1
,,,,,0.9621277973369996,3,0
,,,,,0.972831689678842,3,1
,,,,,0.6445818764897813,4,1
,,,,,0.7616144505834702,4,1
synthetic_product,0.5,0.5,0.5,100.0,0.5168685031011013,1,0
synthetic_product,0.5,0.5,0.5,100.0,0.834485508293973,2,1
,,,,,0.7065381014783986,3,0
,,,,,0.6266817044801234,3,1
,,,,,0.5237982153712719,3,1
,,,,,0.5972877594918042,3,0
synthetic_product,0.5,0.5,0.5,100.0,0.30951831956507125,1,1
,,,,,0.773517878084516,3,1
,,,,,0.8867883309477842,3,1
,,,,,1.0881642872801776,3,0
,,,,,0.3921079238632421,3,1
synthetic_product,0.5,0.5,0.5,100.0,0.6302815952355142,2,0
,,,,,0.7328003054282907,4,1
,,,,,0.6082075046613536,3,1
synthetic_product,0.5,0.5,0.5,100.0,0.8858292960215354,3,0
,,,,,0.8265214831825508,4,1
synthetic_product,0.5,0.5,0.5,100.0,0.579940280837281,1,0
,,,,,0.1991209702658319,3,1
,,,,,0.7869124055080549,3,0
,,,,,0.4220974921543113,4,0
,,,,,0.4762190361760178,4,0
,,,,,0.4515410525441691,3,1
,,,,,0.254823211505409,3,1
,,,,,0.6631301005317887,3,0
synthetic_product,0.5,0.5,0.5,100.0,1.0276467954646864,2,0
,,,,,0.7387466522448639,3,0
,,,,,0.5130102021854616,3,1
synthetic_product,0.5,0.5,0.5,100.0,0.5579966530762053,2,0
,,,,,0.99872765243841,3,0
synthetic_product,0.5,0.5,0.5,100.0,0.6855540060046003,1,1
,,,,,0.552819783588068,4,1
,,,,,0.8468253794397852,4,1
,,,,,0.8943680968955304,3,1
synthetic_product,0.5,0.5,0.5,100.0,0.8245743521392944,1,0
,,,,,0.8112959641630639,4,0
,,,,,0.9554875592433406,3,1
,,,,,0.6227891235018295,3,1
,,,,,1.0009409302796302,4,1
synthetic_product,0.5,0.5,0.5,100.0,0.5813038824988159,1,0
synthetic_product,0.5,0.5,0.5,100.0,0.5841088155622491,1,0
,,,,,0.7154265726886568,3,0
,,,,,0.8076725747742558,4,1
,,,,,0.8003064273101403,3,1
,,,,,0.4329978060738121,4,1
,,,,,1.019930779413624,4,1
,,,,,0.308474477299311,3,1
,,,,,0.9283806406847714,4,0
,,,,,1.136220233631582,4,0
,,,,,0.6845385630385045,3,0
,,,,,0.722662003131576,4,0
,,,,,0.4516545233572434,4,1
,,,,,0.6812968039944728,3,1
,,,,,1.0304202528094066,4,1
,,,,,1.1313621580606512,3,0
,,,,,0.5485050964945531,3,1
,,,,,1.0870521288839727,4,0
,,,,,0.4178548793919781,3,1
,,,,,0.7413629041744442,3,1
,,,,,1.2016334852050856,4,1
,,,,,0.498660142375868,3,1
,,,,,0.926893374381749,3,0
,,,,,0.5913674842899437,4,1
,,,,,0.9960971506123673,3,0
,,,,,0.3473637047587293,3,1
,,,,,0.5585121049374864,4,1
,,,,,0.6385123717417075,3,1
,,,,,0.8877314677966406,4,1
,,,,,0.2122713300157232,3,1
,,,,,0.595821201050428,4,0
,,,,,1.0978544598520117,4,0
synthetic_product,0.5,0.5,0.5,100.0,0.6760715367480729,1,0
synthetic_product,0.5,0.5,0.5,100.0,0.6270042327345484,2,1
synthetic_product,0.5,0.5,0.5,100.0,0.523159494515033,2,1
,,,,,0.4390426495772715,3,1
synthetic_product,0.5,0.5,0.5,100.0,1.0322344005360193,2,1
synthetic_product,0.5,0.5,0.5,100.0,0.8579439879134769,3,1
,,,,,0.2831929564159366,4,1
synthetic_product,0.5,0.5,0.5,100.0,1.1318480063734988,3,1
synthetic_product,0.5,0.5,0.5,100.0,0.7926617817910299,3,1
,,,,,0.4997559496979584,3,1
synthetic_product,0.5,0.5,0.5,100.0,0.926003414070033,3,0
synthetic_product,0.5,0.5,0.5,100.0,0.6272697578569909,2,0
,,,,,0.8311093059467282,3,1
,,,,,1.1655957242444792,3,1
,,,,,0.843997465424908,3,1
,,,,,0.8603164931193541,3,1
,,,,,1.051236012248534,4,0
,,,,,0.4932019833051375,3,1
,,,,,0.5409966625365503,4,1
,,,,,0.7805680348700575,4,0
,,,,,0.7678534307578343,3,1
,,,,,0.7783670445321074,3,0
,,,,,0.5994019180384533,4,0
,,,,,0.9504306879120622,3,0
,,,,,0.8371936086807774,3,1
,,,,,0.5827579218263316,3,1
synthetic_product,0.5,0.5,0.5,100.0,0.7638227036310515,2,0
,,,,,0.8906659528903405,4,0
,,,,,0.7909804367425017,3,1
,,,,,0.5044099493135764,4,1
,,,,,0.4637750762777971,3,1
synthetic_product,0.5,0.5,0.5,100.0,0.6078176300561607,3,1
,,,,,0.420066946257365,3,0
,,,,,0.6865348445710284,3,0
synthetic_product,0.5,0.5,0.5,100.0,0.7451531746140493,1,0
,,,,,0.7217137229842499,3,0
,,,,,0.8976269878104156,3,1
,,,,,0.6140704176931121,3,1
,,,,,0.7474829373816738,3,1
,,,,,0.5784066855132827,3,1
,,,,,0.5316032436194101,3,0
,,,,,1.1520841220660518,3,0
,,,,,0.6818004811659718,3,1
synthetic_product,0.5,0.5,0.5,100.0,0.9069131755595573,2,1
,,,,,0.6452094709766251,3,1
synthetic_product,0.5,0.5,0.5,100.0,0.39261533486168465,3,1
,,,,,0.4875247834570864,3,1
synthetic_product,0.5,0.5,0.5,100.0,0.7564466584903445,2,1
synthetic_product,0.5,0.5,0.5,100.0,0.6069460979389587,1,0
,,,,,0.6196537086415828,4,1
synthetic_product,0.5,0.5,0.5,100.0,0.24863026688511475,1,1
synthetic_product,0.5,0.5,0.5,100.0,0.40938250945137045,3,1
synthetic_product,0.5,0.5,0.5,100.0,0.39247290316103883,2,1
,,,,,0.5839386510525604,4,1
,,,,,0.637978493093457,3,1
,,,,,0.4897576059887947,4,1
,,,,,0.9315469400040676,4,0
,,,,,1.127216075004984,3,1
,,,,,0.2219484317759053,3,1
,,,,,0.4933476963906198,3,1
,,,,,0.6927579507726578,4,1
,,,,,0.8708577111140741,3,0
,,,,,0.754408182675239,3,0
,,,,,1.0311599714067887,4,0
,,,,,0.5899592645537701,3,0
,,,,,0.8014498186138616,3,1
,,,,,0.8197485288797031,3,0
,,,,,0.7033113764517451,4,1
,,,,,0.801088867962412,3,0
,,,,,0.7000181440056886,4,1
,,,,,0.5110569714794377,3,0
,,,,,0.7868236414008873,4,0
,,,,,0.6852091692119575,3,1
,,,,,0.8196755139475344,3,0
,,,,,0.3826637052858542,3,1
,,,,,0.8684595494090792,4,1
,,,,,0.5149845039388609,3,0
,,,,,0.4637483675079278,4,1
,,,,,0.8287635058878683,3,1
,,,,,0.7324544043827936,4,1
,,,,,0.8921558626763708,3,1
synthetic_product,0.5,0.5,0.5,100.0,0.5678585629482118,1,0
,,,,,0.7325451466793587,3,1
synthetic_product,0.5,0.5,0.5,100.0,0.5267662211394489,1,1
,,,,,1.184722247724055,4,0
,,,,,0.7139724042883451,3,1
,,,,,0.8753582945700775,3,1
synthetic_product,0.5,0.5,0.5,100.0,0.6682686327314864,2,1
,,,,,0.4609002376204241,3,0
synthetic_product,0.5,0.5,0.5,100.0,0.7942313298915866,1,0
synthetic_product,0.5,0.5,0.5,100.0,0.36380547322752316,2,1
,,,,,0.4830087480986803,3,1
,,,,,0.7938163366365477,3,1
,,,,,0.972013149524745,4,0
,,,,,0.5079038532561148,4,1
,,,,,1.1930849513639137,3,1
,,,,,0.5915964085512107,3,1
,,,,,0.628475661273478,4,0
,,,,,0.3598585544734586,3,0
synthetic_product,0.5,0.5,0.5,100.0,0.31100138388371973,3,1
,,,,,0.6079418309693052,3,0
,,,,,0.7559130529333221,4,1
,,,,,0.4253368522027795,3,1
,,,,,1.0445055352066188,3,1
synthetic_product,0.5,0.5,0.5,100.0,0.6581395284327236,1,1
synthetic_product,0.5,0.5,0.5,100.0,1.0193580204459287,2,0
synthetic_product,0.5,0.5,0.5,100.0,1.0743962756304881,3,0
synthetic_product,0.5,0.5,0.5,100.0,0.6541554952063093,2,0
synthetic_product,0.5,0.5,0.5,100.0,0.46104692637448086,1,0
synthetic_product,0.5,0.5,0.5,100.0,0.4417127237962303,2,1
,,,,,0.7153109572303306,3,1
synthetic_product,0.5,0.5,0.5,100.0,0.5749224582606004,2,0
,,,,,0.86219881150058,4,0
,,,,,0.5539371298309425,3,0
,,,,,0.9533373286265056,4,0
,,,,,0.7420266086730998,3,1
,,,,,0.6316214692619033,3,1
,,,,,0.6592698350897591,3,0
,,,,,0.4015832730505411,3,0
synthetic_product,0.5,0.5,0.5,100.0,0.22271725459327923,1,1
,,,,,0.5573495763165617,3,1
synthetic_product,0.5,0.5,0.5,100.0,0.9945463480610436,2,0
synthetic_product,0.5,0.5,0.5,100.0,0.9354540201757672,1,0
,,,,,0.5749919030756933,3,0
synthetic_product,0.5,0.5,0.5,100.0,0.6202168583077289,2,1
,,,,,0.3826750374175647,4,0
synthetic_product,0.5,0.5,0.5,100.0,0.8198721173547602,2,1
synthetic_product,0.5,0.5,0.5,100.0,0.28410749326247503,1,0
,,,,,1.0632348377038197,3,0
,,,,,0.9870690897720356,3,1
synthetic_product,0.5,0.5,0.5,100.0,1.0324312398821154,3,0
,,,,,0.6184370819119269,4,1
,,,,,0.8377018896274324,3,0
synthetic_product,0.5,0.5,0.5,100.0,0.3880359507695422,2,1
,,,,,0.3878868823906177,4,1
,,,,,0.5873764664120534,4,0
synthetic_product,0.5,0.5,0.5,100.0,0.8113850571691598,2,1
synthetic_product,0.5,0.5,0.5,100.0,0.4133041167720453,1,0
synthetic_product,0.5,0.5,0.5,100.0,0.03976194143362548,1,1
,,,,,0.295824561247915,3,1
synthetic_product,0.5,0.5,0.5,100.0,0.6892205441063105,1,1
,,,,,0.7288821429380261,3,1
,,,,,0.5987881171288785,4,1
,,,,,0.5053902116590022,4,1
,,,,,0.8038263466280565,3,1
,,,,,0.4020358515710084,4,1
,,,,,0.7698115767674317,4,1
,,,,,1.009991634329415,3,1
,,,,,0.9794463382640258,4,0
,,,,,0.3999182705757045,4,1
,,,,,0.3157433459687884,3,1
,,,,,0.5348580103281095,3,0
,,,,,0.3131428457463722,4,1
,,,,,0.7080779908457207,3,1
,,,,,0.5800218020303259,3,1
,,,,,0.3786360323200845,3,0
,,,,,0.4515749424519542,3,0
,,,,,0.8181540188623884,3,0
,,,,,0.4351109600088632,4,1
,,,,,0.6988813674374877,4,1
,,,,,0.9704171064720288,3,1
,,,,,0.6738848357143946,3,1
,,,,,1.1327530734676403,4,0
,,,,,0.7108873905546651,3,1
,,,,,0.4418184215723988,4,1
,,,,,0.462248048966844,4,1
,,,,,0.7475407053407084,3,0
,,,,,0.9904275651347364,3,1
synthetic_product,0.5,0.5,0.5,100.0,0.6822117168835715,1,0
,,,,,0.3988559822734623,3,0
synthetic_product,0.5,0.5,0.5,100.0,0.37304779771459673,2,1
,,,,,0.4145316449858031,3,0
,,,,,0.9633911247266416,3,1
,,,,,0.7257619109530767,4,1
synthetic_product,0.5,0.5,0.5,100.0,0.6556855061303236,2,0
,,,,,1.0541712946618258,3,1
,,,,,0.4104365952660642,3,0
,,,,,0.1944569471562036,3,1
,,,,,1.0640219068157226,4,0
,,,,,0.7188280809946422,3,1
,,,,,1.036523954916463,4,0
,,,,,0.5118334768094265,3,1
synthetic_product,0.5,0.5,0.5,100.0,0.520064505305914,1,1
synthetic_product,0.5,0.5,0.5,100.0,0.7627662796871915,2,0
,,,,,0.8343342702585317,3,0
synthetic_product,0.5,0.5,0.5,100.0,0.9950124072215671,3,0
synthetic_product,0.5,0.5,0.5,100.0,0.803458574519813,2,0
,,,,,0.6422841079850952,4,1
,,,,,0.4417456578545753,3,1
,,,,,0.806436293993171,4,0
,,,,,0.3195597720728501,3,0
,,,,,1.1683739505567634,3,0
,,,,,0.4153654706154691,3,0
synthetic_product,0.5,0.5,0.5,100.0,0.4567006941605576,2,0
synthetic_product,0.5,0.5,0.5,100.0,0.30946624220004876,2,1
synthetic_product,0.5,0.5,0.5,100.0,0.7830683673471294,2,1
,,,,,0.3386985395843509,4,1
synthetic_product,0.5,0.5,0.5,100.0,0.6606060893847305,2,1
synthetic_product,0.5,0.5,0.5,100.0,0.5819605926244701,3,1
,,,,,0.5706723275178968,3,1
,,,,,1.0678397279561604,4,0
,,,,,0.7523991586045654,4,1
,,,,,0.4453617149793133,3,0
synthetic_product,0.5,0.5,0.5,100.0,0.8419798806736365,1,1
,,,,,0.5776279187740325,4,0
,,,,,0.4673950045438803,3,0
synthetic_product,0.5,0.5,0.5,100.0,0.3918747961751662,2,1
,,,,,0.2997457886954122,3,1
synthetic_product,0.5,0.5,0.5,100.0,0.3069290393683276,2,1
,,,,,0.5554995236360497,3,1
,,,,,0.5988192880076587,3,0
,,,,,0.597578072183499,3,0
,,,,,0.5297214470837616,3,0
,,,,,0.6369883137823356,3,1
synthetic_product,0.5,0.5,0.5,100.0,0.32357941600143003,2,1
,,,,,0.7597108360696785,3,0
,,,,,0.6473997094679348,4,1
,,,,,0.5908438880668874,4,1
,,,,,0.3551618765160855,3,1
,,,,,0.5589023332479492,3,1
,,,,,0.6410979637182369,3,1
,,,,,0.5297734051812578,4,1
,,,,,0.7153486474080812,3,0
,,,,,0.4079211963359982,4,0
,,,,,0.9325704630110636,4,0
,,,,,0.2645271017888638,4,1
,,,,,0.6966490049299319,3,0
,,,,,0.8748677169995156,3,1
,,,,,0.478670956471575,4,1
,,,,,0.3669193407464027,3,1
,,,,,0.8366366047198676,3,0
,,,,,0.99542200148579,4,0
,,,,,0.4896706848462228,4,1
,,,,,0.8204817175414653,3,0
,,,,,0.6826356257522246,3,1
,,,,,0.8267400798968665,3,1
,,,,,0.794822173300692,4,0
,,,,,0.9153910617266136,3,0
synthetic_product,0.5,0.5,0.5,100.0,0.6753119953251829,2,0
,,,,,0.716545336149013,3,0
,,,,,0.9169375377071322,4,0
synthetic_product,0.5,0.5,0.5,100.0,1.1108146236960803,2,0
synthetic_product,0.5,0.5,0.5,100.0,0.33191958752080886,1,0
,,,,,0.358086028412612,3,0
,,,,,0.8006053890941978,3,1
,,,,,1.0501957753119684,4,1
synthetic_product,0.5,0.5,0.5,100.0,0.7683705753094648,2,0
,,,,,0.9378796044134914,3,1
,,,,,1.019421320860598,4,0
,,,,,0.4452430796983017,4,1
,,,,,0.9221807010244224,3,0
synthetic_product,0.5,0.5,0.5,100.0,0.4607254556120822,1,1
,,,,,0.5202241984036305,3,0
,,,,,1.182120399354298,4,1
,,,,,1.0485835847990117,4,0
,,,,,0.5286669062908028,3,0
,,,,,0.3245048782490708,3,1
synthetic_product,0.5,0.5,0.5,100.0,0.48664607213371125,2,1
,,,,,0.6160914096792502,3,1
,,,,,0.5371369729078028,3,1
,,,,,0.963537953137694,4,0
,,,,,0.9526525114099212,3,0
,,,,,0.5038708324333481,3,0
,,,,,0.8127692128251034,3,0
,,,,,0.4704799052092225,4,1
,,,,,0.2740869162444841,4,1
synthetic_product,0.5,0.5,0.5,100.0,0.920376935752089,2,0
,,,,,0.3425686273256458,3,1
,,,,,0.3731336602441193,3,1
,,,,,0.1837045930810952,3,1
synthetic_product,0.5,0.5,0.5,100.0,0.6984415680140392,1,0
,,,,,0.8296796350069082,3,0
synthetic_product,0.5,0.5,0.5,100.0,0.6493139049016186,3,1
,,,,,1.226986818274369,3,1
,,,,,1.1386340595033688,4,1
,,,,,0.4702432349304132,3,0
,,,,,0.5905443930289781,4,1
synthetic_product,0.5,0.5,0.5,100.0,0.1956190971057702,2,0
,,,,,0.5732207048283092,3,1
,,,,,1.0196511232464869,4,1
,,,,,0.5880490782441753,4,1
synthetic_product,0.5,0.5,0.5,100.0,0.437508364939922,1,1
,,,,,0.867282848873084,3,0
,,,,,0.775214970552774,3,0
,,,,,0.5526072746675958,3,1
synthetic_product,0.5,0.5,0.5,100.0,0.20406356040130114,1,1
synthetic_product,0.5,0.5,0.5,100.0,0.40375458126188235,3,1
synthetic_product,0.5,0.5,0.5,100.0,0.3785502086843652,1,1
,,,,,1.2261757838269487,4,1
,,,,,0.9268823428745584,3,1
,,,,,0.5104938191471907,4,1
,,,,,0.8011627097179711,3,1
,,,,,1.160138245826157,4,0
,,,,,0.7655073297782647,4,1
,,,,,0.8500533155899592,3,1
,,,,,1.0876460860464074,4,0
,,,,,0.2631196733961805,3,1
,,,,,1.1450905995088547,4,1
,,,,,0.9127925851531632,3,0
,,,,,0.6960418379636599,3,0
,,,,,0.8487847689025244,3,1
,,,,,0.6350423647158081,3,1
,,,,,0.2934575576216252,3,1
,,,,,0.1540551944623315,3,1
,,,,,0.6130467835601021,4,1
,,,,,0.3117473732394195,3,0
,,,,,0.2267370312980368,3,1
,,,,,0.355271421993461,3,0
,,,,,0.6737651347307387,3,0
,,,,,0.6247517312991441,3,1
,,,,,0.7407816915483834,3,0
,,,,,0.919124204346458,3,0
,,,,,0.3746177000567038,3,0
,,,,,0.3955403794921917,3,1
,,,,,0.4545890718331231,3,0
,,,,,0.9520698931654054,3,0
,,,,,0.900657156227008,4,0
,,,,,0.5147912390041482,4,1
,,,,,0.959824228407098,4,1
,,,,,0.974413382233554,4,1
,,,,,1.0083549107868572,3,1
,,,,,0.3186123003825497,3,1
synthetic_product,0.5,0.5,0.5,100.0,0.4619984063392465,2,1
synthetic_product,0.5,0.5,0.5,100.0,1.0150517757169486,2,0
,,,,,0.3987390117305096,3,0
,,,,,0.960424918083734,4,0
synthetic_product,0.5,0.5,0.5,100.0,0.7197868662480181,2,1
,,,,,0.8634589814202863,4,0
,,,,,0.5608713999762753,3,1
,,,,,0.5609594103381002,4,1
,,,,,0.585980195142159,4,1
,,,,,0.4646450775198159,4,1
,,,,,0.3213433972702608,3,1
synthetic_product,0.5,0.5,0.5,100.0,0.45999643628350273,1,1
synthetic_product,0.5,0.5,0.5,100.0,0.8434525125273604,2,0
,,,,,0.59946977916029,3,0
synthetic_product,0.5,0.5,0.5,100.0,0.8007387220788649,1,0
,,,,,0.7201100197187031,3,0
synthetic_product,0.5,0.5,0.5,100.0,0.8232326607875253,2,0
,,,,,0.8326408539831243,3,1
,,,,,0.9370954452036222,4,1
synthetic_product,0.5,0.5,0.5,100.0,0.8645267537577139,1,1
synthetic_product,0.5,0.5,0.5,100.0,0.7635382905578803,1,1
synthetic_product,0.5,0.5,0.5,100.0,0.9825139473696616,2,1
,,,,,0.7410657253124773,3,0
,,,,,1.101572441662968,3,1
synthetic_product,0.5,0.5,0.5,100.0,0.8208298166173027,2,1
,,,,,0.4544779874109912,3,1
synthetic_product,0.5,0.5,0.5,100.0,0.6109291798429584,2,1
,,,,,1.093807221080377,4,0
,,,,,1.2175231896180332,4,0
,,,,,0.7217875533286965,3,1
synthetic_product,0.5,0.5,0.5,100.0,0.6050143901283358,3,1
,,,,,0.6541394953161112,3,1
,,,,,0.9781786628471272,4,1
,,,,,0.6073942781234392,3,1
,,,,,0.3329087042856649,3,1
,,,,,0.4921079298384289,3,0
synthetic_product,0.5,0.5,0.5,100.0,0.7300486600563506,2,0
,,,,,0.748834459768761,4,1
synthetic_product,0.5,0.5,0.5,100.0,0.6606158249457708,1,0
synthetic_product,0.5,0.5,0.5,100.0,0.48468843276696605,2,1
synthetic_product,0.5,0.5,0.5,100.0,1.1053178815079467,3,1
,,,,,0.5014312023539231,4,1
,,,,,1.005798264042156,4,1
,,,,,0.6597235511648951,4,0
,,,,,0.9032428910544622,3,1
,,,,,0.2854654204145258,3,0
,,,,,0.6864423841340526,4,0
,,,,,0.7622808944542027,4,1
,,,,,0.8120344268689801,4,1
,,,,,0.6115514230439799,4,1
,,,,,0.6275245106427436,3,1
,,,,,0.5293143916510027,4,1
,,,,,0.4819576182088763,3,0
,,,,,0.5516412652349215,3,1
,,,,,0.2287603815767211,3,1
,,,,,1.0421047759058089,4,0
,,,,,0.4311821731826425,4,0
,,,,,0.5534031690526583,3,1
,,,,,1.0180132751581024,3,0
,,,,,0.8222575179841721,3,1
,,,,,0.9459311748014309,4,1
,,,,,0.7968338041525209,3,0
,,,,,0.659515056689183,4,0
,,,,,0.5612169919663055,4,0
,,,,,0.644218936374943,4,0
,,,,,0.7980369859609076,3,0
,,,,,0.8512527371729077,3,1
,,,,,0.7402085965099227,3,1
,,,,,0.2358037477413303,3,1
,,,,,0.2857572812824852,3,1
,,,,,0.5895035676391268,3,0
,,,,,0.9490510226363484,3,0
,,,,,0.239601882039063,3,0
,,,,,0.4199082231725431,4,1
,,,,,0.9679027649455152,4,0
,,,,,0.7999141572092573,4,1
,,,,,0.6142487017026771,3,1
,,,,,0.9328846248049412,3,1
synthetic_product,0.5,0.5,0.5,100.0,0.772064040300186,3,0
,,,,,0.7880437456123093,4,1
synthetic_product,0.5,0.5,0.5,100.0,1.1854596199470773,2,1
synthetic_product,0.5,0.5,0.5,100.0,0.3635351683164907,2,1
,,,,,0.8301055454991598,4,1
synthetic_product,0.5,0.5,0.5,100.0,0.48141573808136906,2,1
,,,,,0.940452371029106,4,1
,,,,,0.6978696717911557,4,1
,,,,,0.6813242864939856,3,0
,,,,,0.6219146696715442,3,1
,,,,,0.4674138115257199,3,0
synthetic_product,0.5,0.5,0.5,100.0,0.739787677050176,1,1
synthetic_product,0.5,0.5,0.5,100.0,0.9780785970304486,3,1
,,,,,0.44238700807693,4,0
,,,,,0.4254447628127256,3,0
,,,,,0.8296427029671053,4,0
synthetic_product,0.5,0.5,0.5,100.0,0.6460041019722207,2,1
,,,,,0.401053488482655,4,1
,,,,,0.8795772667097339,3,0
synthetic_product,0.5,0.5,0.5,100.0,0.2754419442056239,1,1
,,,,,0.7162892357540874,3,0
,,,,,0.3509198532476623,4,1
,,,,,0.964262637250102,3,1
,,,,,0.519450359067342,3,1
,,,,,0.6591567617394749,3,1
,,,,,0.4929805174234917,3,1
synthetic_product,0.5,0.5,0.5,100.0,0.14520840636876742,1,0
,,,,,0.2813061489642009,3,0
,,,,,0.2292642757470224,3,0
synthetic_product,0.5,0.5,0.5,100.0,0.5832717734092141,2,0
,,,,,0.7790520212304596,4,1
,,,,,0.7757605051667666,3,0
,,,,,0.6830119002862939,3,1
,,,,,0.9939476543588472,3,1
synthetic_product,0.5,0.5,0.5,100.0,0.7477846508504583,2,0
,,,,,0.4267881666131866,3,0
synthetic_product,0.5,0.5,0.5,100.0,1.0568013839160826,2,0
synthetic_product,0.5,0.5,0.5,100.0,0.25758858468139034,2,1
synthetic_product,0.5,0.5,0.5,100.0,0.8133708956206948,3,0
,,,,,0.6296740173908436,4,1
,,,,,0.9884858303997384,4,1
,,,,,0.9406510581152868,4,1
,,,,,1.0512804705540058,4,0
,,,,,1.1259196588030815,3,0
,,,,,0.8609948730906324,3,1
synthetic_product,0.5,0.5,0.5,100.0,0.3353995033595818,2,1
,,,,,0.689280281321645,3,1
,,,,,0.4688607104795145,3,1
,,,,,1.0137396994226766,3,1
,,,,,0.6794929169804224,3,0
,,,,,0.4439225941589783,4,1
,,,,,0.4960579411613034,4,1
synthetic_product,0.5,0.5,0.5,100.0,0.790282927761889,3,1
,,,,,0.270965083613806,3,1
,,,,,0.680295320962516,3,0
,,,,,1.0329932107597648,4,1
,,,,,0.4819416451498122,4,1
,,,,,0.9291770700839632,4,1
,,,,,0.2227273144823552,3,1
,,,,,0.4334339617889417,3,1
,,,,,0.3431994710176717,4,0
,,,,,0.2614685939491347,3,1
,,,,,1.136343227579378,4,0
,,,,,0.7317826071874232,3,1
,,,,,0.4662814877303702,3,1
,,,,,0.7443901318991228,3,1
,,,,,0.5187938945622387,3,1
,,,,,0.2732643194669035,3,1
,,,,,1.101064755021672,4,1
,,,,,0.8996928148233752,3,1
,,,,,1.0363759645738493,4,0
,,,,,0.5398281260372185,4,0
,,,,,1.0630031257782222,4,0
,,,,,0.5388949623677649,4,0
,,,,,0.5836386237518841,3,1
,,,,,0.767443398186319,4,1
,,,,,0.505591287371303,3,1
,,,,,1.034584306959143,3,0
,,,,,0.946778870873884,4,0
synthetic_product,0.5,0.5,0.5,100.0,1.1969663707169007,3,1
,,,,,1.0584399918603469,4,0
synthetic_product,0.5,0.5,0.5,100.0,0.4679841021859061,1,1
synthetic_product,0.5,0.5,0.5,100.0,0.265090810445882,1,1
,,,,,0.8353450917555607,3,0
synthetic_product,0.5,0.5,0.5,100.0,0.438678984213977,2,1
synthetic_product,0.5,0.5,0.5,100.0,0.6036949915715429,2,0
synthetic_product,0.5,0.5,0.5,100.0,0.36728044520882397,1,1
synthetic_product,0.5,0.5,0.5,100.0,0.9906945067733259,3,1
,,,,,0.3319851747627428,3,1
,,,,,1.0039179418274622,3,1
,,,,,0.8271075467647385,3,0
synthetic_product,0.5,0.5,0.5,100.0,0.7127869982985098,1,1
,,,,,0.5724945316007826,4,1
,,,,,0.7763696322166572,4,0
synthetic_product,0.5,0.5,0.5,100.0,1.1168707560489282,2,0
,,,,,0.3783670684427453,3,1
,,,,,0.8593316831246623,4,1
,,,,,0.4969644653530507,3,1
,,,,,0.9947033404384408,4,1
synthetic_product,0.5,0.5,0.5,100.0,0.4109182407232872,2,0
,,,,,0.5869633033600341,3,0
,,,,,0.8803497895981565,3,1
,,,,,0.9536665324265948,3,0
,,,,,0.4143036012792487,3,0
synthetic_product,0.5,0.5,0.5,100.0,0.9862616796168859,2,0
synthetic_product,0.5,0.5,0.5,100.0,0.44914058532307444,3,1
,,,,,0.9015084214716624,3,0
,,,,,0.8800708314177716,3,0
,,,,,0.4248175781325464,4,1
synthetic_product,0.5,0.5,0.5,100.0,0.5907012382803845,1,0
,,,,,1.143301999426565,3,0
synthetic_product,0.5,0.5,0.5,100.0,0.2626300714358629,3,0
synthetic_product,0.5,0.5,0.5,100.0,0.317963161594937,1,0
synthetic_product,0.5,0.5,0.5,100.0,1.0124970622976286,2,1
synthetic_product,0.5,0.5,0.5,100.0,0.5482813974157276,1,1
synthetic_product,0.5,0.5,0.5,100.0,1.0226897902958714,3,0
,,,,,0.2971081115751196,4,1
,,,,,0.5551917623302588,4,0
,,,,,0.8491878577005245,4,0
synthetic_product,0.5,0.5,0.5,100.0,1.078336281551745,2,1
synthetic_product,0.5,0.5,0.5,100.0,0.5775749655673073,1,0
synthetic_product,0.5,0.5,0.5,100.0,1.251512614662012,3,1
,,,,,0.3659288856586499,4,1
,,,,,0.6656416351461953,3,0
,,,,,0.9155892483743822,3,0
,,,,,0.3950661616098752,4,1
synthetic_product,0.5,0.5,0.5,100.0,0.700672882371888,1,1
,,,,,0.810534122846715,4,1
,,,,,0.5918859727226193,3,0
,,,,,0.3694714346623378,3,1
,,,,,0.4576509516818698,3,1
,,,,,1.0225556209834146,3,0
,,,,,0.5660613646161522,4,1
,,,,,0.4820357383925135,3,1
,,,,,0.6037180836222594,3,1
,,,,,0.9320994751849702,4,1
,,,,,0.6376512541759422,3,1
,,,,,0.7029067428125182,4,0
,,,,,0.5376894677990243,3,1
,,,,,0.1978232227218893,3,1
,,,,,0.7000934713703799,3,0
,,,,,0.6652150271863212,3,1
,,,,,0.2125480982507856,3,1
,,,,,0.4114998332282453,4,1
,,,,,1.08271381683415,3,1
,,,,,0.7155033170918274,3,1
,,,,,0.9598304014215628,3,0
,,,,,0.341978962290511,4,1
,,,,,0.9021325566844578,3,1
,,,,,1.0387527082935055,4,1
,,,,,0.605112848726546,4,1
,,,,,0.5243842605210939,3,1
,,,,,0.5265311113993056,4,1
,,,,,0.2402576233066926,3,1
,,,,,0.2463250758741958,3,1
,,,,,1.0536071392335962,4,1
,,,,,0.618630749696152,3,0
,,,,,0.6069516183375866,3,1
,,,,,0.4436006987332325,4,1
,,,,,0.7493641829731831,3,1
,,,,,1.0313169751984828,3,0
,,,,,0.9994893069003624,4,1
,,,,,0.7956417131553388,3,0
,,,,,0.6697218644989298,3,0
,,,,,0.8018938805693355,3,1
,,,,,0.8077961420165121,3,1
synthetic_product,0.5,0.5,0.5,100.0,0.556681013024624,2,0
synthetic_product,0.5,0.5,0.5,100.0,0.6749767770927044,3,1
,,,,,0.4108667526706056,3,0
,,,,,0.7311954342106147,3,1
,,,,,0.3773679659488091,3,1
,,,,,0.6334054570467047,4,1
synthetic_product,0.5,0.5,0.5,100.0,0.630704164544618,1,0
synthetic_product,0.5,0.5,0.5,100.0,0.8320320840294124,1,0
synthetic_product,0.5,0.5,0.5,100.0,0.7569881637829633,3,0
,,,,,0.3637569256826477,3,1
synthetic_product,0.5,0.5,0.5,100.0,0.7148602916133794,2,1
,,,,,0.7751374048073936,3,0
,,,,,0.8581975678597824,3,0
,,,,,0.91327418860941,3,0
,,,,,0.5809068526479179,4,0
,,,,,0.6142367287083026,4,1
,,,,,0.9688313440093532,4,0
,,,,,0.8912178351362905,4,0
synthetic_product,0.5,0.5,0.5,100.0,0.7375816352855161,2,1
synthetic_product,0.5,0.5,0.5,100.0,0.7644937521901707,1,0
synthetic_product,0.5,0.5,0.5,100.0,0.31174317924886913,1,1
,,,,,1.0021519598249182,3,1
synthetic_product,0.5,0.5,0.5,100.0,0.32431943025735505,2,1
,,,,,0.913351179727823,4,1
synthetic_product,0.5,0.5,0.5,100.0,0.8184457492283654,2,1
synthetic_product,0.5,0.5,0.5,100.0,0.3905410473672647,1,1
,,,,,1.044723512931927,3,1
,,,,,0.864399693222577,3,0
synthetic_product,0.5,0.5,0.5,100.0,0.31560284251816245,2,1
,,,,,0.2985236751282365,3,1
,,,,,0.5530592218437609,3,1
,,,,,0.8529543435158181,4,1
,,,,,0.6579495249081101,4,1
synthetic_product,0.5,0.5,0.5,100.0,0.4363215809473473,1,0
,,,,,0.468331197950645,3,1
,,,,,0.5516667778910745,3,0
synthetic_product,0.5,0.5,0.5,100.0,0.5398008244085235,1,1
,,,,,0.2514025625204931,3,0
,,,,,0.5834934004561988,4,1
,,,,,0.5930427778129159,3,0
synthetic_product,0.5,0.5,0.5,100.0,1.134441515207511,3,1
,,,,,0.7216805141665992,4,0
,,,,,0.956735372229872,3,0
,,,,,0.7631540039462421,3,1
,,,,,0.3260009407335483,3,1
,,,,,0.3724212669428427,3,1
,,,,,1.0689219008281672,3,1
,,,,,0.9087661783804122,3,1
,,,,,1.041950917103159,3,1
,,,,,0.2622061266556229,3,0
,,,,,0.4429625695670293,4,1
,,,,,0.4000686405790744,3,1
,,,,,0.5046703291857182,3,0
,,,,,1.1508856864476391,4,0
,,,,,0.933980232189007,4,0
,,,,,0.2155121028677819,3,0
,,,,,0.4687134826687674,3,1
,,,,,1.0004160698174205,4,0
,,,,,0.4976761848803115,3,1
,,,,,0.9057400041102788,3,0
,,,,,0.6731126866487205,4,1
,,,,,0.4649194975693355,4,1
,,,,,0.6512766749937738,3,0
,,,,,0.7292691445440707,3,0
,,,,,0.4140747997149428,3,1
,,,,,0.8523512711841373,3,0
,,,,,0.7543359719514255,3,1
,,,,,0.4017734324744966,3,1
,,,,,0.8630078599101898,3,1
,,,,,0.7714243595664988,4,1
,,,,,0.6645667882875761,3,0
,,,,,0.7919141460121591,3,0
,,,,,0.3920065291806702,4,0
,,,,,0.8406036761598825,3,1
,,,,,0.8910080217840409,4,0
synthetic_product,0.5,0.5,0.5,100.0,0.7760071939384582,2,0
,,,,,0.7289860470893804,3,1
,,,,,0.4825578981436196,4,1
,,,,,0.9625774571551166,3,1
synthetic_product,0.5,0.5,0.5,100.0,0.8344083006487344,1,0
,,,,,0.9178028087722828,3,0
,,,,,0.737769772884585,4,1
,,,,,0.2646705204877753,3,1
synthetic_product,0.5,0.5,0.5,100.0,0.7155689059538866,3,0
synthetic_product,0.5,0.5,0.5,100.0,0.5067315343875354,1,1
,,,,,0.9025331145838252,4,1
synthetic_product,0.5,0.5,0.5,100.0,0.6537022281418693,2,0
,,,,,0.4455246283793908,4,1
,,,,,0.6597344520467383,3,1
,,,,,0.5496705179805951,3,0
,,,,,0.8693530333866439,3,0
,,,,,0.5447652691931693,3,0
,,,,,0.8009759308425771,3,1
,,,,,0.6585122773587675,3,0
,,,,,0.5163550885909555,3,1
,,,,,0.6758210240059902,3,1
,,,,,0.8820159262601572,3,0
synthetic_product,0.5,0.5,0.5,100.0,0.43780301269025806,2,1
,,,,,0.7567317612879976,3,1
synthetic_product,0.5,0.5,0.5,100.0,0.3225699768271237,1,1
,,,,,0.2589036264082769,3,1
synthetic_product,0.5,0.5,0.5,100.0,0.7109874783070401,2,1
,,,,,0.5893217838573196,4,0
,,,,,0.9945162870407004,4,1
,,,,,0.988463120194509,4,0
,,,,,0.4729971659208432,3,1
synthetic_product,0.5,0.5,0.5,100.0,0.7256783428616101,1,1
synthetic_product,0.5,0.5,0.5,100.0,0.7735649091285823,1,1
synthetic_product,0.5,0.5,0.5,100.0,0.9135079661578673,2,0
synthetic_product,0.5,0.5,0.5,100.0,0.6309478989780591,2,1
,,,,,0.9512696605702352,3,1
,,,,,0.8586498145434251,4,0
,,,,,0.2671437940718376,3,0
,,,,,0.7190181736163719,3,1
synthetic_product,0.5,0.5,0.5,100.0,0.4536983942752232,2,0
,,,,,0.5387283312789629,3,0
synthetic_product,0.5,0.5,0.5,100.0,1.0304038581974824,3,1
,,,,,0.3833996152179814,3,0
,,,,,0.5396214133252206,4,1
,,,,,0.7684716696217077,3,1
,,,,,1.0678772863574024,3,0
synthetic_product,0.5,0.5,0.5,100.0,0.5580568035329221,1,1
,,,,,1.0648260479565548,3,0
,,,,,0.6203243522945875,4,0
,,,,,0.3910376165647833,3,0
,,,,,0.8584216886310774,3,0
,,,,,0.464874775340998,3,1
synthetic_product,0.5,0.5,0.5,100.0,0.7267179469084859,2,0
synthetic_product,0.5,0.5,0.5,100.0,0.3402900057643957,2,1
,,,,,0.5955831465582533,3,0
synthetic_product,0.5,0.5,0.5,100.0,0.7253186169007678,1,0
,,,,,0.5575789573750413,3,0
,,,,,0.858805226072708,4,0
,,,,,0.5873240198305597,3,1
,,,,,0.3259702187415353,3,1
,,,,,0.8338291001430526,3,1
,,,,,0.6331766784958056,3,0
,,,,,0.4526400950455307,3,1
,,,,,0.8830752150475458,3,0
,,,,,0.7395320088295613,4,0
,,,,,0.4269743338992946,4,1
,,,,,0.7398044377774619,3,0
,,,,,0.646774501833304,3,0
,,,,,0.4004195813955383,4,1
,,,,,0.9154445745886955,4,0
,,,,,1.0129906967206297,4,1
,,,,,1.175961896309585,3,0
,,,,,0.6293624344885926,3,1
,,,,,0.6953730582135607,3,0
,,,,,0.6790485472488282,3,1
,,,,,0.5757635865317722,3,1
synthetic_product,0.5,0.5,0.5,100.0,0.5797102757659761,1,0
synthetic_product,0.5,0.5,0.5,100.0,0.8521172385149303,3,1
,,,,,0.9439646121477764,3,1
synthetic_product,0.5,0.5,0.5,100.0,0.5972624329652689,2,0
synthetic_product,0.5,0.5,0.5,100.0,0.22319701624668925,1,1
synthetic_product,0.5,0.5,0.5,100.0,0.11162152296779068,1,1
synthetic_product,0.5,0.5,0.5,100.0,0.8352093382059229,1,1
,,,,,0.9667701570564198,4,1
,,,,,1.0625571311955977,3,0
synthetic_product,0.5,0.5,0.5,100.0,0.5280163420508823,3,0
synthetic_product,0.5,0.5,0.5,100.0,0.5552684438555938,1,0
,,,,,0.4877322191067174,4,1
,,,,,0.7351618407137344,3,1
synthetic_product,0.5,0.5,0.5,100.0,0.6206913881524277,2,0
,,,,,1.0481199557664644,4,0
synthetic_product,0.5,0.5,0.5,100.0,0.3984333827168006,2,1
,,,,,1.013077435758737,4,0
,,,,,0.6120952716615188,3,0
,,,,,0.67892452912501,4,0
synthetic_product,0.5,0.5,0.5,100.0,0.8801806856865975,2,0
,,,,,0.3856210147555374,4,1
,,,,,1.0026702039605575,4,1
,,,,,0.6155168648909081,3,1
synthetic_product,0.5,0.5,0.5,100.0,1.1102292304033445,3,0
synthetic_product,0.5,0.5,0.5,100.0,0.5362485190748681,1,1
,,,,,0.6349422010158946,3,0
synthetic_product,0.5,0.5,0.5,100.0,0.6877519282333254,1,0
synthetic_product,0.5,0.5,0.5,100.0,0.6364499954821019,3,1
,,,,,0.1877706240280045,3,1
,,,,,0.3270227300932644,3,0
,,,,,0.6922249011855777,4,1
synthetic_product,0.5,0.5,0.5,100.0,0.7739622841227508,1,0
,,,,,1.1038019112574735,3,1
synthetic_product,0.5,0.5,0.5,100.0,0.4374646744121945,2,0
,,,,,0.4554848534980859,3,1
,,,,,0.8655660523690658,4,0
synthetic_product,0.5,0.5,0.5,100.0,0.5927147422161738,1,0
synthetic_product,0.5,0.5,0.5,100.0,0.6666737136351153,3,1
,,,,,0.6951714509397956,3,1
synthetic_product,0.5,0.5,0.5,100.0,0.8647452313741439,3,1
,,,,,0.8295340170808684,3,0
,,,,,0.5321912345340419,3,1
,,,,,0.8599976679608468,4,1
,,,,,0.4558179963874464,4,1
,,,,,0.5908959598386969,3,0
,,,,,0.5444503904881148,3,0
synthetic_product,0.5,0.5,0.5,100.0,0.5582076759048302,1,0
,,,,,0.6243682105085105,4,1
,,,,,0.9034716953628662,4,0
,,,,,0.5172846802791156,3,0
,,,,,1.0091598744841166,3,0
,,,,,0.7826504926937372,3,0
synthetic_product,0.5,0.5,0.5,100.0,0.6690536100031339,3,1
,,,,,0.7077283602774604,4,0
,,,,,0.3964133343628414,4,1
synthetic_product,0.5,0.5,0.5,100.0,0.6649093537985349,1,0
,,,,,0.6182743925589316,3,1
,,,,,0.6683856671840026,3,0
,,,,,0.7544440560387344,4,1
,,,,,1.0511958946157651,4,0
,,,,,1.126091545816542,4,0
,,,,,0.5944781871998616,3,0
,,,,,0.8197547079350508,4,1
,,,,,1.1026434763895667,3,1
,,,,,1.163143974077944,3,1
,,,,,0.3361127190198699,3,1
,,,,,0.3164129268207219,4,1
,,,,,0.8041796797647011,3,0
,,,,,0.9911245863462156,3,0
,,,,,0.6170131010406973,3,1
,,,,,0.6114765768546344,4,1
,,,,,0.6954414842462907,4,0
,,,,,0.8736488882371274,4,1
,,,,,0.6524631985718632,3,1
,,,,,0.8513225606130975,4,0
,,,,,0.5477428936658318,3,0
,,,,,0.2653637736247631,3,1
,,,,,0.9232502693817132,4,1
,,,,,1.020014178428818,4,0
,,,,,0.3871581283526066,3,0
,,,,,0.8330730214841802,3,0
,,,,,0.3829120582983126,4,1
,,,,,0.6675840134393236,4,1
synthetic_product,0.5,0.5,0.5,100.0,0.4836468937879837,1,0
synthetic_product,0.5,0.5,0.5,100.0,0.6509241936530368,3,1
,,,,,0.6253259573375746,4,0
synthetic_product,0.5,0.5,0.5,100.0,0.5435022538064929,1,0
,,,,,0.5191079632101299,3,1
,,,,,0.9314128122604736,3,0
,,,,,0.4279156146901229,3,1
,,,,,0.9443155539104354,3,0
synthetic_product,0.5,0.5,0.5,100.0,0.46081551685926725,2,1
,,,,,0.2127722703368996,3,1
,,,,,0.5217077864476708,3,1
synthetic_product,0.5,0.5,0.5,100.0,1.0602828480935726,2,0
synthetic_product,0.5,0.5,0.5,100.0,0.1909444923434991,1,1
,,,,,0.6125967534118683,3,1
,,,,,0.9203984918875476,3,0
synthetic_product,0.5,0.5,0.5,100.0,0.6137650011493597,3,1
,,,,,1.042674645139621,3,1
,,,,,0.8273606677791115,4,1
synthetic_product,0.5,0.5,0.5,100.0,0.7234263517254701,2,0
,,,,,0.562411355524872,4,1
,,,,,0.8114445484935474,3,0
,,,,,1.1692052718771286,3,0
synthetic_product,0.5,0.5,0.5,100.0,0.7168903552828274,1,1
,,,,,0.5434017838119095,3,1
,,,,,0.5719824177278984,4,1
,,,,,0.3297267967841437,3,1
synthetic_product,0.5,0.5,0.5,100.0,0.6839357881325123,2,1
synthetic_product,0.5,0.5,0.5,100.0,0.8790883965718619,2,1
,,,,,0.4832099225569429,3,1
,,,,,0.5782625658448947,3,1
synthetic_product,0.5,0.5,0.5,100.0,0.4882743832398734,3,1
synthetic_product,0.5,0.5,0.5,100.0,0.6241775228641265,1,0
,,,,,0.6747496232917235,4,0
,,,,,0.6704374446321658,3,0
synthetic_product,0.5,0.5,0.5,100.0,0.6990164696885002,3,1
synthetic_product,0.5,0.5,0.5,100.0,0.5430658662850805,1,1
,,,,,0.4032404364911829,3,0
synthetic_product,0.5,0.5,0.5,100.0,0.7465991692726998,1,1
,,,,,0.3675511071033245,3,1
,,,,,0.8812726354700026,3,0
,,,,,0.8603876301725889,3,0
,,,,,0.4675018283123591,3,1
synthetic_product,0.5,0.5,0.5,100.0,0.12134332533782993,1,1
,,,,,0.4879026915369041,4,1
,,,,,0.3439593851587036,3,1
synthetic_product,0.5,0.5,0.5,100.0,0.9385757482338262,1,0
,,,,,1.1048310344667926,3,1
synthetic_product,0.5,0.5,0.5,100.0,1.0226737224667566,2,0
,,,,,0.6524082650509606,4,1
,,,,,0.6122979043417672,4,1
,,,,,0.2883343990905592,3,1
,,,,,0.6849537811378478,3,0
,,,,,0.9188473052959668,3,0
synthetic_product,0.5,0.5,0.5,100.0,0.43251677149748496,2,0
synthetic_product,0.5,0.5,0.5,100.0,0.3385416563745437,3,1
synthetic_product,0.5,0.5,0.5,100.0,0.6823330627029403,3,1
,,,,,0.3535963854910344,3,1
,,,,,0.6859275551444995,4,0
,,,,,0.7100638246395593,4,0
,,,,,0.5978662807013365,3,1
,,,,,0.9157498573600475,3,0
,,,,,0.3817082721199342,3,0
,,,,,1.263269187576976,4,0
,,,,,0.4759068490751717,3,1
,,,,,0.8906754602962885,3,0
,,,,,0.6207456772375104,3,1
,,,,,0.6463127127457493,4,0
,,,,,0.7322811847247827,4,0
,,,,,0.7645530603978606,3,0
,,,,,1.0107304142998077,3,0
,,,,,0.6411247607128484,3,1
,,,,,1.2417538641359724,4,0
,,,,,0.572934998273627,3,1
synthetic_product,0.5,0.5,0.5,100.0,0.8171032046417037,2,0
,,,,,0.9996122737310776,4,0
synthetic_product,0.5,0.5,0.5,100.0,0.5932037434147471,2,1
,,,,,1.0603337113031852,4,0
,,,,,0.605510564963926,3,1
,,,,,0.454662343833925,3,1
,,,,,0.5840490324572205,3,1
,,,,,0.120023380981132,3,1
,,,,,0.338087243676015,3,1
synthetic_product,0.5,0.5,0.5,100.0,0.8638345342437181,1,0
synthetic_product,0.5,0.5,0.5,100.0,0.4416715594409182,2,0
,,,,,0.5586603578656195,3,0
,,,,,0.5139247321146642,3,0
,,,,,0.5845356549238577,4,1
,,,,,0.7297453674193707,4,1
,,,,,0.5898696512670888,4,1
,,,,,0.4740252712519801,4,1
,,,,,0.5314638899502114,4,0
,,,,,0.7413384136715016,4,1
,,,,,0.4350881813115701,3,1
,,,,,0.7269037339897797,4,1
,,,,,0.3921347621227865,3,1
,,,,,0.2826734841891861,4,1
,,,,,0.9422574949858294,3,0
,,,,,0.9950076732811758,4,1
synthetic_product,0.5,0.5,0.5,100.0,0.37506611066810075,1,1
,,,,,0.8267358551112907,3,0
,,,,,0.945764981250819,3,0
synthetic_product,0.5,0.5,0.5,100.0,0.6419729273821612,2,1
,,,,,0.6615185493008203,3,0
,,,,,0.8713207484302531,3,1
,,,,,0.9140042819062976,3,0
,,,,,0.6657162054595327,3,0
,,,,,0.5374692667148713,3,1
,,,,,0.48598629867952,4,1
,,,,,0.8890367175697956,3,0
,,,,,0.8206869867913942,4,0
,,,,,0.2956451935171067,3,0
synthetic_product,0.5,0.5,0.5,100.0,0.30263209776702105,3,0
,,,,,0.7974743905282016,4,1
,,,,,0.4212855117614466,3,0
,,,,,0.9951587245917436,4,0
,,,,,0.7719792476538702,3,0
synthetic_product,0.5,0.5,0.5,100.0,0.5166536518896631,1,1
,,,,,0.8321289758433535,3,1
synthetic_product,0.5,0.5,0.5,100.0,0.36776771422666704,1,0
,,,,,1.0782907436889402,3,1
,,,,,0.3863571749042042,3,0
,,,,,0.4694301811126452,3,1
,,,,,0.6931487300076313,4,0
synthetic_product,0.5,0.5,0.5,100.0,0.5713951717934581,2,1
,,,,,1.0929542355989867,4,0
synthetic_product,0.5,0.5,0.5,100.0,0.47191172347889004,1,0
synthetic_product,0.5,0.5,0.5,100.0,0.5525223675485822,2,1
,,,,,0.9281023490535464,3,1
,,,,,0.6598852571383678,4,0
synthetic_product,0.5,0.5,0.5,100.0,0.8145877572527613,3,0
,,,,,0.1988063952968076,3,1
,,,,,0.7074310435767456,3,0
synthetic_product,0.5,0.5,0.5,100.0,0.5548761908371084,3,1
synthetic_product,0.5,0.5,0.5,100.0,0.36022260658145244,2,1
synthetic_product,0.5,0.5,0.5,100.0,0.3805101575210382,1,1
,,,,,0.8906385659560215,4,1
,,,,,0.3917174675386797,3,0
,,,,,0.2116491577748888,3,1
,,,,,0.9480588978956626,3,0
,,,,,0.5923125564364063,3,1
,,,,,0.501081483975364,4,1
,,,,,1.1979553040638815,4,0
,,,,,0.860079371572591,3,1
,,,,,0.6672871221441654,3,0
,,,,,0.3473153041921166,4,1
,,,,,0.4768696550910792,3,0
,,,,,0.5173333415273037,3,0
,,,,,0.5919748063844685,3,1
,,,,,0.835069940950374,3,1
,,,,,0.2170857457637963,3,1
,,,,,0.5607507234111033,3,1
,,,,,0.7968474663958269,3,0
,,,,,0.7421814896862817,4,0
,,,,,0.7371456993543041,4,1
synthetic_product,0.5,0.5,0.5,100.0,0.7917662304636476,2,0
synthetic_product,0.5,0.5,0.5,100.0,0.5167285924389758,3,1
,,,,,0.9398437951538804,3,0
,,,,,0.7054853898526356,3,0
synthetic_product,0.5,0.5,0.5,100.0,0.8771957652026243,1,1
,,,,,0.8934465428043598,3,0
synthetic_product,0.5,0.5,0.5,100.0,0.7421029247156794,3,1
,,,,,0.7708915429216887,3,1
,,,,,0.6579061294304817,3,1
,,,,,0.5327303865862804,3,1
,,,,,0.4204438878289093,3,0
synthetic_product,0.5,0.5,0.5,100.0,0.4074400646831704,2,1
synthetic_product,0.5,0.5,0.5,100.0,0.6329980023188216,3,1
,,,,,0.7578281902569826,3,0
synthetic_product,0.5,0.5,0.5,100.0,0.6108184498624695,2,0
,,,,,0.9696021806969958,4,0
,,,,,0.5579020411327009,3,1
,,,,,0.7424722442975303,3,0
,,,,,0.4134161004851827,4,1
synthetic_product,0.5,0.5,0.5,100.0,1.0520728589308652,3,0
synthetic_product,0.5,0.5,0.5,100.0,0.6215062893445175,1,0
synthetic_product,0.5,0.5,0.5,100.0,0.6219487936376853,1,1
synthetic_product,0.5,0.5,0.5,100.0,0.11954009277794989,1,1
synthetic_product,0.5,0.5,0.5,100.0,0.5103979709009158,2,0
,,,,,0.5812644968263204,3,0
synthetic_product,0.5,0.5,0.5,100.0,0.2838637007057321,1,1
,,,,,0.7116459637925776,3,0
,,,,,0.5404276643430325,3,0
,,,,,0.5115351048556849,3,1
,,,,,0.4517576086493196,3,1
synthetic_product,0.5,0.5,0.5,100.0,0.658650018967437,3,1
,,,,,0.5566059114650931,4,0
synthetic_product,0.5,0.5,0.5,100.0,0.4037385465509167,1,1
,,,,,0.4947433041744679,3,1
synthetic_product,0.5,0.5,0.5,100.0,0.5107961272272799,3,1
,,,,,0.7079925969136366,3,1
synthetic_product,0.5,0.5,0.5,100.0,1.106829782021533,2,1
synthetic_product,0.5,0.5,0.5,100.0,0.7832274003775581,2,0
synthetic_product,0.5,0.5,0.5,100.0,0.31060173551952813,1,1
synthetic_product,0.5,0.5,0.5,100.0,0.607417657531021,1,1
,,,,,0.7477793211181799,3,1
,,,,,0.5924549164498998,3,0
,,,,,0.8089206244913646,4,0
,,,,,0.8200687745910196,4,1
synthetic_product,0.5,0.5,0.5,100.0,0.8651005102836912,3,1
synthetic_product,0.5,0.5,0.5,100.0,0.3708698550041307,3,1
,,,,,0.2769044555023106,3,1
,,,,,0.5991864518064707,4,0
synthetic_product,0.5,0.5,0.5,100.0,1.1343471325483745,1,0
,,,,,0.4694450243291434,4,1
synthetic_product,0.5,0.5,0.5,100.0,0.5824788360212653,2,0
synthetic_product,0.5,0.5,0.5,100.0,0.48973922639245254,1,1
,,,,,0.7632336588325214,3,0
,,,,,0.3936896071387007,4,0
,,,,,0.7541347689071196,3,1
,,,,,0.6715039369071503,3,0
,,,,,0.7012907316709067,4,1
,,,,,0.5162466870712434,4,1
,,,,,0.5367134020713463,4,0
,,,,,0.727606847836685,3,0
,,,,,0.2489272265773716,4,1
,,,,,0.7504905556725132,4,1
,,,,,0.3278168238806427,3,1
,,,,,0.3592738067804661,4,1
,,,,,0.3826246042472604,3,1
,,,,,0.7520416744427435,3,0
,,,,,0.9452446902054512,3,1
,,,,,0.5181262164933484,3,0
,,,,,0.4224017292336741,3,1
,,,,,0.4085077753422776,3,1
,,,,,0.52500575499652,4,1
,,,,,0.5191433894233917,3,1
,,,,,0.6929567623951116,4,1
,,,,,0.8238739894760904,4,0
,,,,,0.7907900673021344,3,1
,,,,,0.6493054203881635,3,0
synthetic_product,0.5,0.5,0.5,100.0,0.8841603013611101,2,1
,,,,,0.8712590626517939,4,0
synthetic_product,0.5,0.5,0.5,100.0,0.8176083012054893,1,1
synthetic_product,0.5,0.5,0.5,100.0,0.7793888832504651,3,0
,,,,,0.8941497213905089,3,0
,,,,,0.5816845925185201,4,1
synthetic_product,0.5,0.5,0.5,100.0,1.0339129530235942,2,0
synthetic_product,0.5,0.5,0.5,100.0,0.7901561223768481,2,0
synthetic_product,0.5,0.5,0.5,100.0,0.7173198613691901,1,0
,,,,,1.1023370523849612,3,0
,,,,,0.5610340745312403,4,1
,,,,,0.467146979901145,3,0
synthetic_product,0.5,0.5,0.5,100.0,0.4877037763024651,1,1
,,,,,0.3766580153325891,3,1
synthetic_product,0.5,0.5,0.5,100.0,0.6856599372998661,1,1
synthetic_product,0.5,0.5,0.5,100.0,0.43593782797841896,2,1
,,,,,0.5163036171652285,3,1
,,,,,0.9972115576350148,3,0
,,,,,1.095239035844196,3,0
,,,,,0.7254759619354569,3,0
,,,,,0.8533813589246594,3,0
,,,,,0.5371688058678792,3,0
synthetic_product,0.5,0.5,0.5,100.0,0.943562587268963,2,0
,,,,,0.5130713150146634,3,1
synthetic_product,0.5,0.5,0.5,100.0,0.4049860700657516,2,1
,,,,,0.4848419576115086,4,0
,,,,,1.1415320767224344,4,1
synthetic_product,0.5,0.5,0.5,100.0,0.8581823990867745,3,0
synthetic_product,0.5,0.5,0.5,100.0,0.34299338673916524,2,1
synthetic_product,0.5,0.5,0.5,100.0,0.5343795102414942,2,1
,,,,,0.7944722312396649,3,0
,,,,,0.8523303568231225,3,1
synthetic_product,0.5,0.5,0.5,100.0,0.5960853971577131,1,0
,,,,,0.8189768176591149,3,1
,,,,,0.7864938964277569,3,1
synthetic_product,0.5,0.5,0.5,100.0,1.27121964106201,3,0
,,,,,0.8613378493180347,4,0
synthetic_product,0.5,0.5,0.5,100.0,0.6098990688647336,2,0
synthetic_product,0.5,0.5,0.5,100.0,0.9811053717871304,3,0
,,,,,0.917020023813486,3,0
,,,,,0.738738697652773,3,0
synthetic_product,0.5,0.5,0.5,100.0,0.9240498899054393,3,0
,,,,,0.4484905274797514,3,1
,,,,,0.6251903484128156,4,0
,,,,,0.7461718157968155,3,0
,,,,,0.5959293883851998,3,0
,,,,,1.0762029564490567,4,1
,,,,,0.7273765976398183,3,1
,,,,,0.6894636746769208,3,1
,,,,,0.5350445262080561,3,0
,,,,,0.6687544256213116,4,1
,,,,,0.8945020511492365,4,0
,,,,,0.7233807264143611,3,1
,,,,,0.905891894853952,3,0
,,,,,0.9798859837180052,4,1
,,,,,0.8311144306176577,3,1
,,,,,0.3646380642804587,4,0
,,,,,0.8912044424739515,4,1
,,,,,0.948410980391771,3,1
,,,,,0.5695283439880525,3,1
,,,,,0.4326559136034387,3,1
,,,,,0.9786110532873618,3,0
,,,,,0.4871954834872385,3,0
,,,,,0.8646941611110446,3,1
,,,,,0.8825819689206931,3,1
,,,,,0.3925951729085348,3,1
,,,,,0.3933112853758935,3,1
,,,,,0.7400922516265144,4,0
,,,,,0.7890152159828303,3,1
,,,,,0.2287703254656459,3,1
,,,,,0.5545505423131977,3,1
,,,,,0.8046504281591356,3,0
,,,,,0.7971346807746478,3,1
,,,,,1.133015691774097,3,1
,,,,,1.1183911236290027,4,0
,,,,,0.5483939669165951,3,1
,,,,,1.008410676885255,3,1
,,,,,0.8482961604082405,3,1
,,,,,0.8459486539992551,4,0
,,,,,0.956373529204867,3,1
,,,,,0.5219715984118983,3,1
,,,,,0.197884807964272,3,1
synthetic_product,0.5,0.5,0.5,100.0,0.7422096609806877,1,0
synthetic_product,0.5,0.5,0.5,100.0,0.6246012618357725,1,0
,,,,,0.773703618500032,3,0
,,,,,0.8599428180050718,3,0
,,,,,0.6080375886300164,3,1
,,,,,0.6504629936296374,3,0
synthetic_product,0.5,0.5,0.5,100.0,0.7548533514053933,1,1
,,,,,0.9352618410845692,3,1
,,,,,0.2914865090626452,3,1
,,,,,0.9573271852973716,4,0
,,,,,0.3151097147735909,3,0
,,,,,0.7079003056107801,3,1
,,,,,0.3860195334399915,4,1
synthetic_product,0.5,0.5,0.5,100.0,0.7113864566490601,3,1
synthetic_product,0.5,0.5,0.5,100.0,0.6105311504186248,1,1
,,,,,0.9105361745108173,4,1
,,,,,0.4441498070964981,3,1
synthetic_product,0.5,0.5,0.5,100.0,0.26506958311606155,1,1
,,,,,1.076728560642223,3,1
,,,,,0.9618371164138012,3,1
,,,,,0.5133940727367057,3,1
,,,,,0.816473582683912,4,1
,,,,,0.9516601348341645,3,0
synthetic_product,0.5,0.5,0.5,100.0,0.38449315675839285,2,0
,,,,,0.2458377035107286,3,1
,,,,,0.5509558298364331,3,1
,,,,,0.968038787773676,4,1
,,,,,0.344658727386685,3,1
,,,,,0.5562521434909443,3,1
,,,,,0.2153743150452952,3,1
,,,,,1.0110911370697515,3,0
synthetic_product,0.5,0.5,0.5,100.0,0.3977100381134536,1,1
,,,,,1.0965711914002871,3,1
,,,,,1.0173862635429205,3,0
,,,,,0.8587519640716622,3,0
synthetic_product,0.5,0.5,0.5,100.0,0.5360112295087158,1,1
,,,,,0.5529021732872735,3,1
,,,,,1.0534131899346404,3,1
,,,,,0.9993329762336975,3,0
synthetic_product,0.5,0.5,0.5,100.0,0.9869647814246836,2,1
synthetic_product,0.5,0.5,0.5,100.0,0.7905793762561046,1,1
,,,,,0.9506989984502148,4,1
,,,,,0.962396152418362,3,1
,,,,,0.5674179896998717,4,1
synthetic_product,0.5,0.5,0.5,100.0,0.6756684105264572,2,1
synthetic_product,0.5,0.5,0.5,100.0,0.9141789761389116,1,1
,,,,,1.1167351115564406,3,1
synthetic_product,0.5,0.5,0.5,100.0,0.4919866751362694,1,1
,,,,,0.7775515489521336,3,1
synthetic_product,0.5,0.5,0.5,100.0,1.0748255767364627,1,1
,,,,,0.8805638426468505,3,0
,,,,,0.190897821958324,3,1
,,,,,0.7530421703307727,4,0
,,,,,0.9127401394834757,3,0
,,,,,0.7029272063710512,3,0
,,,,,0.9241653925356712,4,0
,,,,,0.9242651900641904,3,1
synthetic_product,0.5,0.5,0.5,100.0,0.2779922887460601,2,1
,,,,,0.7306413789134578,3,1
,,,,,0.687963465600977,3,1
,,,,,0.4519668265790049,3,0
,,,,,0.3939143637770628,3,0
,,,,,0.9683898655219716,4,0
,,,,,0.5739532919285399,4,1
,,,,,0.5657884953232865,3,1
,,,,,0.6354429357331118,4,1
,,,,,0.8437523455924871,3,1
,,,,,0.721379371520058,3,0
,,,,,0.3980221091614158,3,1
,,,,,1.203393165794472,4,0
,,,,,0.6446160343662,3,0
,,,,,0.9993728490356434,4,0
,,,,,0.5660638786458351,4,0
,,,,,0.888832459628475,3,0
,,,,,0.9527537351095378,3,1
,,,,,0.6757415206353081,3,0
,,,,,0.9005046065432206,3,1
,,,,,0.236356771950245,3,1
synthetic_product,0.5,0.5,0.5,100.0,0.349933813499988,1,1
synthetic_product,0.5,0.5,0.5,100.0,0.2218718560724023,1,1
,,,,,0.7101112521188309,3,1
synthetic_product,0.5,0.5,0.5,100.0,0.6639037627354119,2,1
,,,,,0.473211566598366,3,0
,,,,,0.8609846017974766,3,0
,,,,,0.7984344935846055,4,1
,,,,,0.5799487601280231,4,0
,,,,,0.3895380144722361,3,1
,,,,,1.1649727170014004,4,0
,,,,,0.3670752065785551,3,1
,,,,,0.7020738961578261,3,0
synthetic_product,0.5,0.5,0.5,100.0,0.7505350378565365,1,0
synthetic_product,0.5,0.5,0.5,100.0,1.0255802480709106,2,0
,,,,,0.4137228493920561,3,1
synthetic_product,0.5,0.5,0.5,100.0,0.5510312723810245,2,0
synthetic_product,0.5,0.5,0.5,100.0,0.1936448778725373,2,1
,,,,,0.6520086701049603,3,1
,,,,,0.7421898315587394,3,1
,,,,,0.8415362867367726,3,1
,,,,,1.002055988209304,4,0
,,,,,0.9044789027348576,4,1
,,,,,0.1506515677347946,3,1
,,,,,0.6780656752330204,3,1
,,,,,0.8667115035536375,3,1
synthetic_product,0.5,0.5,0.5,100.0,0.7674608174285619,1,1
,,,,,0.4737087322532921,3,1
synthetic_product,0.5,0.5,0.5,100.0,0.7055548985670094,2,1
,,,,,0.893051207186779,4,0
,,,,,0.2071088171311379,3,1
synthetic_product,0.5,0.5,0.5,100.0,0.14894322197909307,1,1
,,,,,0.2100772245431688,3,1
,,,,,0.8795642780650034,3,0
,,,,,0.6541109173777897,3,0
,,,,,0.6085329254030658,3,1
,,,,,0.6040105394918589,3,1
,,,,,0.2836393533678136,3,1
,,,,,0.4697122295448968,3,1
,,,,,0.9216110643445796,3,1
,,,,,0.8008671790994992,3,1
synthetic_product,0.5,0.5,0.5,100.0,0.391945360309645,3,1
,,,,,0.67477346404905,3,0
,,,,,0.7555741359611103,3,0
,,,,,0.7672020002974643,3,0
synthetic_product,0.5,0.5,0.5,100.0,0.915004000123439,2,1
,,,,,0.7670977400384692,3,1
,,,,,0.3853386631147421,3,1
synthetic_product,0.5,0.5,0.5,100.0,0.8190930499797657,1,1
,,,,,0.5025293622805321,3,1
,,,,,0.7847781354775004,4,1
,,,,,0.714026991896801,4,1
,,,,,1.0451549030212532,4,0
,,,,,0.7532284037404835,4,1
,,,,,0.3357116729092028,3,1
,,,,,0.523158404248788,3,1
,,,,,0.8197307992685609,3,1
,,,,,1.0839005465133669,3,0
,,,,,0.6626781147704596,4,1
,,,,,0.9428440798689276,3,0
,,,,,0.5400873658941048,4,1
,,,,,0.7808951557345761,3,0
,,,,,0.7940039119211624,4,1
,,,,,1.2600563399633409,4,0
,,,,,0.3901770828309005,4,1
,,,,,0.7906107067224803,3,0
,,,,,0.7585289592029812,3,0
,,,,,1.1202976550926769,4,0
,,,,,0.8705428087580681,3,0
,,,,,0.7258106411859437,3,1
,,,,,1.0266452192928142,3,0
,,,,,0.8154726801517329,3,1
,,,,,1.27644424358149,4,0
,,,,,0.4478246194303799,3,0
,,,,,0.6574199038160836,3,1
,,,,,0.1947401497264702,3,1
,,,,,1.0052324033768396,4,1
,,,,,0.9550427422066636,4,0
,,,,,0.6787283532167411,4,1
,,,,,1.016286703413133,3,1
,,,,,0.4963861352472224,4,1
,,,,,0.4402476047066116,4,1
,,,,,1.0588706149664069,4,0
synthetic_product,0.5,0.5,0.5,100.0,0.5362773259429537,2,1
,,,,,0.8762946007392493,3,0
,,,,,1.0166813036264046,4,0
synthetic_product,0.5,0.5,0.5,100.0,0.623835562311847,2,1
,,,,,0.4967701141676006,3,0
,,,,,0.613022904008926,4,1
synthetic_product,0.5,0.5,0.5,100.0,0.7113827269358817,2,0
synthetic_product,0.5,0.5,0.5,100.0,1.0205332180186042,3,0
,,,,,1.0582836435756635,3,0
synthetic_product,0.5,0.5,0.5,100.0,0.4695728727126803,1,0
,,,,,0.7096890448300611,3,0
,,,,,0.6006666664983571,3,1
,,,,,0.7420424692887209,4,1
,,,,,0.2731173813361516,3,1
synthetic_product,0.5,0.5,0.5,100.0,0.9186384340494186,2,1
,,,,,1.2180455188658508,4,1
,,,,,0.71715380748606,3,1
,,,,,1.0083112550777422,4,1
,,,,,0.557369040728812,3,1
,,,,,0.453120413764616,3,1
synthetic_product,0.5,0.5,0.5,100.0,0.5679495104456737,2,1
,,,,,0.7678966088251374,3,1
synthetic_product,0.5,0.5,0.5,100.0,0.6545258567297041,2,0
synthetic_product,0.5,0.5,0.5,100.0,0.7321386894609286,2,0
synthetic_product,0.5,0.5,0.5,100.0,0.8678141006096788,2,0
,,,,,0.5780067750209094,3,1
synthetic_product,0.5,0.5,0.5,100.0,0.48492647684318213,1,0
,,,,,1.0739515717183634,4,0
,,,,,0.9048930619168212,3,0
synthetic_product,0.5,0.5,0.5,100.0,0.3169942025248894,2,1
synthetic_product,0.5,0.5,0.5,100.0,0.4376247358988279,3,0
,,,,,0.6713263256650087,4,1
,,,,,0.4815800100378158,4,0
,,,,,0.7794948088032171,4,0
,,,,,0.7766009186166734,4,0
,,,,,0.6754599995323759,3,1
synthetic_product,0.5,0.5,0.5,100.0,0.7422477274912374,2,0
,,,,,0.681012303370827,3,0
,,,,,0.8236126686504605,3,0
,,,,,0.9453940940082892,3,0
synthetic_product,0.5,0.5,0.5,100.0,0.2564384904759287,1,1
,,,,,0.4689433970499692,4,1
,,,,,0.3409443511185135,3,1
,,,,,0.423006235317095,4,0
,,,,,0.2523447989110103,3,1
,,,,,0.9983334736085822,3,0
,,,,,0.8661332403080165,3,0
,,,,,0.3983284803582608,4,0
,,,,,0.4729709310966055,4,0
,,,,,0.7674600994980145,4,0
,,,,,0.9555815810602756,3,0
,,,,,0.3480864945473187,3,0
,,,,,0.965393536215382,3,0
,,,,,0.7618552607552754,3,1
,,,,,0.9900347355682472,4,1
,,,,,1.0398272945335052,4,1
,,,,,0.5919933665903989,3,0
,,,,,0.9526645386786212,3,1
,,,,,0.8076257494788627,4,0
,,,,,0.9129364340004148,3,0
,,,,,0.9371906732187634,3,0
,,,,,0.6314771659711811,4,0
,,,,,0.7230558803826486,3,1
,,,,,0.9363024830136468,4,0
,,,,,0.969199723857498,4,0
,,,,,0.9466864522043652,3,1
,,,,,0.4944366242413415,4,0
,,,,,0.5520797670296065,3,0
,,,,,0.6190904490524742,3,0
,,,,,0.4903050452140635,3,1
,,,,,0.5278192243432637,3,1
,,,,,0.907201077715074,4,1
,,,,,0.4056721381822657,4,1
,,,,,0.7557652523413826,3,0
,,,,,0.8959008701488894,4,0
,,,,,0.6844876607889948,4,1
,,,,,0.5467177381863849,3,1
,,,,,0.8565793158019402,4,1
,,,,,0.7791983847457125,3,1
,,,,,0.7029632696912851,3,0
,,,,,0.6369395838768257,3,0
synthetic_product,0.5,0.5,0.5,100.0,0.5718853088205057,3,0
synthetic_product,0.5,0.5,0.5,100.0,0.6436565412867719,2,1
,,,,,0.7633534297466871,3,0
,,,,,0.8651044304623795,3,0
,,,,,0.4531702056802322,3,1
,,,,,0.4704637126018264,3,1
synthetic_product,0.5,0.5,0.5,100.0,0.7256651452100669,2,1
,,,,,0.4691436793337612,3,1
synthetic_product,0.5,0.5,0.5,100.0,0.2481985432430846,1,0
synthetic_product,0.5,0.5,0.5,100.0,0.17156881682921923,1,1
,,,,,0.5826475929389533,4,1
,,,,,1.0837780855696373,3,0
,,,,,0.3684471796262419,3,1
synthetic_product,0.5,0.5,0.5,100.0,0.28827498369910154,2,1
synthetic_product,0.5,0.5,0.5,100.0,0.5220570544601928,1,1
,,,,,0.9575132589869788,3,1
synthetic_product,0.5,0.5,0.5,100.0,0.27967252396236614,2,1
,,,,,0.4376355305996662,4,1
synthetic_product,0.5,0.5,0.5,100.0,0.49300234137696897,1,1
,,,,,1.023105918128634,3,0
,,,,,0.8244901048636829,3,0
,,,,,0.6831862349135495,4,1
,,,,,0.803416983127625,4,1
synthetic_product,0.5,0.5,0.5,100.0,0.778712648150578,2,1
,,,,,0.3699945152542907,3,1
synthetic_product,0.5,0.5,0.5,100.0,0.3970372245033747,1,1
,,,,,0.3927579622620555,3,1
,,,,,0.7970841382334367,3,1
,,,,,0.6103300818984794,4,1
synthetic_product,0.5,0.5,0.5,100.0,0.1967165188739176,1,1
synthetic_product,0.5,0.5,0.5,100.0,1.0497684590070187,2,0
,,,,,0.5176918979592263,4,1
,,,,,0.8012553985137075,4,0
synthetic_product,0.5,0.5,0.5,100.0,0.32091785048895904,1,1
,,,,,0.996580826430882,4,0
synthetic_product,0.5,0.5,0.5,100.0,0.4628478318151476,2,1
,,,,,0.806123528701342,4,0
synthetic_product,0.5,0.5,0.5,100.0,0.7746899002692927,1,1
synthetic_product,0.5,0.5,0.5,100.0,0.7302931944441006,3,1
synthetic_product,0.5,0.5,0.5,100.0,1.0622455257413117,2,0
synthetic_product,0.5,0.5,0.5,100.0,0.8355749085513585,1,0
synthetic_product,0.5,0.5,0.5,100.0,0.8588696588006145,2,1
,,,,,0.4608148081166417,4,1
synthetic_product,0.5,0.5,0.5,100.0,0.8729422182402894,2,0
,,,,,1.1264967158828043,3,1
,,,,,0.7988613803677278,4,1
,,,,,0.5218789669089202,3,0
,,,,,0.676383986261052,3,0
,,,,,0.3909003427188011,4,1
,,,,,0.8910858395501102,3,0
,,,,,1.1308550387819731,4,0
,,,,,0.7207895325363727,3,0
,,,,,0.8830179276544352,3,1
,,,,,0.973471592968314,4,1
,,,,,0.5340588761799566,3,0
,,,,,0.4413591886804629,3,0
,,,,,0.2397718881190418,3,1
,,,,,0.2522454253079395,3,1
,,,,,0.841727091814853,4,0
,,,,,0.4735939020467105,3,1
,,,,,0.374033958418147,4,1
,,,,,0.5573982355690793,3,0
,,,,,0.6645278821970553,3,0
,,,,,0.6643162549554259,4,1
,,,,,0.7082449757819426,4,0
,,,,,0.5235145899864975,3,1
,,,,,0.557684156466437,3,0
,,,,,0.3989062921298651,4,1
,,,,,0.683384025384162,4,0
,,,,,0.4686553693279206,4,1
,,,,,0.6432441607590986,3,1
,,,,,0.4751902477403724,3,1
,,,,,0.3064472233763441,3,0
,,,,,0.7437036796864481,3,1
,,,,,0.9168532102293632,3,0
,,,,,0.6020163716252912,4,1
,,,,,0.8925680118843153,3,0
,,,,,0.3590723245023775,3,0
,,,,,0.607147281793392,3,1
,,,,,0.4300256769818543,3,0
synthetic_product,0.5,0.5,0.5,100.0,0.6960772227412543,2,0
,,,,,0.9441570955213836,3,0
synthetic_product,0.5,0.5,0.5,100.0,0.9875610889804995,2,1
,,,,,0.4823602894771322,3,1
synthetic_product,0.5,0.5,0.5,100.0,0.5232812222258507,2,1
synthetic_product,0.5,0.5,0.5,100.0,0.7140205940548472,3,1
,,,,,0.7383838790236296,4,0
,,,,,0.4787204285544746,3,1
,,,,,1.026956651863465,3,0
,,,,,0.2493795655421997,3,0
,,,,,1.0180128896378164,4,0
synthetic_product,0.5,0.5,0.5,100.0,0.6407130689810965,2,0
synthetic_product,0.5,0.5,0.5,100.0,0.8675249587131728,1,0
,,,,,0.5213135608247833,4,0
synthetic_product,0.5,0.5,0.5,100.0,1.1691448707283811,2,1
,,,,,0.7106005516252781,3,0
synthetic_product,0.5,0.5,0.5,100.0,0.33948081133492913,2,1
,,,,,0.7025344733446546,4,0
synthetic_product,0.5,0.5,0.5,100.0,0.8421555067057616,2,0
synthetic_product,0.5,0.5,0.5,100.0,0.8098062639519803,2,1
,,,,,0.820144838637726,3,0
synthetic_product,0.5,0.5,0.5,100.0,0.6189706633645604,3,1
,,,,,0.6104273870884954,3,0
synthetic_product,0.5,0.5,0.5,100.0,1.0634012164791677,2,1
,,,,,1.06893586216481,4,1
,,,,,0.4887920619125746,3,1
,,,,,0.7239957861370956,4,0
synthetic_product,0.5,0.5,0.5,100.0,0.6232645883259877,3,0
,,,,,0.5186686582448811,3,1
,,,,,0.3802131105250451,3,1
synthetic_product,0.5,0.5,0.5,100.0,0.3949163676155102,2,0
,,,,,0.6941345447380812,4,0
,,,,,0.6041088798158516,3,1
,,,,,0.4839236874644793,3,0
,,,,,0.445167311307691,4,1
synthetic_product,0.5,0.5,0.5,100.0,0.7339300989502959,2,1
,,,,,0.9063848889690492,3,1
synthetic_product,0.5,0.5,0.5,100.0,1.0153462567247706,1,0
,,,,,0.761907919141074,4,1
synthetic_product,0.5,0.5,0.5,100.0,1.2266672032510846,3,0
synthetic_product,0.5,0.5,0.5,100.0,0.5414014776449443,2,1
synthetic_product,0.5,0.5,0.5,100.0,1.1152277055320023,2,0
,,,,,0.9785404925557888,3,1
,,,,,0.9264560513155652,4,0
,,,,,0.4894801632042196,3,0
,,,,,0.6539709833717974,4,1
,,,,,0.4863753665687546,3,0
,,,,,0.3166003087049735,3,0
,,,,,0.3789008179445341,4,1
,,,,,0.9770016901120092,4,1
,,,,,0.3509043911678662,4,0
,,,,,0.9794522535885756,3,1
,,,,,0.9303322661461536,4,0
,,,,,0.571091468339437,3,1
,,,,,0.9448123599435442,4,1
,,,,,0.5049100014391303,3,1
,,,,,0.4560760352878746,3,1
,,,,,1.1114889629209066,4,0
,,,,,0.7527610752605665,4,1
,,,,,0.4995046029104652,3,1
,,,,,0.5583906290862087,3,1
,,,,,0.4885327061416311,3,1
,,,,,0.8389656712548204,3,1
,,,,,0.8288690095312229,4,0
,,,,,0.7580422192479582,4,1
,,,,,0.5038867315316844,4,0
,,,,,0.6179691054411669,4,1
,,,,,0.9233419503853784,3,0
,,,,,0.7192376640828227,3,0
,,,,,0.7550937972843884,3,1
,,,,,0.4827555687764963,4,1
,,,,,0.7018723688683475,3,1
,,,,,0.7164068661623446,3,1
,,,,,0.5980610472748186,3,0
,,,,,0.6075400493987162,4,1
,,,,,1.1029113473697076,4,0
,,,,,0.590619058843788,4,1
,,,,,0.8357369901960531,3,0
synthetic_product,0.5,0.5,0.5,100.0,0.8228376386186873,2,0
,,,,,0.8938878419413031,3,1
synthetic_product,0.5,0.5,0.5,100.0,0.37705067988718277,1,1
,,,,,0.7388827792737053,3,0
,,,,,0.5219152995230378,3,0
,,,,,0.4057599249171662,3,0
,,,,,0.6629858987637706,3,1
synthetic_product,0.5,0.5,0.5,100.0,0.5328405252316131,2,1
synthetic_product,0.5,0.5,0.5,100.0,0.8169585869090582,3,0
synthetic_product,0.5,0.5,0.5,100.0,0.5975114876890051,1,0
,,,,,0.9287286169354516,3,0
,,,,,0.6602076769019141,4,0
synthetic_product,0.5,0.5,0.5,100.0,0.6231668498650518,2,1
synthetic_product,0.5,0.5,0.5,100.0,0.6580844612733954,2,0
synthetic_product,0.5,0.5,0.5,100.0,0.41681042916601124,2,0
,,,,,0.8570149514232209,3,1
synthetic_product,0.5,0.5,0.5,100.0,0.3586789268433331,1,1
synthetic_product,0.5,0.5,0.5,100.0,0.5568111448848617,2,0
,,,,,0.6235509720218014,4,0
synthetic_product,0.5,0.5,0.5,100.0,0.6590862471423043,2,1
,,,,,0.6840827625875374,3,1
,,,,,0.7516337101785449,3,0
,,,,,0.4463449756607496,3,1
,,,,,0.7116100663587618,4,0
,,,,,0.2780396330625725,3,1
synthetic_product,0.5,0.5,0.5,100.0,0.7517003393222866,2,0
,,,,,0.5182710671884759,4,1
synthetic_product,0.5,0.5,0.5,100.0,0.5556813571495947,1,1
,,,,,0.5203846776980664,3,1
,,,,,0.7321511450535172,3,1
,,,,,0.8208805533788324,3,0
,,,,,0.5535302214389259,4,0
,,,,,0.2236977787450269,3,1
,,,,,0.6242332155028609,3,0
,,,,,0.39210066461269,3,1
,,,,,0.3555116444959018,3,1
,,,,,0.6915492825200973,4,0
,,,,,0.9533929816709052,4,0
synthetic_product,0.5,0.5,0.5,100.0,0.6310130993234965,3,1
synthetic_product,0.5,0.5,0.5,100.0,0.5646123454934341,3,1
,,,,,1.028532245450107,3,0
,,,,,0.8094126389391517,4,0
synthetic_product,0.5,0.5,0.5,100.0,0.3554502100312944,2,1
synthetic_product,0.5,0.5,0.5,100.0,0.575771616140114,1,0
,,,,,0.79493500259609,3,1
synthetic_product,0.5,0.5,0.5,100.0,0.5565286718253545,1,1
synthetic_product,0.5,0.5,0.5,100.0,0.25651041325107504,1,1
,,,,,0.9484138205544346,3,1
,,,,,0.5286944318272633,4,0
,,,,,0.760067281202337,4,0
,,,,,0.5082161940341344,4,1
synthetic_product,0.5,0.5,0.5,100.0,0.8036763663847493,1,1
,,,,,0.642289872945096,3,0
,,,,,1.1116908140623527,4,1
,,,,,0.7251766812462804,3,0
,,,,,0.4551623611740428,3,0
,,,,,0.6835704354880063,4,1
,,,,,0.930770910200079,3,0
,,,,,0.8485797012328828,3,1
,,,,,0.5705460968432712,3,1
synthetic_product,0.5,0.5,0.5,100.0,0.7871422616102688,3,1
,,,,,0.4120409742076744,3,1
,,,,,1.0352067119988655,3,0
,,,,,0.7127494698917232,4,0
,,,,,0.9937623016015232,4,1
,,,,,0.6087540837323061,3,1
,,,,,0.3505867809628382,3,1
,,,,,0.5791435824769349,4,0
,,,,,0.8937241542671637,4,0
,,,,,0.8868019252349171,4,0
,,,,,0.2809215483456592,3,0
,,,,,0.248225676051874,3,1
,,,,,0.3861109812966452,4,1
,,,,,0.906904409453783,3,0
,,,,,0.6891794366989742,4,0
,,,,,0.3876500620833982,3,1
,,,,,0.688668162235022,3,0
,,,,,0.497982203793181,4,0
,,,,,0.9922259841750404,4,1
synthetic_product,0.5,0.5,0.5,100.0,0.768147388168105,3,0
,,,,,0.8211519888735359,3,0
synthetic_product,0.5,0.5,0.5,100.0,0.9038325764091186,3,1
,,,,,0.7105962781874129,4,1
synthetic_product,0.5,0.5,0.5,100.0,0.9970085719458621,2,1
synthetic_product,0.5,0.5,0.5,100.0,0.7089042575335394,2,0
synthetic_product,0.5,0.5,0.5,100.0,0.4478628606865776,2,1
synthetic_product,0.5,0.5,0.5,100.0,0.7122535239679391,2,1
,,,,,0.7949768086745096,3,0
,,,,,1.035008877027405,3,1
,,,,,0.4740698825102216,3,1
synthetic_product,0.5,0.5,0.5,100.0,0.1645164746338551,1,1
synthetic_product,0.5,0.5,0.5,100.0,0.7588439308953931,3,0
,,,,,0.4606885307166761,3,1
synthetic_product,0.5,0.5,0.5,100.0,0.519292071319257,2,0
synthetic_product,0.5,0.5,0.5,100.0,0.5937670594642269,2,0
synthetic_product,0.5,0.5,0.5,100.0,0.7208679083768501,2,0
,,,,,0.8335117664520264,3,0
synthetic_product,0.5,0.5,0.5,100.0,0.6870291281847049,1,0
synthetic_product,0.5,0.5,0.5,100.0,0.4423005063231841,2,0
synthetic_product,0.5,0.5,0.5,100.0,0.4418458300913909,1,0
synthetic_product,0.5,0.5,0.5,100.0,0.9279117964487784,2,1
,,,,,0.8174855815633589,4,1
,,,,,0.7276110419690384,3,1
synthetic_product,0.5,0.5,0.5,100.0,0.6151717878044326,1,0
,,,,,0.8687661142076368,4,1
,,,,,0.3180974557580227,3,1
,,,,,0.6673682622108044,3,0
,,,,,0.2403552506438749,4,1
,,,,,0.8469136000835397,4,0
synthetic_product,0.5,0.5,0.5,100.0,0.5148222526935875,2,1
,,,,,0.5690213443494554,3,0
,,,,,0.7540230725852274,3,1
synthetic_product,0.5,0.5,0.5,100.0,0.6056465397406191,2,0
,,,,,0.6397834826853811,4,1
,,,,,0.6828528061441181,4,1
,,,,,0.4546342073555367,4,0
synthetic_product,0.5,0.5,0.5,100.0,1.0068449583375831,2,0
,,,,,0.9109054305503508,3,1
synthetic_product,0.5,0.5,0.5,100.0,0.8220807895239415,2,0
,,,,,0.623410325195459,3,1
,,,,,1.1341352833594671,4,1
,,,,,0.8731485867539024,3,0
synthetic_product,0.5,0.5,0.5,100.0,0.8164901172718623,2,1
,,,,,0.7434427238530099,3,1
,,,,,0.5125317027010495,3,0
,,,,,0.6863484694705986,3,0
synthetic_product,0.5,0.5,0.5,100.0,0.7032672098366063,2,0
,,,,,0.7298747601287237,3,0
,,,,,0.6872518412544928,3,0
synthetic_product,0.5,0.5,0.5,100.0,0.22145940540872908,3,0
,,,,,0.72737076418165,3,0
,,,,,0.6969138267263374,4,0
,,,,,0.4577136649391884,3,0
,,,,,0.4412446912034321,4,1
,,,,,0.5437164898296791,3,1
,,,,,0.5929407872231602,4,1
,,,,,0.6493817226108541,3,1
,,,,,1.149108985852294,3,1
,,,,,0.4510068451310965,4,1
,,,,,0.6779631331938709,4,0
,,,,,0.7643609665290122,4,0
,,,,,0.3555258087528078,3,1
,,,,,0.5023390349310056,3,0
,,,,,0.5738243222636197,3,0
,,,,,0.4104904497035979,3,1
,,,,,0.63333358613721,4,1
,,,,,1.0543514114757386,4,0
,,,,,1.0621025497924093,3,0
,,,,,1.121732747048622,4,1
,,,,,0.7382279600421597,4,1
,,,,,0.3810815207489701,3,1
,,,,,0.6450598195996288,4,0
,,,,,1.1044995735230292,4,0
,,,,,0.3123473039079694,3,1
,,,,,0.8075437483985496,3,0
,,,,,0.1905785966283311,3,1
synthetic_product,0.5,0.5,0.5,100.0,0.8636634631253639,1,1
,,,,,1.0653765355130715,4,0
,,,,,0.6902767444935081,4,1
,,,,,0.7526176193996129,3,0
,,,,,0.8818329925574193,3,1
synthetic_product,0.5,0.5,0.5,100.0,0.9414694110611073,2,0
,,,,,0.3640350287093271,3,1
,,,,,1.0367620409989908,3,1
synthetic_product,0.5,0.5,0.5,100.0,0.5389730677858381,2,1
synthetic_product,0.5,0.5,0.5,100.0,0.24209933371893375,2,1
,,,,,0.698813708183211,4,1
synthetic_product,0.5,0.5,0.5,100.0,0.6693409862300017,3,0
,,,,,0.7572427111224985,3,0
,,,,,1.0580537787896132,3,1
,,,,,0.8451702677682679,4,0
,,,,,0.7728405934940744,3,0
,,,,,0.6306849198981501,4,0
,,,,,1.023764659916165,3,0
,,,,,0.609668292900207,3,0
synthetic_product,0.5,0.5,0.5,100.0,1.0105279531060645,3,1
,,,,,0.7047967551913007,3,1
,,,,,0.6573452937771914,3,0
,,,,,0.5885150496906386,4,1
,,,,,0.9874453809217124,3,0
,,,,,0.8970811280120871,4,1
,,,,,0.755927632376365,3,1
,,,,,0.4304572839620704,3,1
,,,,,0.5840780646206017,4,1
,,,,,0.7482937418076412,3,0
,,,,,0.7931667269240376,3,0
,,,,,0.9624324520079351,3,0
,,,,,0.7906523471895022,4,1
,,,,,0.5648929699849671,4,1
,,,,,0.8678995242758534,4,0
,,,,,0.5968062902776367,3,1
,,,,,0.4146950082403092,3,0
,,,,,0.8486884752967464,3,0
,,,,,1.0691015812450435,4,1
synthetic_product,0.5,0.5,0.5,100.0,1.0679027009992923,2,0
,,,,,0.8388433291973147,3,0
,,,,,0.7306625860929743,3,1
,,,,,1.077223807564821,4,1
synthetic_product,0.5,0.5,0.5,100.0,0.539905777471942,1,1
,,,,,0.1852478366676924,3,1
synthetic_product,0.5,0.5,0.5,100.0,0.17379635380119193,2,1
synthetic_product,0.5,0.5,0.5,100.0,0.42771461870437166,2,0
,,,,,0.9289811735269649,3,0
,,,,,0.9196960398642832,4,0
,,,,,1.117355296672012,4,1
,,,,,0.7413918809173556,4,1
synthetic_product,0.5,0.5,0.5,100.0,0.7957017984797172,3,1
synthetic_product,0.5,0.5,0.5,100.0,0.8947730305862399,1,1
,,,,,0.2896844937526379,3,1
,,,,,0.6111235766255303,4,0
synthetic_product,0.5,0.5,0.5,100.0,0.7358379920380828,2,0
,,,,,0.8211045998162724,3,1
,,,,,0.8589746680869078,4,1
,,,,,0.5747737862405674,4,1
synthetic_product,0.5,0.5,0.5,100.0,0.9265997353142996,3,0
,,,,,0.7365169070989959,3,0
,,,,,0.8900155756255851,3,0
,,,,,0.614732808504898,3,1
,,,,,0.588353406033289,3,0
,,,,,0.4284904559897994,3,0
,,,,,0.4286464215224608,3,1
,,,,,0.933620165625285,3,0
,,,,,0.755055358352877,3,1
,,,,,0.7012972042490621,4,1
,,,,,0.8055974921203208,3,0
,,,,,0.9355299872415442,3,1
,,,,,0.7693366852839622,3,0
,,,,,0.5253830853913624,4,0
,,,,,0.635886551535655,3,1
,,,,,0.7252619022312617,3,0
,,,,,0.8851907159601363,3,0
,,,,,0.505221933099073,3,1
,,,,,0.7470020691412848,3,1
,,,,,0.3706483644763331,3,1
,,,,,0.8532161420685578,4,0
,,,,,0.9687553688002832,3,0
,,,,,0.7520195683047162,3,0
synthetic_product,0.5,0.5,0.5,100.0,0.2943735783115731,1,1
synthetic_product,0.5,0.5,0.5,100.0,0.7973170942940799,2,1
synthetic_product,0.5,0.5,0.5,100.0,0.9114200767606909,2,0
synthetic_product,0.5,0.5,0.5,100.0,0.8419898663111238,3,1
synthetic_product,0.5,0.5,0.5,100.0,0.4253161083913821,2,1
,,,,,1.139470724938774,4,1
synthetic_product,0.5,0.5,0.5,100.0,0.812430280888082,3,1
,,,,,0.4970449702113262,3,1
,,,,,0.8630184437560298,3,0
synthetic_product,0.5,0.5,0.5,100.0,1.0718347991278592,2,1
synthetic_product,0.5,0.5,0.5,100.0,0.7835506998929289,2,1
,,,,,0.7463433561977283,3,0
,,,,,0.6771582114532626,3,1
,,,,,0.7769437479608994,3,0
,,,,,0.4808643951907827,3,1
synthetic_product,0.5,0.5,0.5,100.0,0.26127013567271323,2,0
synthetic_product,0.5,0.5,0.5,100.0,0.3364187197936611,1,1
synthetic_product,0.5,0.5,0.5,100.0,0.738482957411541,3,0
synthetic_product,0.5,0.5,0.5,100.0,0.6078862935978104,2,0
,,,,,0.6708475991472486,4,1
synthetic_product,0.5,0.5,0.5,100.0,0.600687329178379,3,1
,,,,,0.7529245170923424,4,1
,,,,,0.943985342521276,3,0
,,,,,0.8252104125443827,4,0
synthetic_product,0.5,0.5,0.5,100.0,0.40669053886188467,1,1
synthetic_product,0.5,0.5,0.5,100.0,0.6465501747538147,1,1
,,,,,0.3950156939696455,4,0
,,,,,0.5187963071532361,3,1
synthetic_product,0.5,0.5,0.5,100.0,1.0162064619124558,1,0
synthetic_product,0.5,0.5,0.5,100.0,0.9780202727766314,2,1
,,,,,0.805950886787011,3,0
,,,,,0.5554550815596685,3,1
,,,,,1.064800714137042,3,0
,,,,,1.0543035711443869,3,0
,,,,,0.5415247573639062,4,0
,,,,,0.4516908125542804,3,0
synthetic_product,0.5,0.5,0.5,100.0,0.22770190485217817,1,1
,,,,,0.8974619776709876,3,0
,,,,,0.7207449594483937,3,0
,,,,,0.7951943239041064,3,0
,,,,,0.1952155549404284,3,0
,,,,,1.03952971260359,3,0
,,,,,1.0848068163334583,4,0
,,,,,0.6878475629118205,3,1
synthetic_product,0.5,0.5,0.5,100.0,0.38713922769039605,1,1
,,,,,0.7718652615913474,3,0
synthetic_product,0.5,0.5,0.5,100.0,0.6967645734204796,3,1
,,,,,0.5566148825972527,4,1
,,,,,0.4739693992604004,3,1
,,,,,0.50925925869086,3,1
synthetic_product,0.5,0.5,0.5,100.0,0.35653780306151855,1,1
synthetic_product,0.5,0.5,0.5,100.0,0.5546601989089612,2,1
,,,,,0.5112111580310302,3,0
,,,,,0.3989042095029909,3,0
,,,,,0.5905015555820556,4,1
synthetic_product,0.5,0.5,0.5,100.0,0.6558181992960637,3,0
,,,,,0.945851199972234,3,1
,,,,,1.1247269715892398,4,1
,,,,,0.9766347240613272,3,1
,,,,,0.7818275849771636,4,0
,,,,,0.6120321397155405,3,0
,,,,,0.703167176549909,3,1
,,,,,0.3692499813614878,3,1
,,,,,0.3900302737283153,3,1
,,,,,0.7114279631849489,3,1
,,,,,0.8352634684619955,3,1
,,,,,1.0473212766210032,3,1
,,,,,0.3232609171035929,3,1
,,,,,0.5772116577158428,4,1
,,,,,0.7900763633976767,4,0
,,,,,0.8037122528521596,3,0
,,,,,0.649251675049426,4,1
,,,,,0.8818695845482184,4,1
,,,,,1.0248127532155118,4,1
,,,,,0.4892705042489586,4,1
,,,,,1.0569652729731167,3,1
,,,,,0.4821919590415573,4,1
,,,,,0.6551057396989669,3,1
synthetic_product,0.5,0.5,0.5,100.0,0.7418323445935957,2,0
,,,,,1.088155892018137,3,1
,,,,,0.8890155631127609,4,0
synthetic_product,0.5,0.5,0.5,100.0,0.7353710741698464,3,1
,,,,,0.4890749250427313,3,0
synthetic_product,0.5,0.5,0.5,100.0,0.950865542598854,2,0
synthetic_product,0.5,0.5,0.5,100.0,0.6948265633385519,2,1
,,,,,0.6251452071013447,3,1
synthetic_product,0.5,0.5,0.5,100.0,0.7009267435935804,2,0
synthetic_product,0.5,0.5,0.5,100.0,0.6598625774410722,1,0
synthetic_product,0.5,0.5,0.5,100.0,0.88671934679673,3,0
,,,,,0.453341630898441,4,1
,,,,,0.5749456997160661,4,0
,,,,,0.8096564384230968,3,0
,,,,,0.7757301261846454,3,0
synthetic_product,0.5,0.5,0.5,100.0,0.7604189778483257,1,1
,,,,,0.9150101743026178,4,1
,,,,,1.130433399987957,4,0
,,,,,0.4325932619474559,3,0
synthetic_product,0.5,0.5,0.5,100.0,0.6377348993375958,1,1
synthetic_product,0.5,0.5,0.5,100.0,1.0580620726632333,3,0
synthetic_product,0.5,0.5,0.5,100.0,0.4519693839792161,1,0
synthetic_product,0.5,0.5,0.5,100.0,0.7960967798496811,2,1
,,,,,0.3985487733344526,4,1
synthetic_product,0.5,0.5,0.5,100.0,0.8682741716729404,2,0
,,,,,0.502106655621892,4,1
,,,,,0.1921730245440834,3,1
,,,,,0.3007494461474175,3,1
synthetic_product,0.5,0.5,0.5,100.0,0.9098265202833848,2,0
synthetic_product,0.5,0.5,0.5,100.0,0.7186859632956426,2,1
,,,,,0.8058093444089044,3,0
synthetic_product,0.5,0.5,0.5,100.0,0.7478372961682955,1,0
,,,,,0.8410720747151639,3,1
,,,,,0.6452055520645377,3,1
synthetic_product,0.5,0.5,0.5,100.0,0.2759643104645044,1,0
synthetic_product,0.5,0.5,0.5,100.0,0.3907483157510595,1,1
synthetic_product,0.5,0.5,0.5,100.0,0.6985168096584995,2,0
,,,,,0.768983245494365,3,1
synthetic_product,0.5,0.5,0.5,100.0,0.2631780591123371,1,1
synthetic_product,0.5,0.5,0.5,100.0,0.45608704016046275,2,0
,,,,,0.9802250256820456,4,1
,,,,,0.8568234261877626,3,0
,,,,,0.559987665282124,3,0
synthetic_product,0.5,0.5,0.5,100.0,0.7889223494066668,1,0
synthetic_product,0.5,0.5,0.5,100.0,0.5936353883193283,3,1
synthetic_product,0.5,0.5,0.5,100.0,0.49601043728320604,1,1
,,,,,0.4732571066843966,3,1
,,,,,0.8129044214594141,4,0
,,,,,0.835448050577821,3,1
,,,,,0.7492447321846153,3,1
,,,,,0.8766560381146211,3,1
,,,,,0.6258362482795069,4,0
,,,,,0.7271430981138336,3,0
,,,,,0.4250777693376057,3,1
,,,,,0.6795686736116542,3,0
,,,,,0.947771999422382,3,0
,,,,,0.441654111252144,4,1
,,,,,1.092859370840897,4,0
,,,,,0.6513127000160854,3,1
,,,,,0.4089842335028891,3,0
,,,,,0.5653513574580517,4,1
,,,,,0.9326830655612948,4,1
,,,,,0.9719837151251188,4,1
,,,,,0.9305986757850307,3,0
,,,,,0.5639489488099187,3,0
,,,,,0.7052246248786358,3,1
,,,,,0.6028731493523403,3,1
,,,,,0.5418628335118092,3,0
,,,,,0.5751651880815608,4,0
,,,,,0.368869898742951,4,1
,,,,,0.743082484210262,4,0
,,,,,0.3265595835375021,3,1
,,,,,0.3680992378645879,4,1
,,,,,0.7555804611032679,3,0
,,,,,0.604186132281716,4,0
synthetic_product,0.5,0.5,0.5,100.0,0.5604062600670093,2,0
synthetic_product,0.5,0.5,0.5,100.0,0.8806305753013298,2,1
,,,,,0.5729973737207084,3,0
,,,,,1.1008341582844772,3,1
synthetic_product,0.5,0.5,0.5,100.0,0.3727111841355687,1,0
,,,,,1.0266811264466509,3,0
,,,,,0.9789558738339688,4,1
,,,,,0.7847924766964829,3,1
,,,,,0.5473181411281584,3,1
,,,,,0.4091158072165025,3,1
,,,,,0.723353964906983,3,0
synthetic_product,0.5,0.5,0.5,100.0,0.4160729508483904,2,1
,,,,,1.0185797289172127,4,1
,,,,,0.8519231655938593,4,0
,,,,,0.8449805019907995,3,0
synthetic_product,0.5,0.5,0.5,100.0,0.7416917699920589,1,0
,,,,,0.8759575018728455,3,1
synthetic_product,0.5,0.5,0.5,100.0,0.635837411946963,1,1
synthetic_product,0.5,0.5,0.5,100.0,0.5615014726927411,2,1
synthetic_product,0.5,0.5,0.5,100.0,0.677047765091419,2,0
,,,,,0.1550986121439256,4,1
synthetic_product,0.5,0.5,0.5,100.0,0.413342475042533,1,1
synthetic_product,0.5,0.5,0.5,100.0,0.3318875958281719,1,1
,,,,,0.6848455202978073,4,1
,,,,,0.9395738226650956,4,1
,,,,,1.0167908642878662,4,0
synthetic_product,0.5,0.5,0.5,100.0,0.6035370421426641,1,0
,,,,,0.7200462366576278,4,1
,,,,,1.1540783144730138,3,1
,,,,,0.5045291246717188,4,1
synthetic_product,0.5,0.5,0.5,100.0,0.9224860226670052,2,0
,,,,,0.4599764628932244,3,1
,,,,,0.3969002278992162,3,1
,,,,,0.3081621658522103,3,1
,,,,,0.5828555135448057,3,1
synthetic_product,0.5,0.5,0.5,100.0,0.24944153528244856,2,0
,,,,,0.6094301807318668,3,1
,,,,,0.854703062640006,3,0
,,,,,1.0018551705450705,4,0
,,,,,0.7451664466855841,4,1
,,,,,0.5348378067991679,3,1
,,,,,0.5217544164242773,3,0
synthetic_product,0.5,0.5,0.5,100.0,0.24911156184865507,1,0
,,,,,0.6467784512094874,3,0
,,,,,0.553291085956443,3,1
,,,,,0.9966008103477132,4,0
,,,,,0.4144163968471087,4,0
,,,,,0.3497623776419611,3,1
,,,,,0.6710169265964311,4,0
,,,,,0.4840521944402982,3,0
,,,,,0.9061321928273706,4,0
,,,,,0.5597673217163007,4,0
,,,,,0.9359318704573704,4,1
,,,,,0.502298194671032,3,0
synthetic_product,0.5,0.5,0.5,100.0,0.8004547474415066,2,1
,,,,,0.8275959515610967,4,1
,,,,,0.6710624166087221,3,0
,,,,,0.8643332128085248,4,0
,,,,,1.000900446454884,3,0
,,,,,0.4351364043954862,4,1
,,,,,0.4111432849592791,3,1
,,,,,0.8650836594447877,3,0
,,,,,0.4956254953793099,3,0
,,,,,0.4806912832128021,4,0
,,,,,0.8068861929722235,3,1
,,,,,0.3050398850455044,3,1
,,,,,0.5766523010396373,3,1
,,,,,0.5618748248509587,3,0
,,,,,0.4656243941984054,4,1
,,,,,0.7265833204312594,4,1
,,,,,0.5583027155228952,4,1
,,,,,0.8962884168237022,3,1
,,,,,0.8380738065887539,3,1
,,,,,0.785414871912205,4,1
,,,,,0.4898660969484905,3,0
,,,,,0.4244813834096292,3,1
,,,,,0.663765798589788,3,1
,,,,,0.4540223579598942,3,1
,,,,,0.4669954030697937,3,1
,,,,,0.3079458092179089,3,1
,,,,,0.6589113427020297,3,0
,,,,,0.8378710795741604,3,1
synthetic_product,0.5,0.5,0.5,100.0,0.5288825013752448,1,1
synthetic_product,0.5,0.5,0.5,100.0,0.6182381489678337,2,0
,,,,,0.9687351404048608,3,0
synthetic_product,0.5,0.5,0.5,100.0,0.5876641333117654,1,0
,,,,,1.2671725152688829,4,1
synthetic_product,0.5,0.5,0.5,100.0,0.8436888644920147,2,0
synthetic_product,0.5,0.5,0.5,100.0,0.5285108862815381,1,1
,,,,,0.9861213782456508,3,1
synthetic_product,0.5,0.5,0.5,100.0,1.0226995145537146,2,0
synthetic_product,0.5,0.5,0.5,100.0,0.7702743974852478,2,0
,,,,,0.6876900226649034,3,0
,,,,,0.4072168554067874,3,0
,,,,,0.6681490733538802,3,1
,,,,,0.8241950914682942,3,0
,,,,,1.0219400217953456,3,1
synthetic_product,0.5,0.5,0.5,100.0,0.19933193454521086,1,1
,,,,,1.0744085457751735,3,1
synthetic_product,0.5,0.5,0.5,100.0,1.2762165802679175,3,1
,,,,,0.283613002459906,4,1
,,,,,1.1486811182520582,3,1
,,,,,0.3937015063035091,3,1
synthetic_product,0.5,0.5,0.5,100.0,0.44516417695025934,1,0
synthetic_product,0.5,0.5,0.5,100.0,0.4066194490229581,2,1
synthetic_product,0.5,0.5,0.5,100.0,0.6869356047714784,2,1
synthetic_product,0.5,0.5,0.5,100.0,0.6884072846354101,1,0
,,,,,0.676578664930543,4,1
,,,,,0.4677930430866113,4,1
,,,,,0.7328972332547679,3,1
,,,,,0.5289603448163321,3,1
,,,,,0.2323965529462816,3,1
,,,,,1.0479224237278335,4,1
,,,,,0.6865011885857161,4,1
,,,,,1.0118566299878031,3,1
,,,,,0.6392068037151315,3,1
,,,,,0.8909645838944144,4,0
synthetic_product,0.5,0.5,0.5,100.0,0.245750278563603,3,1
,,,,,0.6271859552551742,3,0
,,,,,0.5209886401092296,3,0
,,,,,0.4426940587507471,3,1
,,,,,0.6434102639287317,3,0
,,,,,0.7420750799688726,3,0
,,,,,0.7380947242524418,3,0
,,,,,0.6313618394603542,3,0
,,,,,0.8348743795077977,3,0
synthetic_product,0.5,0.5,0.5,100.0,0.9623426512514769,2,1
,,,,,0.4184624053215202,3,1
,,,,,0.6737363436027668,3,1
,,,,,0.8018781674353294,4,0
,,,,,0.5801867253752094,3,1
,,,,,0.9892627027716124,3,0
,,,,,0.347885461775316,4,1
,,,,,0.5941891853011606,4,1
,,,,,0.5464270130754891,4,0
,,,,,0.4830750790625786,3,1
,,,,,0.5867523441655804,3,1
,,,,,0.5665223829008575,3,0
,,,,,0.8301443834395372,4,0
,,,,,0.3868760346789129,3,1
,,,,,0.8450247732857749,4,1
,,,,,0.8473022641993941,4,1
synthetic_product,0.5,0.5,0.5,100.0,0.9270215927266571,3,0
,,,,,0.7961455905513741,4,1
synthetic_product,0.5,0.5,0.5,100.0,0.718224084247034,2,1
,,,,,0.4168502234629794,4,1
synthetic_product,0.5,0.5,0.5,100.0,0.6431533955370873,2,1
,,,,,0.3674427580273405,4,1
,,,,,0.6736665747412294,4,1
,,,,,0.6260536295356948,3,0
,,,,,0.5962282601216342,3,1
,,,,,0.3381279011429541,4,1
,,,,,0.8401578358962163,4,1
,,,,,0.3983628757939402,3,1
,,,,,0.8683608633781785,3,0
,,,,,0.8332170175709647,4,1
,,,,,0.8861706097755444,3,0
,,,,,0.8996902307975276,4,0
,,,,,0.3966276272581193,3,0
,,,,,0.326993258619765,3,0
,,,,,0.6483171508032249,3,1
synthetic_product,0.5,0.5,0.5,100.0,0.9036707854890191,2,1
synthetic_product,0.5,0.5,0.5,100.0,0.1645362917213334,1,1
synthetic_product,0.5,0.5,0.5,100.0,0.6586618829338914,2,0
,,,,,0.3842857998340361,3,1
,,,,,1.1235307769492304,3,1
,,,,,0.7497407873089807,4,0
,,,,,0.3496049837968776,4,0
,,,,,0.739295774447918,4,1
,,,,,0.5217211887040121,3,0
,,,,,0.2386273040952639,4,1
synthetic_product,0.5,0.5,0.5,100.0,0.24550489264842942,2,1
,,,,,0.2481672591700795,3,1
,,,,,1.0488200858694594,4,1
,,,,,0.4222741171665347,4,1
,,,,,0.2664824562935083,3,0
,,,,,0.400286077782719,3,1
,,,,,0.8073055462837766,3,0
,,,,,0.9702496500553132,4,0
,,,,,1.231911444294931,4,0
,,,,,0.764288872643755,4,1
,,,,,0.4087291450168543,3,1
synthetic_product,0.5,0.5,0.5,100.0,0.8189020426016586,2,1
,,,,,1.018369856310776,3,1
,,,,,0.4837166597281711,3,1
,,,,,0.7289769506286269,3,1
synthetic_product,0.5,0.5,0.5,100.0,0.46393381481715984,1,0
,,,,,0.9733859279248956,3,0
,,,,,0.5279771605047919,3,1
,,,,,0.5215569971110272,4,1
synthetic_product,0.5,0.5,0.5,100.0,0.7609525166886764,2,0
,,,,,0.918221541202713,4,0
,,,,,0.7607704190498341,3,1
,,,,,0.9372484628611746,3,1
synthetic_product,0.5,0.5,0.5,100.0,1.0009720949710266,3,0
synthetic_product,0.5,0.5,0.5,100.0,0.897500064188707,3,1
,,,,,0.6690104116532857,3,1
,,,,,0.468563036416428,3,1
,,,,,1.1361478431507317,3,1
,,,,,0.3982317530512648,3,1
,,,,,1.0359652441767604,3,1
,,,,,0.3798785524163373,3,1
synthetic_product,0.5,0.5,0.5,100.0,0.6616829110975855,1,1
,,,,,1.0951949412751891,4,1
synthetic_product,0.5,0.5,0.5,100.0,0.6982438002248237,3,1
,,,,,0.475611804706332,3,1
synthetic_product,0.5,0.5,0.5,100.0,0.8038081048097023,2,0
synthetic_product,0.5,0.5,0.5,100.0,0.5514810408290876,3,0
synthetic_product,0.5,0.5,0.5,100.0,0.773986363632675,1,0
,,,,,0.3683006317444021,4,0
,,,,,0.6820574067018377,3,1
,,,,,0.6483456050650215,4,1
synthetic_product,0.5,0.5,0.5,100.0,0.9767576475240753,2,1
,,,,,0.3434831407550314,3,1
,,,,,1.191359390210251,3,1
,,,,,0.4485997268506638,3,1
,,,,,0.688221955865909,3,0
,,,,,0.4723981583755544,3,0
,,,,,0.7692306037499269,4,1
,,,,,1.0457644121569245,4,0
,,,,,0.3975805019349281,3,0
,,,,,0.6321950458289017,4,0
,,,,,0.7945613215191157,4,1
,,,,,0.8804228129466273,3,1
,,,,,0.9177060633879096,4,0
,,,,,0.2394201148355411,3,1
,,,,,0.7154657558307619,3,1
,,,,,0.3081747075441683,3,1
,,,,,0.4115777438511558,3,1
,,,,,0.465145712735793,3,1
,,,,,1.0223958299339733,3,0
,,,,,0.7964184248809406,3,0
,,,,,0.7951530750753341,3,1
,,,,,0.6478091084699353,3,0
,,,,,0.607409775307403,3,0
,,,,,1.217181587608836,3,0
,,,,,0.2989809057339524,3,1
,,,,,1.1491226173903153,4,0
,,,,,0.83857700757766,3,0
,,,,,0.5470931002620781,3,0
,,,,,0.8155617875546607,3,0
,,,,,0.8448667161605733,4,1
,,,,,0.8066239117769884,4,1
synthetic_product,0.5,0.5,0.5,100.0,0.5048161052095335,1,1
,,,,,0.6575539852848561,3,1
synthetic_product,0.5,0.5,0.5,100.0,0.6933991625197186,1,0
synthetic_product,0.5,0.5,0.5,100.0,0.7041749454092112,1,0
synthetic_product,0.5,0.5,0.5,100.0,0.9475967455099031,2,1
,,,,,0.9310104371499092,3,0
,,,,,0.9384765759679636,4,0
,,,,,0.6527346300664236,3,1
,,,,,0.8174546322244426,3,0
,,,,,0.8482931175985213,4,0
,,,,,0.5306750210742811,4,0
synthetic_product,0.5,0.5,0.5,100.0,0.2773099650908157,2,1
,,,,,0.3859986288214557,3,1
,,,,,0.8856638483439796,4,1
synthetic_product,0.5,0.5,0.5,100.0,0.31421386210418767,2,1
,,,,,0.6978949756581612,3,1
,,,,,0.5361946486282078,3,0
,,,,,0.5116894319836335,4,1
,,,,,0.7567496122365026,4,1
,,,,,0.4750309100124658,3,1
synthetic_product,0.5,0.5,0.5,100.0,0.6534664442515032,3,1
,,,,,0.4810760736715156,3,0
,,,,,0.5822797467213652,3,0
,,,,,0.5453958009765723,3,1
,,,,,0.7380417416533787,4,1
,,,,,0.5974287357821538,3,0
synthetic_product,0.5,0.5,0.5,100.0,0.9360121558445582,2,1
synthetic_product,0.5,0.5,0.5,100.0,0.5300649767219852,2,1
synthetic_product,0.5,0.5,0.5,100.0,0.5959251979750324,3,1
synthetic_product,0.5,0.5,0.5,100.0,0.5643124448812964,2,0
,,,,,0.7209647661116998,4,1
,,,,,0.7900267043480401,3,1
,,,,,0.7109906990381519,3,1
synthetic_product,0.5,0.5,0.5,100.0,0.9977049369466303,2,1
,,,,,0.4471691317491695,3,1
,,,,,0.5648973570831347,3,0
,,,,,0.7706808085964423,3,1
,,,,,0.7010530823685811,3,1
,,,,,0.4966900066836373,4,1
,,,,,0.5050932069638133,4,1
,,,,,0.61540805053918,3,0
,,,,,0.429088582959121,3,1
synthetic_product,0.5,0.5,0.5,100.0,0.9458604041582792,3,0
,,,,,0.7529296945079974,3,0
synthetic_product,0.5,0.5,0.5,100.0,0.6396703248802038,2,0
,,,,,0.4063390856572998,3,1
synthetic_product,0.5,0.5,0.5,100.0,0.3267577134488695,3,1
,,,,,1.0240752347563171,3,0
,,,,,0.4052411073018859,3,1
synthetic_product,0.5,0.5,0.5,100.0,0.3509715087360206,2,1
,,,,,0.4123870573182934,3,1
,,,,,0.4893320583058761,3,0
synthetic_product,0.5,0.5,0.5,100.0,0.625861672335116,2,1
,,,,,0.7003951474084785,3,1
,,,,,0.4019816973326,3,1
synthetic_product,0.5,0.5,0.5,100.0,0.44586480315591803,2,0
,,,,,0.9746604954446016,4,0
,,,,,0.4398493260188547,3,1
synthetic_product,0.5,0.5,0.5,100.0,0.46315825349938566,1,1
,,,,,0.3380230243170574,4,1
,,,,,0.7330971962421683,4,0
,,,,,0.796443115581523,4,0
,,,,,0.6000690270718899,3,1
,,,,,0.478843688167707,4,1
,,,,,0.5906970167491724,4,1
,,,,,0.6638710696199718,3,0
,,,,,0.6362760301492439,3,1
,,,,,0.3695710110857507,4,0
,,,,,0.7696094540335556,4,1
,,,,,1.0544642305856626,4,1
,,,,,1.0254325188060325,3,0
,,,,,0.7070253272787548,4,0
,,,,,0.3629454099108599,3,1
,,,,,0.5524038192171999,3,1
,,,,,0.7246735094202901,3,0
,,,,,0.6926609958076948,4,1
,,,,,0.8215666607707189,3,0
,,,,,0.4114911622221888,4,1
,,,,,0.3829798719217047,3,1
synthetic_product,0.5,0.5,0.5,100.0,0.6142845987758504,3,0
synthetic_product,0.5,0.5,0.5,100.0,0.8211615587841943,2,1
,,,,,0.5478674884497018,3,0
,,,,,0.3704007531878279,3,1
synthetic_product,0.5,0.5,0.5,100.0,0.4100138881021016,2,1
synthetic_product,0.5,0.5,0.5,100.0,0.42923446564623324,3,0
,,,,,0.8101482236619562,4,1
,,,,,0.5020449712647539,4,0
synthetic_product,0.5,0.5,0.5,100.0,0.5222716641624441,2,0
,,,,,0.8811653901512477,3,1
,,,,,0.4427959265511578,3,0
,,,,,0.2473026107426275,3,1
,,,,,0.3461672414604004,4,1
,,,,,0.7368918378038221,4,1
synthetic_product,0.5,0.5,0.5,100.0,0.9853692367484503,3,1
synthetic_product,0.5,0.5,0.5,100.0,0.2805809168775866,2,1
synthetic_product,0.5,0.5,0.5,100.0,0.6009373976824702,3,0
,,,,,0.977541866860098,3,0
synthetic_product,0.5,0.5,0.5,100.0,0.7477287843589576,2,0
synthetic_product,0.5,0.5,0.5,100.0,0.827733666133328,2,1
synthetic_product,0.5,0.5,0.5,100.0,0.4645112902828996,1,1
synthetic_product,0.5,0.5,0.5,100.0,0.45671469589812136,1,0
,,,,,0.3745642730190363,3,1
,,,,,0.4977792588415322,3,0
,,,,,0.4329958014495619,3,1
synthetic_product,0.5,0.5,0.5,100.0,0.40168988346856477,2,1
,,,,,0.3768841311504304,3,1
,,,,,1.016499250908867,4,1
,,,,,1.0082630075331906,4,1
synthetic_product,0.5,0.5,0.5,100.0,0.69476816388804,1,1
,,,,,0.7499793839608978,3,1
synthetic_product,0.5,0.5,0.5,100.0,1.0589708086983132,3,0
,,,,,0.4713836849304033,3,0
,,,,,0.862113803664455,3,1
synthetic_product,0.5,0.5,0.5,100.0,0.751820812397536,3,0
,,,,,0.7860839420803074,4,1
,,,,,0.8230385185514584,4,1
,,,,,0.1782172698756048,3,1
,,,,,1.0459060918820984,3,0
,,,,,0.4612464304349173,3,0
,,,,,1.0594336373167903,4,1
,,,,,1.085488958807515,4,0
synthetic_product,0.5,0.5,0.5,100.0,0.581364861964318,3,1
synthetic_product,0.5,0.5,0.5,100.0,0.29189914131916106,2,1
,,,,,0.4852299695680828,3,1
synthetic_product,0.5,0.5,0.5,100.0,1.019703169631051,2,0
,,,,,0.4043053460750241,3,0
synthetic_product,0.5,0.5,0.5,100.0,0.25490068740610095,2,0
,,,,,0.9513196515761726,4,1
,,,,,0.9866498587510482,3,0
,,,,,0.2900171367379844,3,0
,,,,,0.9227053270587664,4,1
,,,,,0.4479641852783084,4,1
,,,,,0.5951369493130101,3,0
,,,,,1.143617545614461,4,1
,,,,,1.0041352328100936,4,0
,,,,,0.3037042999833323,3,1
,,,,,0.9760596916306612,3,0
,,,,,0.8508294091115755,3,1
,,,,,0.5613274132639491,3,0
,,,,,0.8596144990415635,3,1
,,,,,0.4387670258473491,3,1
,,,,,0.3842915505235089,3,1
,,,,,0.3417945232152723,3,0
,,,,,0.8215024543000788,3,0
,,,,,0.6478817980844815,3,0
,,,,,0.6060803887609317,3,1
,,,,,0.6753583921087495,3,1
,,,,,0.8726204938790623,3,1
,,,,,0.5512324136395792,3,0
,,,,,0.8102212747915679,4,0
,,,,,0.5397749420179342,4,0
,,,,,1.0586758498127615,4,1
,,,,,0.5603697634693261,3,1
,,,,,0.4970679598742719,3,1
,,,,,0.5135691179828027,3,0
,,,,,0.486902669627697,3,1
,,,,,0.6134725294763835,3,0
,,,,,0.4987514991713314,4,1
,,,,,0.7890575958366768,4,1
,,,,,1.139078189008183,4,1
,,,,,0.8858692883408261,3,1
,,,,,0.5157721570313037,3,0
,,,,,0.7280137197412744,3,0
,,,,,1.119827827705271,3,1
,,,,,0.9188368280369212,4,1
,,,,,0.8347522643939862,4,1
,,,,,0.6505498965476599,4,0
,,,,,0.9775106453134016,3,1
,,,,,0.5648835836839574,3,1
,,,,,0.4278084638096275,3,0
synthetic_product,0.5,0.5,0.5,100.0,0.7095710068097852,2,0
synthetic_product,0.5,0.5,0.5,100.0,0.14548463195473743,1,1
,,,,,0.5509998763746378,4,0
synthetic_product,0.5,0.5,0.5,100.0,1.0232618090788412,3,1
,,,,,0.8135452729637638,4,1
,,,,,0.9299137367476114,3,0
,,,,,0.2030760330277544,3,1
synthetic_product,0.5,0.5,0.5,100.0,0.23724520859059028,1,1
,,,,,0.5347507037750809,3,1
,,,,,0.7226393089417491,3,0
,,,,,0.5251108124768568,3,1
,,,,,0.6059672044239173,3,1
,,,,,0.5367237692662892,3,0
,,,,,1.08277259057641,3,0
,,,,,0.9832577476470992,3,0
,,,,,1.080765829675221,3,0
,,,,,0.4682403819910359,3,1
,,,,,0.7821747472136822,4,0
synthetic_product,0.5,0.5,0.5,100.0,0.766218699725296,1,1
synthetic_product,0.5,0.5,0.5,100.0,0.8149315934364094,2,0
synthetic_product,0.5,0.5,0.5,100.0,0.2585145033148085,2,0
,,,,,0.7104392435506934,3,1
synthetic_product,0.5,0.5,0.5,100.0,0.5268610409693314,3,0
synthetic_product,0.5,0.5,0.5,100.0,0.8496580986303671,2,0
,,,,,0.314314210945676,3,0
,,,,,0.5942614406399492,3,0
,,,,,0.9081400006348008,4,1
synthetic_product,0.5,0.5,0.5,100.0,0.7287228015655483,3,1
,,,,,0.3983889960276321,3,0
,,,,,0.3274274285465999,4,1
,,,,,0.8359140013929162,4,1
,,,,,0.7479132794661459,3,1
,,,,,0.3609736268732439,3,0
,,,,,0.9291832790137384,3,0
,,,,,1.0636630041336723,4,1
synthetic_product,0.5,0.5,0.5,100.0,0.24931267493985748,1,1
,,,,,0.369697708332121,4,1
,,,,,0.9345529306205392,4,1
,,,,,0.9486884490889672,4,0
,,,,,0.838522081915002,4,0
synthetic_product,0.5,0.5,0.5,100.0,0.7006011716189757,2,1
,,,,,0.5339524353738051,3,1
synthetic_product,0.5,0.5,0.5,100.0,0.8005832328614333,1,0
synthetic_product,0.5,0.5,0.5,100.0,0.4622350370260589,2,1
,,,,,0.783662153523663,4,0
,,,,,1.0933649006145612,4,1
,,,,,1.0400221458114167,4,0
,,,,,0.7246762824610344,3,1
,,,,,0.6778636807961883,3,0
,,,,,0.7972976320525562,3,0
,,,,,0.5924126292989995,3,1
,,,,,0.3827217053468714,3,1
,,,,,0.5593817656974598,4,1
,,,,,0.6853259289957649,3,1
,,,,,0.3840166815784006,3,0
,,,,,0.7789766653920079,3,1
,,,,,0.8473082937185827,3,0
,,,,,0.5255632390037426,3,0
,,,,,0.387145137643718,4,1
,,,,,0.7736320731652547,4,1
,,,,,0.4046065771661502,3,0
,,,,,0.3023278534399599,3,1
,,,,,0.9918528972219228,3,1
,,,,,0.3485620548373919,3,1
,,,,,0.559617103712317,3,0
,,,,,0.6473573909789949,3,1
,,,,,1.0254181110534717,3,0
,,,,,0.7562754214423616,3,0
,,,,,0.9698235440960172,3,0
,,,,,0.2286582379556599,3,1
synthetic_product,0.5,0.5,0.5,100.0,0.4291516053344219,2,1
,,,,,0.742132700853409,3,1
,,,,,0.6591954323809976,4,1
,,,,,0.7863555196838511,3,0
,,,,,0.6162787329257731,4,0
,,,,,0.5669340529130419,3,0
,,,,,0.9087950372758792,3,1
,,,,,1.0199745488201413,3,0
synthetic_product,0.5,0.5,0.5,100.0,0.5729928300410984,3,1
,,,,,0.8112830836091579,4,0
,,,,,0.4902915779545657,3,0
,,,,,0.8783138811989611,3,1
,,,,,0.8021912265511041,3,1
,,,,,0.6660749915049892,4,1
synthetic_product,0.5,0.5,0.5,100.0,0.3590457845121521,2,1
,,,,,1.0807974277244872,3,0
synthetic_product,0.5,0.5,0.5,100.0,0.5855311052500467,3,0
,,,,,0.7808770416366475,4,0
,,,,,0.8174636708419286,3,0
,,,,,0.3225418647647923,3,1
,,,,,1.07953627177756,4,0
synthetic_product,0.5,0.5,0.5,100.0,0.6479419904638456,1,0
,,,,,0.9083983449222056,4,1
,,,,,0.4057403921228451,4,1
,,,,,0.4354122512468721,4,1
,,,,,1.1545071762971877,4,1
,,,,,0.404544698170236,3,0
,,,,,0.875591947392704,3,0
,,,,,0.529928217299582,3,0
,,,,,0.6596765664286806,3,1
,,,,,0.3885543672705516,3,1
synthetic_product,0.5,0.5,0.5,100.0,0.4045426087377143,2,0
synthetic_product,0.5,0.5,0.5,100.0,0.4624949191927368,1,0
synthetic_product,0.5,0.5,0.5,100.0,0.7294847973546594,2,1
synthetic_product,0.5,0.5,0.5,100.0,0.7215654095456584,2,0
synthetic_product,0.5,0.5,0.5,100.0,0.38961142078922334,3,1
synthetic_product,0.5,0.5,0.5,100.0,0.8948315264665214,3,1
,,,,,0.598368301463132,4,1
,,,,,1.0414333329157124,3,1
,,,,,0.4995627624295081,3,1
,,,,,1.0227485248993782,3,1
,,,,,0.5371957000886536,4,1
,,,,,0.3207655248383851,3,1
synthetic_product,0.5,0.5,0.5,100.0,0.993315245742658,1,0
,,,,,0.6425286487355143,4,0
synthetic_product,0.5,0.5,0.5,100.0,0.6651788594037966,3,1
synthetic_product,0.5,0.5,0.5,100.0,0.9326263764122573,1,1
,,,,,0.3959755585304241,3,1
,,,,,0.3774336182623788,4,0
synthetic_product,0.5,0.5,0.5,100.0,0.46918889699724897,1,1
,,,,,0.971621864891984,4,0
,,,,,0.3344305414783621,3,0
,,,,,0.2913897275673165,3,1
,,,,,0.4486144114645913,3,0
,,,,,0.846001134019381,4,1
,,,,,0.8901212062752466,3,0
synthetic_product,0.5,0.5,0.5,100.0,0.34206950745026427,1,1
synthetic_product,0.5,0.5,0.5,100.0,0.7828201267430244,2,1
synthetic_product,0.5,0.5,0.5,100.0,0.46156775514940274,2,0
synthetic_product,0.5,0.5,0.5,100.0,0.2354063705860947,1,1
,,,,,0.7655518747646657,3,1
,,,,,0.3830431703284456,3,1
,,,,,0.3020794174234728,3,1
,,,,,0.7796387673243237,3,1
,,,,,0.6893143301643004,4,1
,,,,,0.356516055332627,3,0
,,,,,0.8426191435470596,3,0
,,,,,0.5296595953446609,3,1
,,,,,0.5926960027174578,4,1
,,,,,0.7327708132914079,3,0
,,,,,0.7838094947474705,3,0
,,,,,0.8965693376502014,4,0
,,,,,0.5750333909419737,3,0
,,,,,0.8818755751373589,3,1
,,,,,0.924702961194956,4,0
,,,,,0.2645000327944694,3,1
,,,,,0.5527461154658659,3,1
,,,,,0.4556436799739366,3,0
synthetic_product,0.5,0.5,0.5,100.0,0.59601409064207,3,1
,,,,,0.792249034389939,3,1
,,,,,0.68998476704606,3,0
synthetic_product,0.5,0.5,0.5,100.0,0.26396986751726326,1,1
,,,,,1.0129354379292972,4,1
,,,,,0.5269290258631794,3,0
,,,,,0.3670646933767998,4,1
synthetic_product,0.5,0.5,0.5,100.0,0.463837985570498,2,0
,,,,,0.408016467390222,3,1
,,,,,0.7770563750945201,3,0
,,,,,0.8677904306052338,4,1
,,,,,1.1054587174487658,3,0
synthetic_product,0.5,0.5,0.5,100.0,0.7388767770010921,3,1
,,,,,0.3472764852313503,3,1
,,,,,0.3555474318772883,3,1
,,,,,0.4540849577349488,3,1
synthetic_product,0.5,0.5,0.5,100.0,0.8688453338028921,1,1
,,,,,0.8696199524481649,3,1
synthetic_product,0.5,0.5,0.5,100.0,0.8337666041838527,2,1
,,,,,0.9151937810037116,4,1
synthetic_product,0.5,0.5,0.5,100.0,0.7761189428642975,3,0
synthetic_product,0.5,0.5,0.5,100.0,0.2242633574072545,1,1
,,,,,0.8250877292025341,4,1
,,,,,0.9453452789366192,3,0
,,,,,0.8797745266198137,3,1
synthetic_product,0.5,0.5,0.5,100.0,0.39430962025438065,2,1
,,,,,0.3893228035575769,3,1
synthetic_product,0.5,0.5,0.5,100.0,0.7052120967399447,2,1
,,,,,0.3289204452328605,3,0
synthetic_product,0.5,0.5,0.5,100.0,0.5378945234931259,3,0
synthetic_product,0.5,0.5,0.5,100.0,0.8568807328950578,2,0
,,,,,1.0997777327739866,4,1
synthetic_product,0.5,0.5,0.5,100.0,0.2658680384404465,1,0
synthetic_product,0.5,0.5,0.5,100.0,0.7062058396764841,1,1
,,,,,0.4037097243742543,3,1
synthetic_product,0.5,0.5,0.5,100.0,0.6970444533192577,2,0
synthetic_product,0.5,0.5,0.5,100.0,0.8377410753081809,2,1
synthetic_product,0.5,0.5,0.5,100.0,0.8900481936375179,2,1
,,,,,0.3915753945843985,3,1
,,,,,0.4450155509025421,3,1
,,,,,0.5686081003355716,4,0
synthetic_product,0.5,0.5,0.5,100.0,0.5452957755361791,2,0
synthetic_product,0.5,0.5,0.5,100.0,0.8174909048049805,2,1
,,,,,0.868199231991262,4,1
,,,,,0.9860690686902716,3,0
,,,,,0.807908683148772,3,0
,,,,,0.9486041918073482,3,0
,,,,,0.5111663291612207,3,1
synthetic_product,0.5,0.5,0.5,100.0,0.8228697207306611,2,1
,,,,,0.488815225048224,3,0
synthetic_product,0.5,0.5,0.5,100.0,0.8312818869158254,2,1
,,,,,0.8226228949692765,4,0
,,,,,0.9506381187416796,4,1
synthetic_product,0.5,0.5,0.5,100.0,0.4418631246875175,2,1
,,,,,0.7686974382631107,3,0
synthetic_product,0.5,0.5,0.5,100.0,0.6474928170189661,2,0
synthetic_product,0.5,0.5,0.5,100.0,0.8378252188749037,2,0
,,,,,0.7408012325321892,3,0
,,,,,0.8359590059239279,4,0
synthetic_product,0.5,0.5,0.5,100.0,0.7779705107033754,1,1
,,,,,0.4437056305749781,3,1
,,,,,0.4070088954748762,4,1
,,,,,0.5471414463146521,3,1
,,,,,0.280278279502637,3,0
,,,,,0.678678635855454,4,1
,,,,,1.0468718146288072,3,0
,,,,,1.0204405904685547,3,1
,,,,,0.5605342930396482,4,1
,,,,,0.5796792707011932,3,1
,,,,,0.335512417167181,3,1
,,,,,1.027304438037992,3,0
,,,,,0.538112375169356,3,0
,,,,,0.516180885741463,3,0
,,,,,0.7869137455702901,4,1
,,,,,0.3803138695074178,3,1
,,,,,0.5837123256668927,3,1
,,,,,0.8286059142285745,3,1
,,,,,0.591798185113322,3,1
,,,,,0.6534364939981047,3,0
,,,,,0.5201034949383094,4,1
synthetic_product,0.5,0.5,0.5,100.0,1.13635570969802,2,1
synthetic_product,0.5,0.5,0.5,100.0,0.6862126404308285,2,0
,,,,,0.5836228960999028,3,1
synthetic_product,0.5,0.5,0.5,100.0,0.6834239794958809,3,1
,,,,,0.3751598896675473,3,1
,,,,,0.4384225955512393,3,0
,,,,,0.9895153301320136,4,0
,,,,,0.926818926017843,3,0
synthetic_product,0.5,0.5,0.5,100.0,0.24381507897154653,1,1
synthetic_product,0.5,0.5,0.5,100.0,0.6547486722430984,2,1
,,,,,0.7094218497559216,3,1
,,,,,0.4450128126853863,3,1
,,,,,0.6334799206526428,3,0
,,,,,0.4048278194939517,3,1
,,,,,0.8309503363755165,3,0
synthetic_product,0.5,0.5,0.5,100.0,0.46777769053563606,1,0
,,,,,0.5808103904971754,3,1
,,,,,0.8227778846535431,3,0
synthetic_product,0.5,0.5,0.5,100.0,0.20095585415531456,1,1
,,,,,0.8841612591035425,3,1
,,,,,0.4183519984249834,4,1
,,,,,0.6420695778846394,4,0
,,,,,0.4443469793974048,4,1
,,,,,0.9411927395358924,4,0
,,,,,0.878227359241673,3,0
,,,,,0.2506095691488925,3,1
synthetic_product,0.5,0.5,0.5,100.0,0.3327999687328086,2,1
synthetic_product,0.5,0.5,0.5,100.0,1.0128877092689919,1,1
synthetic_product,0.5,0.5,0.5,100.0,0.6451920664217461,1,0
synthetic_product,0.5,0.5,0.5,100.0,0.28887548887639586,2,1
,,,,,0.9355961816559066,4,0
synthetic_product,0.5,0.5,0.5,100.0,0.4092207597536326,2,1
,,,,,0.983689016631434,4,1
,,,,,0.92748460821947,4,1
,,,,,0.669236961996711,3,0
,,,,,0.4616420481027258,3,1
,,,,,1.1725718339065716,4,0
,,,,,0.5527581735708106,3,1
synthetic_product,0.5,0.5,0.5,100.0,0.9090488073101959,3,0
,,,,,0.689874775504787,3,0
,,,,,0.992773246322412,3,0
synthetic_product,0.5,0.5,0.5,100.0,0.43581397353395684,2,0
,,,,,0.8199286556041077,3,0
,,,,,0.6460826901425166,4,0
,,,,,0.5071864152449862,4,0
synthetic_product,0.5,0.5,0.5,100.0,0.6474954208273883,2,0
synthetic_product,0.5,0.5,0.5,100.0,0.5986776993860289,1,1
,,,,,0.7708205979817738,3,0
synthetic_product,0.5,0.5,0.5,100.0,0.3522296501422452,1,0
,,,,,0.7535082116067553,3,0
synthetic_product,0.5,0.5,0.5,100.0,0.6322977077045672,3,1
,,,,,0.8523470707515204,3,0
,,,,,0.5654271730014954,3,0
synthetic_product,0.5,0.5,0.5,100.0,0.3569161235499287,2,1
,,,,,0.3888491474890473,3,0
,,,,,0.9295448554275092,3,0
,,,,,0.6858889819461655,3,1
,,,,,0.8915559092874703,3,1
,,,,,0.5601590367041814,3,1
,,,,,0.3259280293773641,3,1
,,,,,0.5784894319407582,4,1
,,,,,0.3913422454722386,3,1
,,,,,0.6566927019588372,4,1
,,,,,0.5735538844210342,4,1
,,,,,0.5487697752031158,3,1
,,,,,0.7848456354370924,4,0
,,,,,0.758396910493177,4,0
,,,,,0.36698866411303,3,1
,,,,,0.6444587338601105,3,1
,,,,,0.7570494984069522,3,0
,,,,,0.9151806606729282,3,0
,,,,,0.3822090788541992,3,1
,,,,,0.6339013646766997,4,1
,,,,,0.8744387500386278,4,1
,,,,,0.3127478774570525,3,1
,,,,,1.0117125919665015,3,0
synthetic_product,0.5,0.5,0.5,100.0,0.7256596088722227,1,1
,,,,,0.2303178694620639,3,1
,,,,,0.9998598094522244,4,0
,,,,,0.4743839015107401,3,1
,,,,,0.9445901743700232,4,0
synthetic_product,0.5,0.5,0.5,100.0,0.9864714757228568,2,1
,,,,,0.7617019790067722,3,1
,,,,,0.6513535523897822,4,0
synthetic_product,0.5,0.5,0.5,100.0,0.3736748579906536,3,1
,,,,,0.6962620630713725,3,1
,,,,,0.5422226045046616,3,1
,,,,,0.8711811458476819,3,0
synthetic_product,0.5,0.5,0.5,100.0,0.37594891464604757,2,1
,,,,,0.6156764195719187,3,0
,,,,,0.9551501645234326,4,0
,,,,,0.8314915364444274,4,1
synthetic_product,0.5,0.5,0.5,100.0,0.6911660488553588,1,1
synthetic_product,0.5,0.5,0.5,100.0,0.8550219849885211,2,1
,,,,,0.7582254971014528,4,0
,,,,,0.5933134517698635,3,1
synthetic_product,0.5,0.5,0.5,100.0,0.5691017212524755,2,1
synthetic_product,0.5,0.5,0.5,100.0,0.4973923214099468,3,1
,,,,,0.7784124193688009,3,1
synthetic_product,0.5,0.5,0.5,100.0,0.7009904000287084,2,1
synthetic_product,0.5,0.5,0.5,100.0,1.085275124338945,3,1
,,,,,0.411159115729429,4,1
,,,,,0.5584000339055197,4,1
,,,,,0.5881143530587157,3,0
,,,,,0.628622673227281,4,0
synthetic_product,0.5,0.5,0.5,100.0,0.9355279822346888,2,1
synthetic_product,0.5,0.5,0.5,100.0,0.6507732113093505,2,0
,,,,,0.7152001493927075,4,1
synthetic_product,0.5,0.5,0.5,100.0,0.7598787415271967,2,1
,,,,,0.3632458621082869,4,1
,,,,,0.5742972117506833,3,0
,,,,,0.6108564661825852,3,0
synthetic_product,0.5,0.5,0.5,100.0,0.3624543118042345,1,0
synthetic_product,0.5,0.5,0.5,100.0,0.8418489742504468,3,1
,,,,,0.7933822217711477,4,0
,,,,,0.6921713542466177,3,0
,,,,,0.613948332743294,3,1
,,,,,0.9887518865325864,3,0
synthetic_product,0.5,0.5,0.5,100.0,0.7133150632399573,1,0
,,,,,0.6932903943912474,3,1
synthetic_product,0.5,0.5,0.5,100.0,0.7322456775584494,2,0
,,,,,0.9935041977303284,4,1
synthetic_product,0.5,0.5,0.5,100.0,0.8821471343975185,3,0
synthetic_product,0.5,0.5,0.5,100.0,0.7781751691110377,1,1
,,,,,0.3113804947061375,3,1
,,,,,0.8243978539585427,4,1
,,,,,0.3873175250172516,3,0
synthetic_product,0.5,0.5,0.5,100.0,0.801890358033325,1,1
,,,,,0.5466109668342427,3,1
synthetic_product,0.5,0.5,0.5,100.0,1.135046484545205,3,1
synthetic_product,0.5,0.5,0.5,100.0,1.0827277873859102,3,1
,,,,,0.74551673360015,4,1
,,,,,0.7177105520054676,4,0
,,,,,0.3894397495308372,3,1
,,,,,0.86399616503709,3,0
synthetic_product,0.5,0.5,0.5,100.0,0.4490236524117562,1,0
,,,,,0.6349440750359154,3,1
,,,,,0.9421867127599504,4,1
,,,,,0.2842705546457457,3,1
,,,,,0.6973075825206262,3,1
,,,,,1.057760180139462,3,0
,,,,,0.6634378315589056,4,1
,,,,,0.7957278767149356,3,1
,,,,,0.8123503621840863,4,0
,,,,,0.6554943513112912,3,1
,,,,,0.760060562896214,3,0
,,,,,0.8892633703131649,3,0
,,,,,0.5667920996296352,4,0
,,,,,0.4763504645961993,3,0
,,,,,1.1582742733994549,3,0
,,,,,0.780023400415497,3,1
,,,,,0.2652929796002548,3,1
,,,,,0.6818717364639283,3,0
,,,,,0.5779742947735889,3,1
synthetic_product,0.5,0.5,0.5,100.0,0.35921467985604355,1,1
synthetic_product,0.5,0.5,0.5,100.0,0.64928497377555,3,0
,,,,,0.3145085409277088,3,0
synthetic_product,0.5,0.5,0.5,100.0,0.8228246940135825,3,1
,,,,,0.7156084880449805,3,0
,,,,,0.9645284932968436,4,1
,,,,,0.5440853595817968,4,1
,,,,,0.7351848215525184,4,1
,,,,,0.3159380027028201,4,1
synthetic_product,0.5,0.5,0.5,100.0,1.0159630678125764,2,0
,,,,,0.9981841469672114,4,0
synthetic_product,0.5,0.5,0.5,100.0,0.6643902180350453,1,1
,,,,,0.9652928276819552,3,1
,,,,,0.7800969744912494,3,1
synthetic_product,0.5,0.5,0.5,100.0,0.8482643727700392,1,0
,,,,,0.6372750736458679,3,0
synthetic_product,0.5,0.5,0.5,100.0,0.7983662122997617,2,0
synthetic_product,0.5,0.5,0.5,100.0,1.0409710467335143,3,1
synthetic_product,0.5,0.5,0.5,100.0,0.1286385983319143,1,1
synthetic_product,0.5,0.5,0.5,100.0,0.3146051345159659,3,1
synthetic_product,0.5,0.5,0.5,100.0,0.6686330423490903,3,1
,,,,,0.9592816200703542,4,0
,,,,,1.210544065038369,4,0
synthetic_product,0.5,0.5,0.5,100.0,0.32853190206763994,3,1
,,,,,0.4631175491770112,3,1
,,,,,0.5845070667199012,3,1
synthetic_product,0.5,0.5,0.5,100.0,0.8808260341564199,2,0
synthetic_product,0.5,0.5,0.5,100.0,0.5763455315152887,2,1
synthetic_product,0.5,0.5,0.5,100.0,0.409584901126102,2,1
synthetic_product,0.5,0.5,0.5,100.0,0.36579552662832815,1,1
synthetic_product,0.5,0.5,0.5,100.0,0.954717708810846,1,1
,,,,,1.02952999452355,3,0
,,,,,0.9465425773851625,3,0
,,,,,0.5754932470910225,3,1
,,,,,0.7103039202989304,4,1
,,,,,0.506130593710746,3,0
,,,,,0.5405962574862981,3,0
,,,,,0.7211724921943523,3,1
synthetic_product,0.5,0.5,0.5,100.0,0.8208281923362283,2,0
synthetic_product,0.5,0.5,0.5,100.0,0.649232054275689,2,1
,,,,,0.5260533045860569,3,1
,,,,,0.533111332092853,4,1
,,,,,0.841171106942424,4,0
,,,,,0.7383818945454742,3,1
synthetic_product,0.5,0.5,0.5,100.0,0.48118167467855294,3,0
,,,,,0.6806018995563727,4,1
synthetic_product,0.5,0.5,0.5,100.0,0.3609022147072271,1,1
,,,,,0.3744821915160726,3,1
,,,,,0.4993736351509397,3,1
,,,,,0.6420768838086668,3,1
,,,,,0.3525889052942443,3,1
,,,,,0.5439333682907038,3,0
,,,,,0.6411663011414742,3,0
,,,,,0.6780869817205574,3,0
,,,,,0.3392875783337185,3,1
,,,,,1.0253561654936303,3,0
,,,,,0.3622678904375052,4,1
,,,,,0.7172546369163117,4,1
,,,,,1.059625538719711,4,0
,,,,,0.4246226527241878,3,1
,,,,,0.785516356930193,3,0
,,,,,1.2347685502336292,4,1
,,,,,0.9329168818430092,4,0
,,,,,0.999257050835134,4,0
,,,,,0.9022448233805226,3,0
,,,,,0.6356768357597867,3,0
,,,,,0.721568148151765,4,0
,,,,,1.0812073341153552,4,1
,,,,,0.7667409497898543,3,1
,,,,,1.0196198761739192,3,0
,,,,,0.3226495613007069,3,1
,,,,,0.9369751371593724,3,0
,,,,,0.4798379734384846,4,1
,,,,,0.6757855723287236,3,1
,,,,,0.7518707807490728,4,0
,,,,,0.5024940261844375,4,0
,,,,,0.7049413399482654,3,0
,,,,,0.6934548807485423,3,1
,,,,,0.4875257938924234,3,1
,,,,,0.7723375950195672,4,1
synthetic_product,0.5,0.5,0.5,100.0,0.5283717164714782,1,0
,,,,,0.7796741497570572,3,0
,,,,,0.748613756540006,3,1
,,,,,0.9332817931989392,3,0
synthetic_product,0.5,0.5,0.5,100.0,0.5762783644683531,3,1
,,,,,1.1441922165297405,4,1
,,,,,0.8804876946724346,3,0
,,,,,0.7081404997816401,3,0
,,,,,0.5481281091722401,4,1
,,,,,1.0119535856324655,3,0
,,,,,0.3662356249885921,3,0
,,,,,0.7363477156102104,4,1
,,,,,1.22069932018018,3,0
,,,,,0.5666995527506268,3,1
,,,,,0.9706041170143364,3,1
,,,,,0.6691460297572988,3,1
synthetic_product,0.5,0.5,0.5,100.0,0.45586425412220455,2,1
synthetic_product,0.5,0.5,0.5,100.0,0.573899743006358,1,1
synthetic_product,0.5,0.5,0.5,100.0,0.1700930564473461,1,1
synthetic_product,0.5,0.5,0.5,100.0,0.9369022163439614,1,0
,,,,,1.0072507959087489,4,0
,,,,,0.4700707735571486,3,0
synthetic_product,0.5,0.5,0.5,100.0,0.5830103818423519,1,1
,,,,,0.1738948961311739,3,0
synthetic_product,0.5,0.5,0.5,100.0,0.7379725355971297,3,1
,,,,,0.2384672334480732,3,0
,,,,,0.5620532334929565,4,1
,,,,,0.7183666311688087,3,0
,,,,,0.967367480086741,3,1
synthetic_product,0.5,0.5,0.5,100.0,0.37493768617909706,2,1
synthetic_product,0.5,0.5,0.5,100.0,0.985781909020787,2,0
,,,,,0.8101267617905593,4,0
synthetic_product,0.5,0.5,0.5,100.0,1.0664694654513271,2,0
synthetic_product,0.5,0.5,0.5,100.0,0.7308021584896253,1,1
,,,,,0.2710736670169377,3,0
,,,,,0.6361726668082768,3,1
synthetic_product,0.5,0.5,0.5,100.0,0.6058096869267688,1,0
synthetic_product,0.5,0.5,0.5,100.0,0.4309271385153825,2,0
,,,,,0.6395590916940175,3,0
,,,,,0.6215583323858401,4,0
,,,,,0.8500801516435819,4,0
,,,,,1.0734948987352593,4,0
,,,,,0.4930716964210254,4,1
,,,,,0.6554371734966853,3,1
,,,,,1.0967092846619262,3,0
,,,,,0.9026817678632456,3,0
synthetic_product,0.5,0.5,0.5,100.0,0.5431497852493699,1,1
,,,,,0.8708464267398722,4,0
,,,,,0.6436882851643213,4,1
synthetic_product,0.5,0.5,0.5,100.0,0.5396574664782889,1,1
synthetic_product,0.5,0.5,0.5,100.0,0.29036778786259626,2,1
,,,,,0.2952945318441284,3,1
,,,,,0.5227637073573203,4,1
synthetic_product,0.5,0.5,0.5,100.0,0.9685875679530153,3,0
synthetic_product,0.5,0.5,0.5,100.0,0.30918225056514415,1,1
synthetic_product,0.5,0.5,0.5,100.0,0.6245002181864121,2,1
synthetic_product,0.5,0.5,0.5,100.0,0.4327542085470173,1,1
,,,,,0.7459459518692552,4,1
,,,,,0.988528850381248,3,1
,,,,,0.660586209509344,3,0
,,,,,0.4368451726493817,3,1
,,,,,1.057878166191038,4,0
,,,,,0.6290254275827643,3,0
,,,,,0.5218656606768297,3,1
,,,,,1.0276477220664564,3,1
,,,,,0.5251982800655878,3,1
,,,,,0.274974119029701,3,1
,,,,,0.9208949641335148,4,0
,,,,,0.5751903895553339,3,1
,,,,,0.7032874822504164,4,0
,,,,,0.8793277545163961,3,0
,,,,,0.5745115692574831,4,1
,,,,,1.1175764714545895,4,1
,,,,,0.2681610562932347,3,1
,,,,,0.6666751974034449,4,0
,,,,,1.1002397882080444,4,0
,,,,,0.2689957828169883,3,1
,,,,,0.8259758929213821,4,1
synthetic_product,0.5,0.5,0.5,100.0,0.43657692885956445,2,1
,,,,,0.9172099552324006,4,0
,,,,,0.7053824836372131,3,0
,,,,,0.337805245704833,3,1
synthetic_product,0.5,0.5,0.5,100.0,0.6539485622296147,1,0
,,,,,0.5445173474998998,4,1
,,,,,0.6095427375723486,3,0
,,,,,0.5896976107979344,4,0
,,,,,0.5458838021854879,4,1
,,,,,1.0594597290438392,3,0
synthetic_product,0.5,0.5,0.5,100.0,0.703275236379506,2,0
synthetic_product,0.5,0.5,0.5,100.0,0.5480414942340863,1,1
synthetic_product,0.5,0.5,0.5,100.0,0.893598681467487,2,1
,,,,,1.2283268677260677,4,0
,,,,,0.819464659156152,4,0
,,,,,0.8612877450119858,4,0
,,,,,0.4026261338333778,3,1
synthetic_product,0.5,0.5,0.5,100.0,0.5029932436051521,1,1
,,,,,0.6899440599152207,4,0
,,,,,1.133096229566465,4,0
,,,,,0.5506987019690984,4,1
,,,,,0.684380993678709,4,1
synthetic_product,0.5,0.5,0.5,100.0,0.7362117220895801,2,1
,,,,,0.89080011288685,3,0
,,,,,0.2610418746508695,3,0
,,,,,1.043093599269157,3,0
synthetic_product,0.5,0.5,0.5,100.0,0.6791487915696095,3,1
,,,,,0.8325933771115971,3,1
,,,,,0.423193930523009,4,1
,,,,,0.5095990124691052,3,0
,,,,,0.8328960225717752,3,0
,,,,,0.2347730224231238,3,1
,,,,,1.0529509132871089,3,1
,,,,,0.7978330629109979,4,0
,,,,,0.7826624087786687,3,1
,,,,,0.967045298518151,4,1
,,,,,0.8263019717578106,4,0
,,,,,0.504855150450227,3,1
,,,,,0.8178639639491028,3,0
,,,,,0.6447001949321363,3,1
synthetic_product,0.5,0.5,0.5,100.0,0.27591635708739604,2,1
,,,,,0.3968550478721303,3,1
,,,,,0.6802415046755856,3,1
,,,,,0.4504087995071902,3,1
,,,,,0.7450732830355684,4,1
synthetic_product,0.5,0.5,0.5,100.0,0.7435519255711643,1,1
,,,,,0.5322851734298903,3,0
,,,,,0.7779509301175865,4,0
,,,,,0.3754733886408725,3,0
synthetic_product,0.5,0.5,0.5,100.0,0.5847498369062447,2,0
synthetic_product,0.5,0.5,0.5,100.0,0.8505515529561096,3,1
synthetic_product,0.5,0.5,0.5,100.0,0.6242829311083717,2,1
,,,,,0.7749689361948131,3,0
synthetic_product,0.5,0.5,0.5,100.0,0.6797385319917523,1,1
synthetic_product,0.5,0.5,0.5,100.0,0.6101543917237983,3,1
synthetic_product,0.5,0.5,0.5,100.0,0.8879637181022432,2,0
,,,,,0.5340167864587245,3,0
,,,,,0.6880025685890968,3,0
,,,,,0.2944513050129225,4,1
,,,,,0.692414880705445,4,1
,,,,,0.8403783474967739,3,0
,,,,,0.5073563414045817,4,1
,,,,,0.2683007594555395,3,0
,,,,,1.0647830544121588,3,0
,,,,,0.96609064213291,3,0
,,,,,0.4112227426636497,3,1
,,,,,1.1783658543664608,4,0
,,,,,0.4712329480426391,3,0
,,,,,0.7723857000836627,4,0
,,,,,0.4491537183911595,3,1
,,,,,0.5979846221558451,3,1
,,,,,0.5082684606252496,3,0
,,,,,0.4348691682438558,3,0
,,,,,0.9824636639265109,3,0
,,,,,0.5935693492462762,4,1
,,,,,0.6475287619780032,4,0
,,,,,0.6352617025806893,3,1
,,,,,0.6177785452958172,3,1
,,,,,0.3239599492437038,4,0
,,,,,0.5888629962165844,3,1
,,,,,0.7218862252582839,3,1
synthetic_product,0.5,0.5,0.5,100.0,0.3265089513328235,1,1
synthetic_product,0.5,0.5,0.5,100.0,0.4288153178969,2,0
synthetic_product,0.5,0.5,0.5,100.0,1.1560502026286394,2,1
,,,,,0.449037593428491,3,1
,,,,,0.9310055131883158,3,0
synthetic_product,0.5,0.5,0.5,100.0,0.752217852302023,1,1
,,,,,0.755705366961158,3,1
,,,,,0.6136390619673963,3,0
synthetic_product,0.5,0.5,0.5,100.0,0.7323916297976987,3,1
synthetic_product,0.5,0.5,0.5,100.0,0.7686141939190247,2,0
,,,,,0.9700462756329268,4,1
synthetic_product,0.5,0.5,0.5,100.0,0.8035461400385652,2,1
synthetic_product,0.5,0.5,0.5,100.0,0.7553406185804382,2,1
synthetic_product,0.5,0.5,0.5,100.0,0.9755193171803848,1,1
,,,,,0.7113441637082419,3,1
synthetic_product,0.5,0.5,0.5,100.0,0.5877014855178158,2,1
synthetic_product,0.5,0.5,0.5,100.0,0.6294953083925521,3,1
,,,,,0.7267356318426548,4,1
,,,,,0.5922121805611559,3,1
,,,,,1.0143253134361423,3,0
synthetic_product,0.5,0.5,0.5,100.0,0.8946377881755909,3,1
,,,,,0.6936879609601592,3,1
,,,,,1.057874268992591,3,1
synthetic_product,0.5,0.5,0.5,100.0,0.613625848169459,3,1
,,,,,1.0990656437220223,4,1
synthetic_product,0.5,0.5,0.5,100.0,0.43511792443496317,1,0
synthetic_product,0.5,0.5,0.5,100.0,0.6819789158225207,2,0
synthetic_product,0.5,0.5,0.5,100.0,0.6646829725139539,2,1
,,,,,1.006429443659173,4,1
synthetic_product,0.5,0.5,0.5,100.0,0.960964134323473,1,0
,,,,,0.8895965587387171,3,0
synthetic_product,0.5,0.5,0.5,100.0,0.31826042052270576,1,0
,,,,,0.9587556997725324,3,1
,,,,,0.7025906357716736,4,1
synthetic_product,0.5,0.5,0.5,100.0,1.0554093586484805,2,1
synthetic_product,0.5,0.5,0.5,100.0,1.1167364595147216,3,1
synthetic_product,0.5,0.5,0.5,100.0,0.7734616128650731,1,0
synthetic_product,0.5,0.5,0.5,100.0,0.44677940781155295,2,1
synthetic_product,0.5,0.5,0.5,100.0,0.8546987305685584,3,0
synthetic_product,0.5,0.5,0.5,100.0,0.7259180806810038,3,1
synthetic_product,0.5,0.5,0.5,100.0,0.8073428366491336,2,0
,,,,,0.7488185581666046,3,0
,,,,,0.7337147005328912,4,1
,,,,,0.754433019318293,4,0
,,,,,0.9794862018397944,3,0
,,,,,0.894789784880246,3,1
,,,,,0.8061419169489499,3,1
,,,,,0.6989117596587335,4,1
,,,,,0.4728418410204994,3,1
,,,,,0.6676191414875239,3,0
,,,,,0.94080715319735,4,1
,,,,,0.7209643769902104,3,0
,,,,,0.3659381772310893,4,1
,,,,,0.6146513280358448,3,1
,,,,,0.5859183578772521,3,0
,,,,,0.8092504640588978,4,1
,,,,,0.7304197789366733,4,0
,,,,,0.3999384243750586,3,1
,,,,,0.6403846270467856,4,0
,,,,,1.1549512130132016,4,0
,,,,,0.3416727889289724,4,1
,,,,,0.680276666225456,3,1
,,,,,0.3716902601078157,4,1
,,,,,0.6940333150535789,3,0
,,,,,0.3687410913627198,4,1
,,,,,0.6606605523037274,3,0
,,,,,0.6093474252602955,3,0
,,,,,0.7644181164162476,3,0
,,,,,0.5989730809901552,3,1
,,,,,0.7706219266867658,3,1
,,,,,0.5401849748770422,3,1
,,,,,0.9207743517848328,3,1
,,,,,0.9614798142402824,3,0
,,,,,0.7617467730775872,3,0
,,,,,0.6782370199547906,4,0
,,,,,0.8693869167240805,3,1
synthetic_product,0.5,0.5,0.5,100.0,0.9289621304931237,2,0
synthetic_product,0.5,0.5,0.5,100.0,0.878493680681261,2,1
,,,,,0.5792434489684879,4,1
,,,,,0.8154029637147967,4,1
,,,,,0.7184505094553539,3,1
synthetic_product,0.5,0.5,0.5,100.0,0.5020271798108705,2,0
synthetic_product,0.5,0.5,0.5,100.0,0.4251837106253478,2,1
synthetic_product,0.5,0.5,0.5,100.0,0.6773651490758418,2,0
synthetic_product,0.5,0.5,0.5,100.0,0.817986983466303,2,0
,,,,,0.7177577390074378,3,1
,,,,,0.6233838612177529,3,1
,,,,,0.520742017799007,4,1
,,,,,0.6609953358212208,4,1
,,,,,0.5601337756362056,3,1
,,,,,0.4982797562316168,3,0
,,,,,1.0401737620387308,3,1
synthetic_product,0.5,0.5,0.5,100.0,0.7007763609561903,2,0
,,,,,0.2718093852814395,3,1
,,,,,0.6319558911247264,3,1
synthetic_product,0.5,0.5,0.5,100.0,0.5299301817348294,3,1
,,,,,0.5048477872920438,3,1
,,,,,0.9225719972638504,3,0
,,,,,1.0120480141424792,3,1
,,,,,0.6111597911602531,3,0
synthetic_product,0.5,0.5,0.5,100.0,0.9039017567745097,1,0
,,,,,0.9594559202813068,3,1
synthetic_product,0.5,0.5,0.5,100.0,0.8082091487298786,1,0
,,,,,0.2557343568791632,3,1
,,,,,0.810163101746904,4,0
,,,,,0.5754780363858955,3,1
synthetic_product,0.5,0.5,0.5,100.0,1.0942255102070406,3,0
,,,,,0.8312563195893687,3,0
synthetic_product,0.5,0.5,0.5,100.0,1.039092007701036,1,0
,,,,,0.6913229140996717,3,1
synthetic_product,0.5,0.5,0.5,100.0,0.6949192479857762,2,1
,,,,,0.6312630880752714,4,1
synthetic_product,0.5,0.5,0.5,100.0,0.8362746585665034,2,1
,,,,,0.7586832977045721,3,1
synthetic_product,0.5,0.5,0.5,100.0,0.6431702491741575,2,1
,,,,,0.707986757219937,4,0
,,,,,0.3671421560549236,4,0
,,,,,0.2960251454958286,3,0
,,,,,0.6318532653277217,3,1
synthetic_product,0.5,0.5,0.5,100.0,0.28608275661266314,2,1
,,,,,0.7773939222937674,3,0
,,,,,0.5989492611078816,4,1
synthetic_product,0.5,0.5,0.5,100.0,0.6509122455928943,3,0
synthetic_product,0.5,0.5,0.5,100.0,1.195232639651023,3,0
,,,,,0.8486877441360058,4,0
,,,,,0.4992682202130031,4,1
synthetic_product,0.5,0.5,0.5,100.0,1.1516329887328571,3,0
,,,,,0.7838190080006507,3,0
,,,,,0.6212279964206878,4,1
,,,,,0.945633705968798,4,1
,,,,,1.1243172678657731,4,0
,,,,,1.0507364631579197,3,1
,,,,,0.7555065583001428,4,0
,,,,,0.8929047674187469,4,0
,,,,,1.1950873881467,4,1
,,,,,0.4449197747211187,4,0
,,,,,0.4894221443848287,3,0
,,,,,0.7674440981692643,4,0
,,,,,0.7415304911097572,4,1
,,,,,0.5095312176964765,3,1
,,,,,0.976766771548248,3,1
,,,,,0.652306847933564,3,0
,,,,,0.8336679439874477,4,1
,,,,,0.571849819726917,3,0
,,,,,0.5355839400629064,3,0
,,,,,0.3749276847819149,3,1
,,,,,0.5539915788955271,3,1
,,,,,0.4003725924552175,4,1
,,,,,0.7142344448942834,3,0
,,,,,0.3854417915550647,3,1
,,,,,0.5045154278710539,3,0
,,,,,0.3296088424788716,3,1
,,,,,0.7001950180086222,3,1
,,,,,0.7976847046886633,4,1
synthetic_product,0.5,0.5,0.5,100.0,0.560416804561938,2,0
,,,,,0.6399043304264905,4,0
,,,,,0.8385825163597744,3,0
synthetic_product,0.5,0.5,0.5,100.0,0.5133474719343443,1,0
synthetic_product,0.5,0.5,0.5,100.0,0.7517784587636174,3,1
,,,,,0.5723074387258704,3,0
synthetic_product,0.5,0.5,0.5,100.0,0.5608301941271836,2,0
,,,,,0.5248271875217388,3,1
,,,,,1.1004507305849691,3,1
,,,,,0.7735170175625186,4,0
synthetic_product,0.5,0.5,0.5,100.0,0.7261341764132605,2,0
,,,,,0.4635425136936061,4,0
synthetic_product,0.5,0.5,0.5,100.0,0.7287636867666404,1,0
,,,,,0.259304497573128,3,1
,,,,,0.6559012066717443,3,1
,,,,,0.4868592328760141,3,0
synthetic_product,0.5,0.5,0.5,100.0,0.5438520583061873,1,1
,,,,,1.0544812302355562,4,0
,,,,,1.2531425820140083,4,0
,,,,,0.5657249563140112,3,1
,,,,,0.8672184841415246,4,1
,,,,,0.5911642777188477,3,1
synthetic_product,0.5,0.5,0.5,100.0,0.06428110178734105,1,1
synthetic_product,0.5,0.5,0.5,100.0,0.42970729629965293,2,0
,,,,,1.150840657421946,4,0
synthetic_product,0.5,0.5,0.5,100.0,0.4925134861419924,1,1
synthetic_product,0.5,0.5,0.5,100.0,0.39671957546007297,2,1
synthetic_product,0.5,0.5,0.5,100.0,0.43562365981729806,2,0
,,,,,0.8690685265717608,3,0
,,,,,0.5322405685942083,3,0
,,,,,0.5355901752709512,4,1
,,,,,0.448751364497774,3,0
,,,,,0.3711907802096428,4,0
synthetic_product,0.5,0.5,0.5,100.0,0.8375028711692207,3,0
synthetic_product,0.5,0.5,0.5,100.0,0.6249527195919052,3,0
synthetic_product,0.5,0.5,0.5,100.0,0.03474952852818963,1,1
,,,,,0.6271734313463495,4,0
,,,,,0.3957867297727873,3,1
,,,,,1.1507695470847006,4,0
,,,,,0.8151979670800295,3,1
,,,,,1.0622216868135963,3,0
,,,,,0.5865127657191896,3,0
,,,,,1.0220728472885046,4,0
,,,,,0.6589209206446371,3,0
synthetic_product,0.5,0.5,0.5,100.0,0.6598491175147798,1,1
,,,,,0.5928091881961821,3,1
,,,,,0.6217491689021837,3,1
,,,,,0.5092221506681075,3,0
synthetic_product,0.5,0.5,0.5,100.0,0.44105718314701775,2,0
,,,,,0.6491632578893565,3,0
synthetic_product,0.5,0.5,0.5,100.0,0.3439602903653928,1,1
,,,,,0.6214468751056821,4,1
synthetic_product,0.5,0.5,0.5,100.0,0.5536500985551196,2,1
,,,,,0.6386147877878136,3,1
,,,,,0.5870374797188147,3,1
,,,,,0.8553336427530436,3,1
,,,,,0.4931925281360442,3,0
,,,,,0.5790988685173521,4,0
,,,,,0.3155690211860802,3,1
,,,,,0.4326644010347348,4,1
,,,,,0.3728661943689939,3,1
,,,,,0.647807166960994,3,0
,,,,,0.7114544134199856,3,1
,,,,,0.6846004206776934,3,0
,,,,,1.0150724360608605,3,1
,,,,,0.4782957601019664,3,0
,,,,,0.4189139942516855,3,0
,,,,,1.0062783168859617,4,1
,,,,,0.8136780375365585,3,0
,,,,,0.9145910131829654,3,1
,,,,,0.5151339568503809,3,1
,,,,,0.7326665170404695,3,1
,,,,,0.5791932345429682,3,0
,,,,,1.0222815027265029,4,1
,,,,,0.7517665615576692,4,0
,,,,,0.9018255884691472,4,1
,,,,,0.7390247963656175,4,1
,,,,,0.5579411275271798,3,1
,,,,,1.074397445026912,4,1
,,,,,0.7975326180485607,4,1
,,,,,1.0791050482806994,4,0
,,,,,0.1905759869336342,3,1
,,,,,0.5031117982045706,3,1
synthetic_product,0.5,0.5,0.5,100.0,0.7375994548875174,2,1
,,,,,1.0724570881125093,3,0
,,,,,0.4082447016179694,4,1
,,,,,0.9840297021942676,3,0
synthetic_product,0.5,0.5,0.5,100.0,0.9007601996434165,3,1
,,,,,0.7487722345727543,3,1
synthetic_product,0.5,0.5,0.5,100.0,0.5794913661229514,2,1
,,,,,0.8092356065786096,4,0
synthetic_product,0.5,0.5,0.5,100.0,0.8111189311097643,3,0
synthetic_product,0.5,0.5,0.5,100.0,0.7116758011036428,2,1
synthetic_product,0.5,0.5,0.5,100.0,0.4105472308305901,1,1
,,,,,1.0471260299641452,3,1
,,,,,0.4665051400265202,4,1
,,,,,0.3308342152600195,3,1
,,,,,0.8730531570089444,3,0
synthetic_product,0.5,0.5,0.5,100.0,0.9540387398291313,3,0
,,,,,0.5063321274416906,3,1
synthetic_product,0.5,0.5,0.5,100.0,0.29227201663326374,1,1
synthetic_product,0.5,0.5,0.5,100.0,0.2417765872476838,3,0
,,,,,0.6979678867639497,4,1
synthetic_product,0.5,0.5,0.5,100.0,0.36549574658107076,2,1
synthetic_product,0.5,0.5,0.5,100.0,0.6198258701237462,1,1
,,,,,1.1421429544693182,4,0
,,,,,0.6114460143520832,3,1
synthetic_product,0.5,0.5,0.5,100.0,0.7408633820178109,1,1
,,,,,0.391032326356239,3,1
,,,,,1.1779737551759704,4,0
,,,,,0.8627259435302722,3,1
,,,,,0.4204722257011409,3,1
,,,,,1.037486319552737,4,1
,,,,,1.0992071725916317,4,1
synthetic_product,0.5,0.5,0.5,100.0,0.5888617458592462,2,1
,,,,,0.9005183776954411,3,1
,,,,,0.5538360795488311,3,1
,,,,,0.8894524953220013,3,0
synthetic_product,0.5,0.5,0.5,100.0,0.0844107710134604,2,1
,,,,,0.5914617283264402,3,0
,,,,,0.7605804226922068,3,1
,,,,,0.8215763015358702,3,1
,,,,,0.8839039405022446,3,0
synthetic_product,0.5,0.5,0.5,100.0,0.5623173149363578,2,1
,,,,,0.1898375360193513,3,1
,,,,,0.8506786377052709,3,0
,,,,,0.5328196959670795,3,1
,,,,,0.7820817905507,3,1
,,,,,0.7750511759087328,4,1
synthetic_product,0.5,0.5,0.5,100.0,0.5754189611312543,1,0
synthetic_product,0.5,0.5,0.5,100.0,0.6035291164773505,1,1
,,,,,0.5843240876414694,4,1
,,,,,0.6881065729148809,3,1
synthetic_product,0.5,0.5,0.5,100.0,0.548490855212536,3,1
,,,,,0.5683857633070447,3,0
,,,,,0.4883839547835217,3,0
synthetic_product,0.5,0.5,0.5,100.0,0.8855049826258339,2,0
,,,,,0.4571752486110221,4,1
,,,,,0.7263317022321759,3,1
,,,,,1.1732290476117178,4,1
,,,,,0.7213817038425987,3,0
,,,,,0.7948974166322194,3,1
,,,,,0.6117534374524518,3,0
,,,,,0.5071519199141615,3,0
,,,,,0.8049901895305044,3,1
,,,,,1.0338443831128898,3,0
,,,,,0.4521569190019636,3,0
,,,,,1.0254533759007047,3,0
,,,,,1.0233182858587018,4,1
,,,,,0.8203508642351498,3,0
,,,,,0.5331497401407687,4,1
,,,,,0.429870432623884,4,1
,,,,,0.4257031008366298,3,1
,,,,,1.0404819504156315,3,0
,,,,,1.1812795968987135,3,1
,,,,,0.7954221596574551,3,0
,,,,,0.7749928518880506,3,0
,,,,,0.4001811268078133,3,1
,,,,,0.7823414182974763,3,0
,,,,,0.8481849901852935,3,0
,,,,,1.0531794151112908,4,0
,,,,,0.7897836988309744,3,1
synthetic_product,0.5,0.5,0.5,100.0,0.4744189940473373,2,0
,,,,,0.5088749932475581,3,1
synthetic_product,0.5,0.5,0.5,100.0,0.40499767156053945,2,1
,,,,,0.7051497683299885,4,1
,,,,,0.2465618281431059,3,1
,,,,,0.3644215472924347,3,1
synthetic_product,0.5,0.5,0.5,100.0,0.8380770603666415,1,0
,,,,,1.2222526064399668,3,0
,,,,,0.8586947849502035,4,1
synthetic_product,0.5,0.5,0.5,100.0,0.5349389415172962,2,1
,,,,,0.5956074499401214,4,0
synthetic_product,0.5,0.5,0.5,100.0,1.1196606048966549,3,0
,,,,,0.4268425233783849,3,0
,,,,,0.6549525422750141,3,0
synthetic_product,0.5,0.5,0.5,100.0,0.8289588635804874,3,0
,,,,,0.8479752477538179,4,0
,,,,,0.2853601005795828,3,1
synthetic_product,0.5,0.5,0.5,100.0,0.618246010523205,1,0
,,,,,0.6373524533456971,3,0
synthetic_product,0.5,0.5,0.5,100.0,0.77485197569743,3,1
,,,,,0.3711443967151826,3,1
synthetic_product,0.5,0.5,0.5,100.0,0.14291923602957526,1,1
,,,,,1.0321493952400356,3,1
,,,,,0.4202004823036025,4,1
synthetic_product,0.5,0.5,0.5,100.0,0.7602102811377933,1,0
,,,,,0.5519378149546128,4,1
,,,,,0.2346235464801847,3,1
synthetic_product,0.5,0.5,0.5,100.0,0.5482059555509584,1,1
,,,,,1.0300805696511663,3,1
,,,,,0.6875977963644266,4,1
,,,,,0.7003058397554206,3,0
,,,,,0.7790120116590538,4,1
,,,,,0.886266897310399,3,0
,,,,,0.741881025090639,4,1
,,,,,0.9051179953568956,4,1
,,,,,0.4985533325545624,3,0
,,,,,1.0907995824472132,4,0
synthetic_product,0.5,0.5,0.5,100.0,0.3812732634745069,1,1
,,,,,0.5887420511805616,3,0
synthetic_product,0.5,0.5,0.5,100.0,0.34515635151430385,3,1
,,,,,0.6442016364908142,3,1
,,,,,0.5354029734287709,4,0
,,,,,1.0970820726678323,4,1
,,,,,0.9215243029289814,4,1
synthetic_product,0.5,0.5,0.5,100.0,0.8224610545747065,2,0
,,,,,0.6930237481329778,3,0
,,,,,0.783060262031684,4,0
,,,,,0.888839461495966,3,0
synthetic_product,0.5,0.5,0.5,100.0,0.689147454359433,2,1
,,,,,0.9502240733971176,3,1
,,,,,0.5924484443497696,3,1
,,,,,0.6944619890302023,3,1
,,,,,0.5737481888046707,4,0
synthetic_product,0.5,0.5,0.5,100.0,0.5257857339788016,2,1
,,,,,0.4411605429583594,3,1
,,,,,0.4412013941829359,3,1
,,,,,0.56393497591868,3,1
,,,,,0.8696274369639301,3,0
,,,,,0.7314411318874564,3,0
,,,,,0.4605966032465697,4,1
,,,,,0.833360349455125,4,1
,,,,,1.042021973477241,4,0
,,,,,1.096591076169607,3,0
,,,,,0.822397173447237,3,0
,,,,,0.8141255957610087,3,0
,,,,,0.3657173515057479,3,0
,,,,,0.8817215484738374,3,1
,,,,,0.8752072459830718,3,1
,,,,,0.8195996283566389,4,0
,,,,,0.68159913360234,3,1
,,,,,0.9912493945129626,3,1
,,,,,0.884189483170992,4,1
,,,,,0.5370397279409543,3,0
,,,,,0.7844721493767084,4,0
,,,,,0.5367249290024876,4,1
,,,,,0.8804602426718491,3,0
,,,,,0.8496471953859414,4,1
,,,,,0.784604630690749,4,1
,,,,,0.7202527218202636,3,1
synthetic_product,0.5,0.5,0.5,100.0,0.9839728140712672,3,1
,,,,,0.3566823902786749,3,0
,,,,,0.6765444942055514,3,1
,,,,,1.224465885177951,4,0
,,,,,0.5113973904041764,4,1
synthetic_product,0.5,0.5,0.5,100.0,0.6643214584312356,1,1
synthetic_product,0.5,0.5,0.5,100.0,0.7877369492570563,3,0
,,,,,0.7865904322807911,3,0
synthetic_product,0.5,0.5,0.5,100.0,0.6030263181286083,2,1
,,,,,0.3940714549654699,4,0
,,,,,0.7815110525978611,4,0
,,,,,0.8744773021980011,3,0
synthetic_product,0.5,0.5,0.5,100.0,0.560601006471802,2,0
synthetic_product,0.5,0.5,0.5,100.0,0.8195137212516496,3,1
,,,,,0.4678626405327716,3,1
,,,,,0.7197738623400183,4,1
synthetic_product,0.5,0.5,0.5,100.0,0.688778691070576,3,1
synthetic_product,0.5,0.5,0.5,100.0,0.8215796657957524,2,1
,,,,,0.5201991041977982,3,1
,,,,,0.598296235093613,3,1
,,,,,0.9635290149556512,4,1
,,,,,0.7497268357906657,4,0
synthetic_product,0.5,0.5,0.5,100.0,0.5531902897637894,1,0
,,,,,0.7233217319516678,3,1
,,,,,1.0123545651074182,3,1
synthetic_product,0.5,0.5,0.5,100.0,0.4553563399961665,1,0
,,,,,0.6664213281360452,4,1
,,,,,0.9346717916153512,3,0
,,,,,0.4627488339291077,3,0
,,,,,0.5614847488767531,3,0
,,,,,0.7531877935792229,3,0
,,,,,0.3779984469171356,4,0
,,,,,1.2782740332778506,4,0
,,,,,0.61492005106939,4,1
,,,,,0.5564892424127355,4,0
,,,,,0.5752636316649978,3,0
synthetic_product,0.5,0.5,0.5,100.0,0.5018244412197505,3,1
synthetic_product,0.5,0.5,0.5,100.0,0.7422045363804309,1,0
synthetic_product,0.5,0.5,0.5,100.0,0.5071485368835803,3,0
,,,,,0.4332222043096326,3,0
synthetic_product,0.5,0.5,0.5,100.0,0.6959805758789069,2,1
,,,,,0.7730560358044626,3,1
,,,,,0.8150979836331593,3,0
,,,,,0.9286881971526648,4,1
synthetic_product,0.5,0.5,0.5,100.0,0.9260561219385315,2,0
,,,,,0.9240675295038082,3,1
,,,,,1.2167286657806884,3,0
,,,,,0.5693431761719993,3,1
,,,,,0.8429517952001369,4,1
,,,,,0.499385825781634,3,0
,,,,,0.5424314139226946,3,0
,,,,,0.3963160482903843,3,1
synthetic_product,0.5,0.5,0.5,100.0,0.6976308820523027,3,1
synthetic_product,0.5,0.5,0.5,100.0,1.0210862395688536,2,1
,,,,,0.6577511727185429,4,1
synthetic_product,0.5,0.5,0.5,100.0,0.3681638975640009,3,1
,,,,,0.2420735783100174,3,0
,,,,,0.9426531094434925,4,0
,,,,,0.2245875460594039,3,1
,,,,,0.761121949953214,4,1
,,,,,0.9251819850665804,3,1
,,,,,0.8713732090243713,3,1
,,,,,0.6172110562078861,3,1
,,,,,0.7465595066665115,3,1
,,,,,0.7850558835484363,3,1
,,,,,0.7142348181799735,3,0
,,,,,0.7857955840510538,4,1
,,,,,0.8708865817403421,4,0
,,,,,0.8404640004466423,4,1
,,,,,0.6627613740768099,4,0
,,,,,0.5347837934327913,4,0
,,,,,0.7317826528809923,3,0
,,,,,0.4707229839808288,3,1
,,,,,0.639203376599846,3,1
,,,,,0.3023500204908753,3,1
,,,,,0.4840228699312728,4,1
,,,,,0.7747717257354972,3,1
,,,,,0.8126217938260432,3,1
,,,,,1.1655049591985662,4,0
,,,,,0.6681543479939904,3,1
,,,,,0.4852638299727788,4,0
synthetic_product,0.5,0.5,0.5,100.0,0.8939782705381294,2,0
synthetic_product,0.5,0.5,0.5,100.0,0.748529814556661,2,0
synthetic_product,0.5,0.5,0.5,100.0,0.146558740277228,1,1
synthetic_product,0.5,0.5,0.5,100.0,0.7275234841860196,2,1
synthetic_product,0.5,0.5,0.5,100.0,0.7750282293759514,2,1
,,,,,0.959739473332188,3,1
synthetic_product,0.5,0.5,0.5,100.0,0.2889459735431094,1,1
,,,,,0.6869215624257069,3,1
synthetic_product,0.5,0.5,0.5,100.0,0.5505184759192017,2,0
,,,,,0.7423046610720196,4,1
,,,,,0.9052656450986456,4,0
synthetic_product,0.5,0.5,0.5,100.0,0.858091895645937,3,1
synthetic_product,0.5,0.5,0.5,100.0,0.6572276523553962,1,1
,,,,,0.7612320252524596,3,1
,,,,,0.7226829519623628,4,1
synthetic_product,0.5,0.5,0.5,100.0,0.5698768994286838,1,1
synthetic_product,0.5,0.5,0.5,100.0,0.9428319825068608,2,0
,,,,,0.7743538683091874,3,1
,,,,,0.5115025398364498,3,1
synthetic_product,0.5,0.5,0.5,100.0,0.48020273327141266,2,1
,,,,,0.6424789625176933,3,0
,,,,,0.6110569133133528,3,1
,,,,,0.442351078005504,3,0
,,,,,0.931952063363608,3,0
synthetic_product,0.5,0.5,0.5,100.0,0.44609190860759623,3,0
,,,,,0.8706679535092846,3,0
,,,,,0.218833432386221,3,0
,,,,,1.1318293208840484,3,0
synthetic_product,0.5,0.5,0.5,100.0,0.8727593063129162,3,0
synthetic_product,0.5,0.5,0.5,100.0,1.1168180710749507,3,1
,,,,,0.6577897705551721,4,1
,,,,,0.8869903887695592,4,0
synthetic_product,0.5,0.5,0.5,100.0,0.27415692519282514,1,1
synthetic_product,0.5,0.5,0.5,100.0,0.3690218153715372,1,1
synthetic_product,0.5,0.5,0.5,100.0,0.4953787963892754,3,0
,,,,,0.4513923816705712,3,1
,,,,,0.7784972747560479,4,1
,,,,,0.605616496160973,3,1
,,,,,0.9249449548715136,4,0
,,,,,0.8338471021093514,3,1
,,,,,0.3842854472417658,4,1
,,,,,0.3040705965429884,3,0
,,,,,0.7914652653695027,4,0
,,,,,1.0028668645642058,3,0
synthetic_product,0.5,0.5,0.5,100.0,0.8336367050163728,2,0
synthetic_product,0.5,0.5,0.5,100.0,0.6265685196352101,2,0
,,,,,0.5635025063411769,4,0
,,,,,0.6369852459448527,3,1
,,,,,0.6965073706136884,3,0
synthetic_product,0.5,0.5,0.5,100.0,0.6195059108442103,1,1
,,,,,0.8879786526728868,3,0
,,,,,0.6090799607683046,3,0
synthetic_product,0.5,0.5,0.5,100.0,0.8224619244280615,1,0
synthetic_product,0.5,0.5,0.5,100.0,0.4207868770445496,2,1
synthetic_product,0.5,0.5,0.5,100.0,0.6716594350362434,3,0
synthetic_product,0.5,0.5,0.5,100.0,0.5321131033609636,3,1
,,,,,0.5570087999884333,3,1
,,,,,0.6149666958679607,3,1
,,,,,0.4979370722863815,3,0
,,,,,0.6125406487511006,3,1
,,,,,0.7826423108937055,3,1
,,,,,1.2259030626155,4,0
,,,,,0.6004448725695123,4,1
,,,,,0.1401481490056454,3,1
,,,,,0.5403946861689981,4,1
,,,,,0.8239010272548113,3,0
,,,,,0.534749742297805,4,0
,,,,,0.717788652012564,3,0
,,,,,0.7080482671287089,4,0
,,,,,0.79426115294673,3,0
,,,,,0.8768627121569544,4,0
,,,,,0.6929504531370574,3,0
,,,,,0.5627520459892489,4,1
,,,,,0.6318196623374914,3,1
,,,,,0.2722671102439034,4,1
synthetic_product,0.5,0.5,0.5,100.0,0.7487527363390688,2,1
synthetic_product,0.5,0.5,0.5,100.0,1.0090161677704406,3,0
,,,,,0.6656519205675798,3,1
synthetic_product,0.5,0.5,0.5,100.0,0.637632047759348,2,0
,,,,,0.4537432886486708,3,1
,,,,,0.3614799352389721,3,1
,,,,,0.6400119065500348,3,1
,,,,,0.4821344307485128,4,1
,,,,,1.1011654348024644,3,0
,,,,,0.8012016744286743,3,1
,,,,,0.7964822447449292,4,0
,,,,,1.040784558627943,4,0
,,,,,0.5361341642355386,3,1
,,,,,0.8157912411323033,3,0
,,,,,0.7211892234560583,4,0
,,,,,0.4583367615035564,3,0
synthetic_product,0.5,0.5,0.5,100.0,0.7733275403977808,1,0
synthetic_product,0.5,0.5,0.5,100.0,0.7212443701599913,1,0
synthetic_product,0.5,0.5,0.5,100.0,0.2495300019257555,1,1
,,,,,0.9102873994065052,3,0
,,,,,0.2340695544163002,4,0
,,,,,0.5524561008319578,4,0
synthetic_product,0.5,0.5,0.5,100.0,0.6109134390282503,3,0
,,,,,0.8321626493331289,4,1
synthetic_product,0.5,0.5,0.5,100.0,1.0564393955107498,2,0
,,,,,0.7913711864352994,4,1
,,,,,0.7851224482478605,3,1
,,,,,0.479577886432534,3,1
,,,,,0.6876131869887743,3,1
synthetic_product,0.5,0.5,0.5,100.0,0.9194725894840599,1,0
synthetic_product,0.5,0.5,0.5,100.0,0.664773711453439,3,0
synthetic_product,0.5,0.5,0.5,100.0,0.38977792434746694,3,1
,,,,,0.8569816401369906,4,0
,,,,,0.8170242262926143,3,1
,,,,,0.8258016200529398,3,0
,,,,,1.0839160500955507,3,1
,,,,,0.249795871993682,3,1
,,,,,0.909681936615124,3,1
,,,,,1.2124886845169778,4,0
,,,,,0.9680056716915856,3,1
,,,,,0.6098179982897337,3,0
synthetic_product,0.5,0.5,0.5,100.0,0.6703481606746376,2,1
,,,,,0.5853120893505965,3,0
,,,,,0.4969640403063183,3,1
,,,,,0.2845703361007635,3,1
,,,,,1.0428068846285987,4,1
synthetic_product,0.5,0.5,0.5,100.0,0.7067366736808154,3,1
synthetic_product,0.5,0.5,0.5,100.0,0.4554098494658267,2,0
synthetic_product,0.5,0.5,0.5,100.0,0.4705998456155132,1,1
,,,,,1.002158538057876,3,0
,,,,,0.5831557888749329,3,0
,,,,,1.0105954171582217,3,0
synthetic_product,0.5,0.5,0.5,100.0,0.17429985224236916,1,1
,,,,,1.324261598984992,4,1
,,,,,0.5953087758663972,4,1
,,,,,0.9857324561404536,3,0
,,,,,0.1644062371038452,3,1
,,,,,0.3296865289604265,3,1
,,,,,0.6209015287402647,4,0
,,,,,0.7370203413654867,4,0
,,,,,0.4200000036482085,3,0
,,,,,0.7674278446433515,3,1
,,,,,0.4657388377073831,3,1
synthetic_product,0.5,0.5,0.5,100.0,0.25947016319906263,1,1
,,,,,0.3427808466022874,3,0
,,,,,0.7476138602155901,3,0
,,,,,0.7952678395727578,3,1
,,,,,0.9326517190543024,3,1
,,,,,0.8348639907780456,4,1
,,,,,0.4675698011077845,3,1
,,,,,0.4767239468644754,4,1
,,,,,0.2812769119714195,3,1
,,,,,0.9200693528845691,3,1
,,,,,0.5631833520094295,3,0
,,,,,0.7588300129291081,3,1
,,,,,0.336321291943043,3,1
,,,,,0.5239029334744262,4,1
,,,,,0.544534018462796,3,1
,,,,,1.018323948229075,3,0
,,,,,0.5690327830726011,3,1
synthetic_product,0.5,0.5,0.5,100.0,0.8535623806892548,1,0
,,,,,0.5968981934063226,3,1
synthetic_product,0.5,0.5,0.5,100.0,0.2736879405206258,3,1
synthetic_product,0.5,0.5,0.5,100.0,0.5240245507667465,2,1
,,,,,0.7268332737855183,3,0
,,,,,0.4248571361049112,3,1
,,,,,1.0929848067596943,4,1
synthetic_product,0.5,0.5,0.5,100.0,0.8516445254362609,2,1
,,,,,0.8862140565021676,3,1
,,,,,0.3323499763899444,4,1
synthetic_product,0.5,0.5,0.5,100.0,0.7210272370832591,2,0
,,,,,0.8645909698655566,3,0
synthetic_product,0.5,0.5,0.5,100.0,0.5359847925556274,1,1
synthetic_product,0.5,0.5,0.5,100.0,0.48534550728537207,2,0
,,,,,0.7287295363175259,3,0
,,,,,0.5325993831789669,3,0
,,,,,0.5744456857226907,3,0
synthetic_product,0.5,0.5,0.5,100.0,0.39534182095826714,1,1
synthetic_product,0.5,0.5,0.5,100.0,0.7224213066566416,1,1
,,,,,0.8099233291365744,4,1
,,,,,0.0997385311056804,3,1
,,,,,0.8742248686046896,4,0
synthetic_product,0.5,0.5,0.5,100.0,0.7242017248173276,3,1
,,,,,1.0783096483167265,3,1
,,,,,1.112261707631808,4,1
,,,,,0.5756456242892953,4,0
synthetic_product,0.5,0.5,0.5,100.0,0.5067932936506396,2,0
,,,,,0.5831639537104165,3,0
,,,,,0.8715310064210251,4,0
,,,,,1.032605070828841,4,0
synthetic_product,0.5,0.5,0.5,100.0,0.6978352973958292,3,1
,,,,,0.8464158289591851,3,0
synthetic_product,0.5,0.5,0.5,100.0,0.9042520722780141,1,0
synthetic_product,0.5,0.5,0.5,100.0,0.5281080295655691,2,1
,,,,,0.2643422061512952,4,0
,,,,,1.1900564164927283,3,0
synthetic_product,0.5,0.5,0.5,100.0,0.8041473378057125,3,0
,,,,,0.7546212237414566,3,0
,,,,,0.7806025378062039,3,0
synthetic_product,0.5,0.5,0.5,100.0,0.7230470213915933,2,1
,,,,,0.6255659517863674,3,0
synthetic_product,0.5,0.5,0.5,100.0,0.8029374921147435,2,1
synthetic_product,0.5,0.5,0.5,100.0,0.39727313168941814,3,1
,,,,,0.4476932723367978,3,0
,,,,,0.8054628388163693,3,0
,,,,,0.3624336750496608,3,0
synthetic_product,0.5,0.5,0.5,100.0,0.577292167497343,1,1
,,,,,0.4550316807080275,3,0
,,,,,0.6557701397195457,4,0
,,,,,0.8723995891160953,4,1
,,,,,0.6779923243301611,3,1
,,,,,0.9537532331558736,3,1
,,,,,0.6426405515961262,3,1
,,,,,0.7937258615536736,4,0
,,,,,0.8766509587919744,3,0
synthetic_product,0.5,0.5,0.5,100.0,0.4207834475187609,2,1
synthetic_product,0.5,0.5,0.5,100.0,0.7826200634110407,3,0
,,,,,0.8947822176320422,3,1
,,,,,0.7806372086056992,3,1
,,,,,0.3461608616764438,4,1
synthetic_product,0.5,0.5,0.5,100.0,0.8250630768553724,2,1
synthetic_product,0.5,0.5,0.5,100.0,0.5963854674260323,2,1
,,,,,0.8830376940023766,3,0
,,,,,0.6023265759529552,3,1
,,,,,0.5733209905883014,4,0
,,,,,0.6301527306893313,3,1
,,,,,0.4903955177481086,3,1
,,,,,0.7804667213811549,3,1
,,,,,1.0149947825423369,4,0
,,,,,1.0794617692669426,3,0
,,,,,0.7691181393881003,3,1
,,,,,0.6378411871980938,4,0
,,,,,0.2447023931091627,3,0
,,,,,0.7115391869587268,3,1
,,,,,0.9817742801900312,4,0
,,,,,0.9894556701412552,3,0
,,,,,0.7399138340535673,3,0
,,,,,0.1526023003150431,3,1
,,,,,0.6373761369900074,3,0
synthetic_product,0.5,0.5,0.5,100.0,1.0563320834950367,3,0
,,,,,0.6685958047199422,3,1
synthetic_product,0.5,0.5,0.5,100.0,0.8728926425530731,2,1
synthetic_product,0.5,0.5,0.5,100.0,0.615355851533857,2,1
synthetic_product,0.5,0.5,0.5,100.0,0.6904053561255639,1,0
,,,,,1.259292940998591,4,1
synthetic_product,0.5,0.5,0.5,100.0,0.658293139839535,3,0
,,,,,0.8691943285575982,3,0
,,,,,0.6912655321191764,3,0
,,,,,0.6904180586013764,3,1
,,,,,0.7047382966139838,3,0
,,,,,0.9050679535736824,3,0
,,,,,0.6122175981113998,4,0
,,,,,0.2471843151424443,3,1
synthetic_product,0.5,0.5,0.5,100.0,0.44686087493564436,3,0
,,,,,0.6007389776930399,4,0
,,,,,0.6421121460889754,3,0
,,,,,0.1453384984739163,3,1
,,,,,0.9191303823248276,3,0
,,,,,0.674458023439442,4,1
,,,,,0.5614982351112993,3,0
synthetic_product,0.5,0.5,0.5,100.0,0.5174707468212834,2,1
,,,,,0.4356024887788757,3,1
,,,,,0.5862335839470827,3,1
synthetic_product,0.5,0.5,0.5,100.0,0.530286321313584,2,1
,,,,,0.95095278751564,3,0
synthetic_product,0.5,0.5,0.5,100.0,0.5856956601782161,3,1
,,,,,0.7444178910657553,3,0
,,,,,0.6041073024399414,4,1
,,,,,0.8148353776210161,3,1
,,,,,0.3719841882944247,3,1
synthetic_product,0.5,0.5,0.5,100.0,0.7684846918095025,2,0
,,,,,0.3631273122539104,3,1
synthetic_product,0.5,0.5,0.5,100.0,0.2488073913565527,3,1
synthetic_product,0.5,0.5,0.5,100.0,0.4034045545808317,2,1
,,,,,0.7895430155783905,4,1
,,,,,0.8718267018491997,3,1
synthetic_product,0.5,0.5,0.5,100.0,0.30978538629199703,2,1
,,,,,0.9646491895861102,3,0
synthetic_product,0.5,0.5,0.5,100.0,1.040227030309713,2,1
,,,,,0.5681577204496001,4,1
synthetic_product,0.5,0.5,0.5,100.0,0.8871953828087171,1,1
,,,,,1.0745057553699071,3,0
,,,,,0.5219233740100394,4,1
synthetic_product,0.5,0.5,0.5,100.0,0.7438090230684021,2,0
,,,,,0.8477579583389866,4,0
,,,,,0.978962473229777,3,0
,,,,,1.040380904079319,3,0
,,,,,0.7558635198894248,3,1
,,,,,0.8144638782620985,4,0
,,,,,0.8850634315872066,3,0
,,,,,0.5116224743700784,4,0
,,,,,0.5271247360091076,4,1
,,,,,0.2609831647564377,3,1
,,,,,0.8838911294152272,4,0
,,,,,0.7364505400733139,4,1
,,,,,0.9455566402814184,4,1
,,,,,1.0008347791941496,4,1
,,,,,1.0471433399594274,3,0
,,,,,0.8985510360042849,3,0
,,,,,0.8723239258859865,3,0
,,,,,0.796942348516137,4,0
,,,,,0.7520961317762207,3,0
,,,,,0.7477442587753012,3,1
,,,,,0.7009304411487498,3,1
,,,,,0.8201372257381617,3,1
,,,,,0.7043594609674425,3,1
,,,,,0.6041534110754958,4,0
,,,,,0.3137051046709811,3,0
,,,,,0.9997523197378912,3,0
,,,,,0.4278497257528037,4,0
,,,,,0.7609798652944224,3,1
,,,,,0.6683895455236477,3,1
,,,,,0.4556300359710855,3,0
,,,,,0.3355260253466102,3,0
,,,,,0.7418870548569299,3,0
,,,,,0.3727895727962428,3,1
,,,,,1.1202298324773958,3,0
,,,,,0.7692159281705553,4,0
,,,,,0.5971037231891436,4,1
,,,,,0.6966980701851048,3,1
,,,,,0.8679325224803822,3,0
,,,,,0.7967873599608949,3,1
synthetic_product,0.5,0.5,0.5,100.0,0.40242200919186494,3,1
,,,,,0.5172773291547725,4,1
,,,,,1.0146356579187024,3,0
,,,,,0.4573623450843778,4,1
,,,,,0.9171765076651326,4,1
,,,,,0.5102815607271638,4,1
synthetic_product,0.5,0.5,0.5,100.0,0.2721452775973531,1,1
,,,,,1.087024967252456,4,0
,,,,,0.4087088359148514,3,1
synthetic_product,0.5,0.5,0.5,100.0,0.640823119141723,2,0
,,,,,0.4892671328713221,3,0
synthetic_product,0.5,0.5,0.5,100.0,0.6952925507276329,1,0
synthetic_product,0.5,0.5,0.5,100.0,0.8613392454681423,2,0
,,,,,0.3497757922495155,3,0
synthetic_product,0.5,0.5,0.5,100.0,0.8212378867117823,2,0
synthetic_product,0.5,0.5,0.5,100.0,0.7566727973512829,2,0
,,,,,0.5838141548991345,3,1
synthetic_product,0.5,0.5,0.5,100.0,0.668059062265106,2,0
synthetic_product,0.5,0.5,0.5,100.0,0.9238281004476242,1,0
,,,,,0.7620749429124175,3,1
synthetic_product,0.5,0.5,0.5,100.0,0.37628261711596506,3,1
,,,,,0.601888571750448,3,1
,,,,,0.3799164791970533,3,1
,,,,,0.2456684451959856,3,0
,,,,,0.9049368060111525,4,1
synthetic_product,0.5,0.5,0.5,100.0,1.0634087676194353,2,0
,,,,,0.1059078362301667,3,1
synthetic_product,0.5,0.5,0.5,100.0,0.776420968093938,1,1
synthetic_product,0.5,0.5,0.5,100.0,0.8720638826409151,3,1
synthetic_product,0.5,0.5,0.5,100.0,0.7376490580601717,2,1
,,,,,0.6776857766349209,4,0
synthetic_product,0.5,0.5,0.5,100.0,0.42013248604118386,1,0
,,,,,0.2179264850345575,3,0
,,,,,0.166714928883341,3,0
synthetic_product,0.5,0.5,0.5,100.0,0.550951444606725,1,1
synthetic_product,0.5,0.5,0.5,100.0,1.1908921155667547,3,1
,,,,,0.3594269944145261,3,0
,,,,,0.9172537020195144,3,0
,,,,,0.6898281960203267,4,0
,,,,,0.3723980596665067,3,1
,,,,,0.648679233572842,3,0
synthetic_product,0.5,0.5,0.5,100.0,0.7251429107592022,3,0
,,,,,0.5337214912583064,3,0
,,,,,0.3372110303283291,3,1
,,,,,0.9027539459651936,3,0
,,,,,0.7983023900198185,4,0
,,,,,0.3819948373058671,3,0
,,,,,0.4552491062192814,3,1
,,,,,0.5997362396554053,3,0
,,,,,0.4663941809873329,4,0
,,,,,0.4710379888835415,3,1
,,,,,1.008473277828558,3,0
,,,,,1.1257936276382483,4,0
,,,,,0.2579199811799554,3,0
,,,,,0.8408515609715184,4,0
,,,,,1.226999542160295,3,0
,,,,,0.9431364861569708,4,0
,,,,,0.991938922105676,4,0
,,,,,0.8777525005591922,3,1
,,,,,0.7216775066539867,3,0
,,,,,0.6528099791629352,4,1
,,,,,1.10291026611449,4,0
,,,,,0.2458601932908766,3,0
,,,,,0.3896677893678273,3,0
,,,,,0.2748575704481774,4,0
,,,,,0.6386498398949284,3,0
,,,,,0.7527361048688979,3,1
,,,,,0.335019997303157,4,1
,,,,,0.7720890930975212,4,0
,,,,,0.4614628375876043,4,1
,,,,,0.8686503455824268,3,1
,,,,,1.015240349914565,4,0
,,,,,0.3465225669037501,3,0
,,,,,0.5995046690352466,3,1
,,,,,0.6267776523921621,3,1
,,,,,0.6713521161765998,3,1
,,,,,0.7077714179517518,3,0
,,,,,0.8985392303747828,3,0
,,,,,0.6550786927877933,3,0
,,,,,0.7651936610037333,3,0
,,,,,0.3640157305491174,3,1
synthetic_product,0.5,0.5,0.5,100.0,0.9821226987079638,1,0
,,,,,0.5706563596248851,4,1
,,,,,0.717578371800354,4,1
,,,,,0.4643207455906525,3,1
,,,,,0.5421553676977273,3,1
synthetic_product,0.5,0.5,0.5,100.0,0.4475651299990417,3,0
synthetic_product,0.5,0.5,0.5,100.0,0.4487609458626121,1,1
synthetic_product,0.5,0.5,0.5,100.0,0.7805235013319773,1,0
synthetic_product,0.5,0.5,0.5,100.0,0.4318237553876854,1,1
synthetic_product,0.5,0.5,0.5,100.0,0.6489587348361557,1,1
,,,,,0.9593479865730904,3,0
,,,,,1.073763871289148,3,0
,,,,,0.515329606935197,3,0
synthetic_product,0.5,0.5,0.5,100.0,0.1982076193501562,1,0
,,,,,0.9440571441767296,3,0
synthetic_product,0.5,0.5,0.5,100.0,0.5273097164073545,1,0
,,,,,0.3862117320328213,3,1
,,,,,0.715216464722993,3,0
,,,,,0.7106454796386624,3,1
,,,,,0.4259412896581001,4,0
,,,,,0.5514384817627873,4,1
,,,,,0.5224392534190944,4,0
,,,,,0.9922022334590784,3,1
synthetic_product,0.5,0.5,0.5,100.0,0.46381167536701423,1,1
,,,,,0.9630072786234564,3,1
,,,,,0.7892949767926407,4,1
,,,,,0.6512503057297016,3,0
synthetic_product,0.5,0.5,0.5,100.0,0.37859257173942173,2,1
,,,,,0.7565648261029436,3,0
,,,,,0.8763170841343129,4,0
,,,,,0.9630712888064924,3,1
,,,,,0.2641916975943111,3,1
,,,,,0.5320752003638369,3,1
synthetic_product,0.5,0.5,0.5,100.0,0.5526022194166935,1,0
synthetic_product,0.5,0.5,0.5,100.0,0.9668808089669979,2,0
,,,,,0.6041450366596447,4,1
synthetic_product,0.5,0.5,0.5,100.0,0.4627865795146979,3,1
synthetic_product,0.5,0.5,0.5,100.0,0.81097089290345,2,1
synthetic_product,0.5,0.5,0.5,100.0,0.449085324180804,2,1
,,,,,0.9418886635146184,3,1
synthetic_product,0.5,0.5,0.5,100.0,0.8483964705259724,2,1
,,,,,1.0198778982507362,4,0
synthetic_product,0.5,0.5,0.5,100.0,0.4509812514311857,2,1
synthetic_product,0.5,0.5,0.5,100.0,0.5007603901103224,1,1
,,,,,0.9054149955485656,3,0
,,,,,0.8960957783318845,3,0
,,,,,0.927529273792322,4,0
synthetic_product,0.5,0.5,0.5,100.0,0.5248700762791493,2,0
,,,,,1.012524748249939,4,0
,,,,,0.7865412418235622,4,0
,,,,,1.0287134675949343,3,0
,,,,,0.8167060454134687,4,1
,,,,,0.7131136733562968,3,1
,,,,,0.4895211695636588,3,0
,,,,,0.6817934421941376,3,1
,,,,,0.5654433114955008,3,1
,,,,,0.8717859537656694,3,1
,,,,,0.6553285255960372,3,1
,,,,,0.7987783378438278,3,1
,,,,,0.7583055474826518,3,1
,,,,,0.3371166336575695,3,0
,,,,,0.4989389762527311,3,1
,,,,,0.4275065973913281,3,1
,,,,,0.5844849688455876,4,1
,,,,,0.5675382184099239,3,1
,,,,,0.9572570023650188,3,1
,,,,,0.4392575106724669,3,1
,,,,,0.5511002094820109,4,1
,,,,,0.6302366839111776,3,1
,,,,,0.8879401494886175,4,0
,,,,,0.7271736924677933,3,0
,,,,,0.8939762049106682,3,1
,,,,,1.0684340356588438,4,1
,,,,,0.6464723591133819,4,0
,,,,,0.6884836047794691,3,0
,,,,,0.8990741859292526,3,0
,,,,,0.614273831424282,4,1
synthetic_product,0.5,0.5,0.5,100.0,0.5578096258855803,2,1
,,,,,0.978140514893842,4,0
synthetic_product,0.5,0.5,0.5,100.0,0.20479908791444654,1,0
synthetic_product,0.5,0.5,0.5,100.0,0.9274758385422607,2,0
synthetic_product,0.5,0.5,0.5,100.0,0.47924956264472984,1,0
,,,,,0.5197376986377562,4,0
synthetic_product,0.5,0.5,0.5,100.0,0.7963476453069519,3,0
,,,,,0.4788084161587012,4,1
,,,,,0.9188932100645998,3,0
,,,,,0.7218399731627284,3,1
synthetic_product,0.5,0.5,0.5,100.0,0.6821678422446718,1,1
synthetic_product,0.5,0.5,0.5,100.0,0.4113093916060428,1,0
,,,,,0.8778426903896723,3,0
,,,,,0.6425266907790578,3,1
,,,,,0.5575836027650267,3,0
,,,,,0.8870487647734308,3,0
,,,,,1.078892358858878,4,1
,,,,,0.6801193258341516,3,1
,,,,,0.8340271049938582,3,0
,,,,,0.655294485772951,3,1
,,,,,0.7255815425720963,3,1
synthetic_product,0.5,0.5,0.5,100.0,0.7158945951739404,1,1
,,,,,0.2407743747395391,3,1
,,,,,0.2748244152752944,3,1
synthetic_product,0.5,0.5,0.5,100.0,0.44531518799013015,3,1
,,,,,0.7923119933006038,4,0
synthetic_product,0.5,0.5,0.5,100.0,0.27654776516408197,1,0
,,,,,0.7882278241035346,4,0
,,,,,0.4716338780741249,3,1
,,,,,0.6913720847748278,3,0
,,,,,0.3273218881087085,3,0
synthetic_product,0.5,0.5,0.5,100.0,1.0010639070002516,2,0
,,,,,1.0387581221081654,3,0
synthetic_product,0.5,0.5,0.5,100.0,0.6770830404821051,1,0
synthetic_product,0.5,0.5,0.5,100.0,0.3875658740274368,2,1
,,,,,0.8785935280275685,3,1
,,,,,1.1060279009980156,3,0
synthetic_product,0.5,0.5,0.5,100.0,0.7962821805249176,2,0
,,,,,0.1792982527795499,3,0
,,,,,0.9470012111216984,4,1
,,,,,0.4667969857354598,3,1
synthetic_product,0.5,0.5,0.5,100.0,0.7085261929215001,2,0
synthetic_product,0.5,0.5,0.5,100.0,0.3815589741237643,1,0
synthetic_product,0.5,0.5,0.5,100.0,0.48188903820189694,1,1
,,,,,0.8905315837432718,4,0
,,,,,0.4898621770602493,4,1
synthetic_product,0.5,0.5,0.5,100.0,0.5168557954777802,1,0
,,,,,0.6702666794329513,3,1
synthetic_product,0.5,0.5,0.5,100.0,0.9144959061416073,1,1
synthetic_product,0.5,0.5,0.5,100.0,0.8963752454672037,2,0
synthetic_product,0.5,0.5,0.5,100.0,0.7610413436841924,2,0
,,,,,0.5078364063478686,4,1
,,,,,1.043762456157222,4,0
,,,,,0.7300297055653177,3,0
,,,,,0.957248337113624,3,0
,,,,,0.816087345100635,4,1
,,,,,0.9229313480694455,4,1
,,,,,1.1691793883544073,4,1
,,,,,0.4587027667415665,3,1
,,,,,0.4096957112265632,3,1
,,,,,0.5151783289791335,4,1
,,,,,0.5662105417081122,4,0
,,,,,0.7190322691485036,3,1
,,,,,0.8093969584292342,4,0
,,,,,0.8026369618352176,3,0
,,,,,0.4588555327051099,4,0
,,,,,0.2640796581753507,3,1
,,,,,1.0548266834709756,4,1
,,,,,0.7347499496990585,4,0
,,,,,0.3648842017242222,3,0
,,,,,0.5728480682035989,3,0
,,,,,0.7539326105258715,3,0
,,,,,0.5806297995207139,3,0
,,,,,0.6659152691274518,3,1
,,,,,0.7017622622718229,3,0
,,,,,1.045681508131726,3,1
synthetic_product,0.5,0.5,0.5,100.0,0.6571396288482779,2,0
,,,,,0.7961515006415075,3,1
,,,,,0.4129811492857583,3,0
,,,,,0.8667969532111393,3,0
,,,,,0.8640489260692038,3,0
,,,,,0.8072827488508983,3,0
,,,,,0.4781064033008064,3,1
,,,,,0.7588182555516836,4,1
,,,,,0.4836158110086518,3,0
,,,,,0.4164512379101591,3,1
synthetic_product,0.5,0.5,0.5,100.0,0.6118323303852958,3,1
synthetic_product,0.5,0.5,0.5,100.0,0.6000188959996284,1,1
,,,,,0.6057697417857466,4,1
,,,,,0.260345222715615,3,0
,,,,,1.019500314091073,3,0
synthetic_product,0.5,0.5,0.5,100.0,0.8302302484165228,1,0
,,,,,0.6658021405954392,4,1
,,,,,1.063408998856763,4,0
,,,,,1.138501058059551,4,0
,,,,,0.6019979437011125,4,0
,,,,,0.8400454646388084,3,1
,,,,,0.1559626549617941,3,1
synthetic_product,0.5,0.5,0.5,100.0,0.8664210077858387,2,1
,,,,,0.6339646868498321,3,0
synthetic_product,0.5,0.5,0.5,100.0,0.790460724371903,2,1
synthetic_product,0.5,0.5,0.5,100.0,0.42414827304468977,2,1
synthetic_product,0.5,0.5,0.5,100.0,0.4491273158629212,1,1
,,,,,0.4424805578780122,3,0
,,,,,0.8605495214611014,4,0
,,,,,0.3705306317523424,3,1
synthetic_product,0.5,0.5,0.5,100.0,0.6242837588799232,1,0
,,,,,0.589600886289774,3,1
,,,,,0.7326212102711877,4,0
,,,,,0.9861016334956992,3,0
,,,,,0.5029837208613261,4,1
,,,,,0.6342108444467758,4,0
,,,,,0.9118547341799706,3,0
,,,,,0.9331048759279378,3,1
,,,,,0.5404584988826422,3,1
,,,,,0.6356495127604089,3,0
,,,,,0.5822737253377387,4,1
synthetic_product,0.5,0.5,0.5,100.0,0.29931997830173335,2,0
,,,,,0.6557041690507792,4,1
,,,,,0.3254354219464175,3,1
,,,,,0.808586935522571,4,1
synthetic_product,0.5,0.5,0.5,100.0,0.512188505361227,1,1
synthetic_product,0.5,0.5,0.5,100.0,0.9234748518740407,3,0
,,,,,0.8955150197318749,4,1
,,,,,0.2116392505346516,3,0
,,,,,0.3379128449448566,3,1
,,,,,0.5927419840516751,4,0
,,,,,0.3829039670859277,3,1
,,,,,0.5224526149176074,3,1
,,,,,0.6818341871057014,3,0
,,,,,0.9226472475252144,3,0
synthetic_product,0.5,0.5,0.5,100.0,0.17558604904786018,1,1
,,,,,0.8342222422512557,4,0
,,,,,0.3053284424920543,3,0
,,,,,0.7238449664687383,3,0
synthetic_product,0.5,0.5,0.5,100.0,0.5173075578741464,3,1
,,,,,0.4456926470909427,3,0
synthetic_product,0.5,0.5,0.5,100.0,0.5665527341934599,2,0
synthetic_product,0.5,0.5,0.5,100.0,0.864598704349646,2,0
,,,,,0.821425621886448,3,0
,,,,,0.7733275889169546,4,1
,,,,,0.745008795778919,4,1
,,,,,1.0153785205136865,3,1
,,,,,0.8868711511651547,3,1
,,,,,0.9789590145318452,4,0
,,,,,0.2981546463293744,4,1
,,,,,0.9225802524209806,4,0
,,,,,0.3922735699367616,3,0
,,,,,1.0233048805582152,3,0
,,,,,0.4365628953436229,4,1
,,,,,1.2684423516816032,4,0
,,,,,0.7149910189718215,3,1
,,,,,0.5183089677878784,3,0
,,,,,1.0845239359193055,3,1
,,,,,0.5410648193226903,3,1
,,,,,0.4996933495692681,3,0
synthetic_product,0.5,0.5,0.5,100.0,0.7445738836676568,3,0
,,,,,0.6435584411314511,4,1
synthetic_product,0.5,0.5,0.5,100.0,0.9519049369772512,2,0
synthetic_product,0.5,0.5,0.5,100.0,0.7079001674650846,1,0
,,,,,0.8775230925157659,4,1
,,,,,0.6463011124482914,4,1
synthetic_product,0.5,0.5,0.5,100.0,0.6632026623774687,1,1
synthetic_product,0.5,0.5,0.5,100.0,0.7280955330766248,3,0
,,,,,0.6969120797878139,3,0
,,,,,1.106511973428418,3,1
,,,,,0.3950587726462614,4,1
,,,,,0.5030895196157285,3,1
synthetic_product,0.5,0.5,0.5,100.0,0.5416228122575881,2,1
synthetic_product,0.5,0.5,0.5,100.0,0.9931617983209712,3,1
synthetic_product,0.5,0.5,0.5,100.0,0.759446559182531,1,0
,,,,,0.4791209312451388,3,1
synthetic_product,0.5,0.5,0.5,100.0,0.7908947616135696,2,0
synthetic_product,0.5,0.5,0.5,100.0,0.5236076862007429,2,0
synthetic_product,0.5,0.5,0.5,100.0,0.27044741150449403,1,0
,,,,,0.7913672903069342,4,1
,,,,,0.8379024471894692,4,1
,,,,,0.4410309934140524,3,0
,,,,,0.2429501287595494,3,0
synthetic_product,0.5,0.5,0.5,100.0,0.7501165144293073,3,1
,,,,,0.6759000463485403,4,1
,,,,,0.4117102022794435,3,1
,,,,,0.811027572133571,4,1
,,,,,0.362881221083826,4,1
synthetic_product,0.5,0.5,0.5,100.0,0.8055682579027614,3,1
,,,,,0.2725483378868664,3,1
synthetic_product,0.5,0.5,0.5,100.0,0.8671278756539413,1,0
,,,,,0.5768491896801156,3,0
,,,,,0.7158638266212096,3,1
,,,,,0.3957137952981294,4,1
,,,,,0.6504382821885177,3,0
synthetic_product,0.5,0.5,0.5,100.0,0.7749216596683143,1,0
,,,,,0.4954598740024853,3,0
,,,,,0.403732110226093,3,0
synthetic_product,0.5,0.5,0.5,100.0,0.8291440181148366,1,0
synthetic_product,0.5,0.5,0.5,100.0,1.0625771134212694,3,1
,,,,,1.0047343339874684,3,0
,,,,,0.8792545196933426,3,1
,,,,,0.4786805986448339,3,0
,,,,,0.4252079126147691,3,1
,,,,,0.275590925245685,3,1
synthetic_product,0.5,0.5,0.5,100.0,0.7935520973730404,2,0
,,,,,0.5657946494091158,4,1
synthetic_product,0.5,0.5,0.5,100.0,0.7047616499468433,2,0
,,,,,0.4044591526010569,3,0
,,,,,0.7226327301263467,3,0
,,,,,0.5053961036765671,3,0
,,,,,0.5192556750991874,4,1
,,,,,0.2961508824363045,3,1
,,,,,0.9062153665156132,3,0
,,,,,0.6927480233317915,3,1
,,,,,0.8268694924669402,4,1
,,,,,0.5850567075319358,3,0
,,,,,0.9487621403002052,4,0
,,,,,0.6870056957192886,3,0
,,,,,0.931345501524973,4,0
,,,,,1.123958190043468,3,1
,,,,,0.8451106416058743,3,0
,,,,,0.5447010359471078,3,0
,,,,,0.5628338278686492,4,1
,,,,,0.5585429561940828,3,0
,,,,,0.5671855363868754,3,0
,,,,,1.0348257123615556,4,0
,,,,,0.3076961886107693,3,1
,,,,,0.5661054755046971,4,0
,,,,,0.7483057360216472,4,1
,,,,,0.8712634548308262,3,1
,,,,,0.3991588533545105,3,0
,,,,,0.4090420409646252,3,0
,,,,,0.9120576512779724,4,0
,,,,,0.4073151240000198,3,1
,,,,,0.97453557408548,3,1
,,,,,1.027816131136566,3,1
,,,,,0.5278826103107639,3,1
,,,,,0.3926579448092038,3,0
,,,,,0.3572775077686559,4,0
,,,,,0.5535271877786595,3,1
,,,,,0.907590260704096,3,1
synthetic_product,0.5,0.5,0.5,100.0,0.9008402601658644,2,1
,,,,,0.4372725871277856,3,1
,,,,,1.019369990425373,3,0
,,,,,0.4100257359346486,3,1
,,,,,0.4126713654336718,4,1
synthetic_product,0.5,0.5,0.5,100.0,0.6532896670308261,2,0
synthetic_product,0.5,0.5,0.5,100.0,0.7121354747447523,1,0
,,,,,0.6429824924463318,4,1
,,,,,0.8860925417988567,3,1
synthetic_product,0.5,0.5,0.5,100.0,0.8957038579996826,3,1
,,,,,0.3444952197633489,4,1
,,,,,0.9060320216567932,4,1
synthetic_product,0.5,0.5,0.5,100.0,0.8243113192958955,2,0
synthetic_product,0.5,0.5,0.5,100.0,0.23375600258791535,2,1
,,,,,0.762258048371949,3,1
synthetic_product,0.5,0.5,0.5,100.0,0.5715304066350678,2,1
,,,,,0.62328137508377,4,0
,,,,,0.5183798200071734,4,1
,,,,,0.6581558775000395,3,0
,,,,,0.4973136865997094,3,1
,,,,,0.7349366785256032,3,0
,,,,,0.9572319974554864,4,1
,,,,,1.0989205558616402,3,0
,,,,,0.4719821762426552,3,0
synthetic_product,0.5,0.5,0.5,100.0,1.11636130913454,1,1
,,,,,0.4044115112716307,4,1
,,,,,0.815384626606177,3,0
synthetic_product,0.5,0.5,0.5,100.0,0.36732929284685045,3,0
,,,,,0.3816929534749883,3,1
,,,,,0.877145800902045,4,1
synthetic_product,0.5,0.5,0.5,100.0,0.8423798851404644,2,0
,,,,,1.2456653653476384,4,0
,,,,,0.636185561939053,3,1
,,,,,0.7146374074628631,3,0
,,,,,0.6722295321867103,3,0
synthetic_product,0.5,0.5,0.5,100.0,0.7370276076085048,2,1
,,,,,0.8768232905862905,3,1
,,,,,0.5660411805455822,3,1
synthetic_product,0.5,0.5,0.5,100.0,0.7892752776446955,1,0
synthetic_product,0.5,0.5,0.5,100.0,1.0889765016331527,3,0
,,,,,0.8156327492485771,4,0
,,,,,0.8689515682808617,4,1
,,,,,0.4636650836956542,4,1
,,,,,0.710682721345558,4,0
,,,,,1.0111776151213665,3,0
,,,,,0.9219337598507408,3,0
synthetic_product,0.5,0.5,0.5,100.0,0.46673256331404117,2,1
,,,,,1.0175601534055516,3,1
,,,,,0.2574209087586878,3,1
,,,,,0.799912055496889,3,0
,,,,,1.0159398767562318,4,0
,,,,,0.4282839021850768,3,1
,,,,,0.2595310273293175,3,1
synthetic_product,0.5,0.5,0.5,100.0,0.6991703700212586,1,0
,,,,,0.5941184646860198,4,0
,,,,,0.7971448606528446,3,1
,,,,,0.2256261223061336,3,1
,,,,,0.8550127053553146,4,1
,,,,,0.5200286104958561,4,0
,,,,,1.0164158352897317,3,0
,,,,,0.7088071546767718,3,1
,,,,,0.8401173007888545,3,0
,,,,,0.6082542620801795,4,0
,,,,,0.652505352165495,3,0
,,,,,0.6578998348296322,3,0
,,,,,0.4456775324623925,3,1
,,,,,0.752772222606677,3,0
,,,,,0.423239243656361,3,1
,,,,,0.6281674165911741,3,1
,,,,,0.7704906634344522,4,0
,,,,,0.3442002346192502,3,1
,,,,,0.3181976867048356,3,0
,,,,,0.2918506495342385,3,1
,,,,,0.5996757404832035,4,0
,,,,,1.0527178661067298,4,1
,,,,,0.8636567512914317,3,0
,,,,,0.5480367345016265,3,1
,,,,,0.8722069626623234,3,0
,,,,,0.5998195317090737,4,1
,,,,,0.3015937111613413,3,0
,,,,,0.317519732338813,3,0
,,,,,0.4002977178401592,3,1
,,,,,1.014501625191969,3,0
,,,,,0.955449216840609,3,1
synthetic_product,0.5,0.5,0.5,100.0,0.3327948636720016,1,0
synthetic_product,0.5,0.5,0.5,100.0,0.8238530009622083,3,0
synthetic_product,0.5,0.5,0.5,100.0,0.8923824603976691,2,1
synthetic_product,0.5,0.5,0.5,100.0,0.3177189279256969,2,1
,,,,,0.8727308180949659,3,0
synthetic_product,0.5,0.5,0.5,100.0,0.6160776423521432,1,0
,,,,,0.5572996856467451,3,1
synthetic_product,0.5,0.5,0.5,100.0,0.8148867850307956,2,1
,,,,,0.6924010046658249,3,0
,,,,,0.4969938996367261,3,1
synthetic_product,0.5,0.5,0.5,100.0,0.7157206739956521,2,0
,,,,,0.5215859794108841,3,1
,,,,,0.6450728578157574,4,1
,,,,,0.8154174418506155,4,0
,,,,,0.373952347954105,3,1
synthetic_product,0.5,0.5,0.5,100.0,0.5200941025421187,2,0
synthetic_product,0.5,0.5,0.5,100.0,0.4604797938734322,2,1
,,,,,0.8463486746274453,3,0
synthetic_product,0.5,0.5,0.5,100.0,1.0744485878929226,3,0
,,,,,0.772666632678606,3,1
synthetic_product,0.5,0.5,0.5,100.0,0.5714915341167817,2,0
,,,,,0.3943110966418604,4,1
synthetic_product,0.5,0.5,0.5,100.0,0.3493688394151404,2,1
,,,,,0.5307687895986097,3,1
synthetic_product,0.5,0.5,0.5,100.0,0.35031417914287133,2,1
,,,,,1.146284477872627,4,0
,,,,,0.6647342104630943,4,0
,,,,,0.3354781672523345,4,1
,,,,,0.9096400042282116,3,1
,,,,,1.0162697755494774,3,0
,,,,,0.8266685720887791,4,1
synthetic_product,0.5,0.5,0.5,100.0,0.6516099274072157,2,1
synthetic_product,0.5,0.5,0.5,100.0,0.4446353106397065,1,1
,,,,,0.9936170408449956,4,0
,,,,,0.8813379884190913,4,0
,,,,,0.7904827513533843,3,1
,,,,,0.6776286802196154,4,0
,,,,,0.2967854546669185,4,1
,,,,,1.0283441309588437,4,0
,,,,,0.5584257403737901,3,0
,,,,,0.5662652666144365,3,0
,,,,,0.7897706029488764,3,0
,,,,,0.5936145204450853,3,0
synthetic_product,0.5,0.5,0.5,100.0,0.8156271682337795,2,1
,,,,,0.4018698374342361,3,0
synthetic_product,0.5,0.5,0.5,100.0,0.5412636763932239,2,1
,,,,,0.6463405423287376,3,0
,,,,,0.419126523952434,4,1
,,,,,0.925974582340118,3,1
,,,,,1.1682051664566795,4,1
,,,,,0.6818255316273287,3,0
,,,,,0.7053366519880723,3,1
,,,,,1.058304205296553,3,0
,,,,,0.5071337407022811,4,1
,,,,,0.4958062541973229,4,1
,,,,,1.037720563841461,3,0
,,,,,0.3680519580670007,3,1
,,,,,0.3358262954279183,3,1
,,,,,0.3526824745090833,3,1
,,,,,0.3752354306191134,3,1
,,,,,0.4682669919403351,4,1
,,,,,0.7129719186828775,4,1
,,,,,0.1522419642893109,3,1
,,,,,0.830757814510095,4,1
,,,,,0.3848445091042751,3,0
,,,,,0.3282627300167987,3,1
,,,,,0.4196846042061322,3,1
,,,,,0.8250998345090345,4,1
,,,,,0.4125391304621066,3,1
,,,,,0.8900983130762842,3,0
,,,,,0.8814590224564451,3,0
,,,,,0.4954889141459541,4,1
,,,,,0.7413173451445367,4,1
,,,,,0.8152767274570936,4,0
,,,,,0.8331869120725185,4,1
synthetic_product,0.5,0.5,0.5,100.0,0.5878765887678624,1,1
,,,,,0.7703523100044314,4,1
,,,,,0.3151230643200912,3,1
,,,,,0.7971154488764619,4,1
,,,,,1.0234013747696826,4,0
synthetic_product,0.5,0.5,0.5,100.0,0.7907409213607569,2,0
synthetic_product,0.5,0.5,0.5,100.0,0.9445555560997989,3,0
,,,,,0.914494636102232,4,1
,,,,,0.5079983606748119,3,1
,,,,,0.3139250355463313,4,0
,,,,,0.9152910619995472,3,1
,,,,,0.8669280995796038,4,1
,,,,,0.6228134497667801,3,0
,,,,,0.4817072652555145,3,1
,,,,,0.3912012152634572,3,0
,,,,,0.7944336288869265,3,0
synthetic_product,0.5,0.5,0.5,100.0,0.7737734352293791,2,1
,,,,,0.7642143946471105,3,0
synthetic_product,0.5,0.5,0.5,100.0,0.8199258930058715,3,1
synthetic_product,0.5,0.5,0.5,100.0,0.848390571922688,2,0
,,,,,1.051499840723943,4,0
,,,,,0.6629688961392081,3,1
,,,,,0.6738358167106037,3,0
,,,,,0.594088862949218,3,0
,,,,,0.4029159108595493,3,0
synthetic_product,0.5,0.5,0.5,100.0,0.6281826385243493,1,0
,,,,,0.7912817915701907,4,0
,,,,,0.3327221113781732,3,1
synthetic_product,0.5,0.5,0.5,100.0,0.7953116751892084,1,1
synthetic_product,0.5,0.5,0.5,100.0,0.435557484892607,2,0
,,,,,0.5973916223836041,3,0
synthetic_product,0.5,0.5,0.5,100.0,0.2893951633778862,1,1
,,,,,0.5225478152318748,3,1
,,,,,0.9593498998267718,3,0
synthetic_product,0.5,0.5,0.5,100.0,1.1185708427759535,2,0
synthetic_product,0.5,0.5,0.5,100.0,0.813095239902978,2,1
,,,,,1.0872909828176924,3,0
,,,,,0.8248936473281807,3,1
,,,,,0.7689201703703666,4,1
synthetic_product,0.5,0.5,0.5,100.0,0.94746646730038,1,1
,,,,,0.3975438529102467,4,1
,,,,,0.925854437519998,3,1
synthetic_product,0.5,0.5,0.5,100.0,0.7745468145194343,3,0
,,,,,0.6116594017142916,3,1
,,,,,0.7655948241964001,3,1
,,,,,0.8335925978009988,3,0
synthetic_product,0.5,0.5,0.5,100.0,0.3581659602861599,1,0
,,,,,1.157587075759807,3,0
synthetic_product,0.5,0.5,0.5,100.0,0.8826844723540899,1,1
,,,,,0.6093621618161857,3,0
,,,,,0.3036512481380222,3,1
,,,,,0.958651008502672,4,1
,,,,,1.02259550635106,4,1
,,,,,1.1074534950376222,3,1
,,,,,0.7814810955781091,3,1
,,,,,0.562460561971343,3,0
,,,,,0.3097033298948396,4,1
,,,,,0.7379840596380814,4,0
,,,,,0.9227072571777528,4,0
,,,,,0.8217294200706847,3,0
,,,,,0.5541076708875837,3,0
,,,,,0.6015201807212124,3,1
,,,,,0.8330081458519285,3,0
,,,,,0.8200802597901184,3,0
,,,,,0.4594527463046676,3,1
,,,,,0.4461311932825914,3,1
,,,,,0.3264119514497111,4,1
,,,,,0.422909325165274,3,0
,,,,,0.563423697438574,3,0
,,,,,0.6336170448939041,3,0
,,,,,0.7712724818217126,3,0
,,,,,0.9536232175941886,3,0
,,,,,0.5586995276443959,3,1
,,,,,0.3626527173607271,3,1
,,,,,0.8499001810855971,3,1
,,,,,0.645824223986732,3,0
,,,,,0.7598384104330461,3,1
,,,,,0.8697567099019069,3,0
,,,,,0.3652164583890753,3,1
,,,,,0.6176660356172203,3,1
,,,,,0.7752691307227382,4,0
,,,,,0.6324360671190256,3,0
synthetic_product,0.5,0.5,0.5,100.0,0.6863976936112822,1,1
synthetic_product,0.5,0.5,0.5,100.0,0.9187866067478092,3,0
,,,,,0.6078728792252389,3,0
synthetic_product,0.5,0.5,0.5,100.0,0.4934777394908124,1,0
,,,,,0.3107238352173156,3,1
synthetic_product,0.5,0.5,0.5,100.0,1.0693925898474068,3,1
,,,,,0.8196880636243697,4,1
,,,,,0.8218487612704376,3,1
,,,,,0.8737602649695626,4,0
,,,,,0.3107625208700639,3,1
,,,,,0.5124275528664728,3,1
synthetic_product,0.5,0.5,0.5,100.0,0.7419343519766761,2,1
,,,,,0.8596130358609156,3,1
,,,,,0.2722318208918191,4,0
,,,,,0.920056461835662,3,1
synthetic_product,0.5,0.5,0.5,100.0,1.0702384073048323,2,0
,,,,,1.0200775068030707,4,0
,,,,,0.4367663383694142,4,1
,,,,,1.0465940548782575,4,0
,,,,,0.5413223470814122,3,1
synthetic_product,0.5,0.5,0.5,100.0,0.2887364723798076,2,1
,,,,,0.7060055177324054,3,1
,,,,,0.7741459684653298,3,1
synthetic_product,0.5,0.5,0.5,100.0,0.6038819430011946,2,1
,,,,,0.4223540089722531,3,1
,,,,,0.551788448922275,3,0
,,,,,0.6070365328871568,4,0
synthetic_product,0.5,0.5,0.5,100.0,0.8034774733857863,1,0
synthetic_product,0.5,0.5,0.5,100.0,0.8079295025455923,3,0
synthetic_product,0.5,0.5,0.5,100.0,0.36394803145074417,3,0
,,,,,1.0834880404372116,4,1
synthetic_product,0.5,0.5,0.5,100.0,0.5613883356297744,2,0
,,,,,0.7617985919780274,4,1
,,,,,0.3484401558028917,3,1
,,,,,0.4985960039808252,3,1
,,,,,1.0747757593732958,3,0
synthetic_product,0.5,0.5,0.5,100.0,0.7372681911901958,1,0
,,,,,0.93534996347364,3,1
synthetic_product,0.5,0.5,0.5,100.0,0.8565569452094415,2,1
synthetic_product,0.5,0.5,0.5,100.0,0.6408106451338239,1,0
,,,,,0.606951347357606,3,0
synthetic_product,0.5,0.5,0.5,100.0,0.34372036078416024,3,1
synthetic_product,0.5,0.5,0.5,100.0,0.48978804204475357,3,0
,,,,,0.7816102425058404,3,0
synthetic_product,0.5,0.5,0.5,100.0,0.27180834950919364,1,1
,,,,,0.7209264780554219,4,1
,,,,,0.3558916899383231,3,1
,,,,,0.6184081260746398,3,0
,,,,,0.5619855133276533,3,1
synthetic_product,0.5,0.5,0.5,100.0,1.037372606623879,2,1
,,,,,0.4184264916956337,3,1
,,,,,0.7554169837221755,4,1
,,,,,0.6112535118206144,3,0
,,,,,0.5134910348609315,4,1
,,,,,0.377551437598915,4,0
,,,,,1.011458638648077,4,0
,,,,,0.5958253570201267,4,0
,,,,,0.8783415572183827,3,1
,,,,,0.77220864333494,4,1
,,,,,0.9145794372950454,3,0
,,,,,0.7118261080002438,4,1
,,,,,1.0758798013406794,3,1
,,,,,0.6922040676457831,3,1
,,,,,0.9080245911626004,4,1
,,,,,1.0451647903837682,3,0
,,,,,0.8582404201227064,4,1
,,,,,0.9060840271031776,3,1
,,,,,0.9542057080479148,3,0
,,,,,0.9281327805783874,3,1
,,,,,0.363473346376456,4,1
,,,,,0.7229320676103236,3,1
,,,,,0.6379330295896115,4,0
,,,,,0.4811404065994485,4,0
,,,,,0.6317405981059816,3,1
,,,,,0.8781232235321077,3,0
,,,,,0.7379911539813948,4,0
,,,,,0.7611352227715613,4,1
,,,,,0.6014015141855734,4,1
,,,,,0.7281748508637716,3,0
,,,,,0.6943633648103467,3,1
synthetic_product,0.5,0.5,0.5,100.0,0.5280818493249162,2,0
synthetic_product,0.5,0.5,0.5,100.0,0.7120527252585604,1,1
,,,,,1.0751965621613613,3,0
,,,,,0.7626431344225205,3,0
synthetic_product,0.5,0.5,0.5,100.0,0.6282635060854042,1,1
,,,,,0.9463424506930715,3,0
,,,,,0.5028493486898425,3,0
,,,,,0.9587561786855334,4,1
synthetic_product,0.5,0.5,0.5,100.0,0.5730672537085122,2,0
,,,,,0.6002820073770742,3,0
synthetic_product,0.5,0.5,0.5,100.0,0.41937444063322243,1,1
,,,,,1.0647175272020608,3,0
,,,,,0.8826436513991004,4,0
synthetic_product,0.5,0.5,0.5,100.0,0.8455506469872555,2,1
,,,,,0.6055474918189307,3,1
,,,,,1.1662326222336792,4,0
synthetic_product,0.5,0.5,0.5,100.0,0.5532150784760886,2,1
,,,,,0.3489490519779097,3,1
,,,,,0.7519580443777447,3,1
,,,,,0.8220623544615352,4,1
,,,,,0.5455093403510081,3,0
,,,,,0.7318475885002442,3,1
,,,,,0.7547919394521666,3,1
,,,,,0.6158405665186053,3,0
synthetic_product,0.5,0.5,0.5,100.0,0.7228267071560446,2,1
,,,,,0.3957413220233496,3,1
,,,,,0.4115682883790645,3,1
,,,,,0.4721117934771288,3,1
,,,,,0.3464344873212717,3,0
,,,,,0.432532977339657,4,1
,,,,,0.8882372196823702,3,1
,,,,,0.6898494374321653,3,0
,,,,,1.027691773582173,3,1
,,,,,0.6172341181555546,3,1
,,,,,0.7037203689403604,3,0
synthetic_product,0.5,0.5,0.5,100.0,0.4500596212823976,1,1
synthetic_product,0.5,0.5,0.5,100.0,0.837968413559181,2,1
,,,,,0.7807639586732492,3,0
,,,,,0.5380665501776202,3,0
,,,,,0.6765523823780732,4,1
synthetic_product,0.5,0.5,0.5,100.0,0.8910950427894414,2,0
,,,,,0.7614970157934551,3,1
,,,,,0.8022595765881556,3,1
synthetic_product,0.5,0.5,0.5,100.0,0.6366390172682694,3,0
synthetic_product,0.5,0.5,0.5,100.0,0.4896569799108428,2,1
synthetic_product,0.5,0.5,0.5,100.0,0.6693735143261809,2,0
,,,,,0.706343824271123,3,1
,,,,,1.0178690814865845,3,1
,,,,,0.6254888590520892,3,0
synthetic_product,0.5,0.5,0.5,100.0,0.7380540988069996,3,1
,,,,,0.8925795717857289,4,0
synthetic_product,0.5,0.5,0.5,100.0,0.6420589092437136,1,0
,,,,,0.618090904764832,3,1
,,,,,0.296225021315206,4,1
,,,,,0.6822786527633264,3,0
,,,,,0.5398879020342869,4,1
,,,,,1.1579623403874597,4,0
,,,,,0.6912338847646093,4,1
,,,,,0.5875826289899139,3,0
,,,,,0.7777288060929075,3,1
,,,,,1.0034077426090249,3,0
,,,,,0.6391631079608114,3,1
,,,,,0.8670404441657199,3,0
,,,,,0.2555843092777867,3,1
,,,,,0.6668343661712377,3,1
,,,,,0.4948799107768515,3,1
,,,,,0.7769352766621342,3,0
,,,,,0.4332333119852423,3,1
,,,,,0.5217168046205304,3,1
,,,,,0.3656455077408507,3,1
,,,,,0.2239086259174136,3,1
,,,,,0.3588230923162979,4,0
,,,,,0.9273692729673082,4,0
,,,,,0.4553144491123186,3,0
,,,,,0.6436411243236269,3,1
,,,,,0.3525598323047519,3,1
,,,,,0.9318944757999204,4,0
,,,,,0.8269587363338929,3,0
,,,,,0.2083050289099834,3,0
synthetic_product,0.5,0.5,0.5,100.0,0.10007625911054381,1,1
synthetic_product,0.5,0.5,0.5,100.0,0.23420534671114474,2,1
,,,,,0.5102758665258202,3,0
,,,,,0.6795822873145181,4,0
,,,,,0.418824446482031,4,0
,,,,,0.2858041728787471,4,1
,,,,,0.2011422263735685,3,1
,,,,,0.4533191106449024,3,1
,,,,,0.5702474481496561,3,1
,,,,,0.802043906282564,3,1
,,,,,1.003863405228994,3,1
,,,,,0.5768554243227201,3,1
,,,,,0.4473910972829367,4,1
synthetic_product,0.5,0.5,0.5,100.0,0.5470706731918503,1,0
synthetic_product,0.5,0.5,0.5,100.0,0.572188149162138,3,1
,,,,,0.764500036992991,4,0
synthetic_product,0.5,0.5,0.5,100.0,1.018779752578873,2,1
,,,,,0.2731667657650057,3,0
,,,,,0.5334716315075391,3,0
,,,,,0.9545971933068144,4,0
,,,,,1.030950795563056,3,0
synthetic_product,0.5,0.5,0.5,100.0,0.8691353405242259,1,0
,,,,,0.6968318578428361,3,0
,,,,,0.9376044493751544,3,1
,,,,,0.9134776687969896,3,0
,,,,,0.4274429489141765,3,1
synthetic_product,0.5,0.5,0.5,100.0,0.6589560253727664,2,1
synthetic_product,0.5,0.5,0.5,100.0,0.7746966321590887,3,1
,,,,,0.6808001021184406,3,0
synthetic_product,0.5,0.5,0.5,100.0,0.8939606955492022,1,0
synthetic_product,0.5,0.5,0.5,100.0,0.6564926635776853,3,1
,,,,,0.7633399166064687,3,1
,,,,,0.7112459734325215,3,1
,,,,,0.4845533422556698,4,1
synthetic_product,0.5,0.5,0.5,100.0,1.1930187801106633,3,1
synthetic_product,0.5,0.5,0.5,100.0,0.8114244459021164,1,0
synthetic_product,0.5,0.5,0.5,100.0,0.9849245243059023,2,0
synthetic_product,0.5,0.5,0.5,100.0,0.8154696589448549,2,0
,,,,,0.4800308082964437,3,1
,,,,,0.6026722091326135,3,1
,,,,,0.3437208148988804,3,1
,,,,,0.492679346540084,3,1
synthetic_product,0.5,0.5,0.5,100.0,0.29292699783928366,1,1
,,,,,0.7133258126222564,3,0
,,,,,0.7816454355042559,3,1
,,,,,0.5611329079778048,3,1
,,,,,0.768113080139769,4,0
synthetic_product,0.5,0.5,0.5,100.0,0.2985007011423558,1,1
,,,,,0.9137496351155862,3,0
synthetic_product,0.5,0.5,0.5,100.0,0.9041003917394684,3,0
,,,,,0.5829965483434522,4,1
,,,,,0.7353598213251101,3,0
synthetic_product,0.5,0.5,0.5,100.0,0.4604228945634861,3,0
,,,,,0.9405971181857484,4,0
synthetic_product,0.5,0.5,0.5,100.0,0.47415946268179116,2,1
,,,,,0.5208396692788122,3,0
,,,,,0.2811170733688872,3,0
,,,,,0.8444463793078976,3,0
synthetic_product,0.5,0.5,0.5,100.0,0.5342527074118486,1,0
,,,,,1.0564074440593192,4,1
,,,,,0.8268258549782501,3,0
,,,,,0.9870991881685474,4,0
,,,,,0.2967721125947466,3,1
,,,,,0.5300756201431936,3,1
,,,,,0.6198516487610158,3,0
,,,,,0.6600947260070907,3,1
,,,,,0.8725040884555934,3,1
,,,,,0.4132850672545715,3,0
,,,,,0.2884234331957271,3,0
,,,,,0.6228770145675733,3,0
,,,,,0.95086108906924,3,0
,,,,,0.2349585070750785,4,1
,,,,,1.1148022231648071,4,0
,,,,,0.6035043439219103,3,1
,,,,,0.3792936982589503,4,1
,,,,,0.4143694700690162,3,1
,,,,,0.9755042552469892,3,0
,,,,,0.4078150076068746,3,0
,,,,,0.8586667963293961,4,0
,,,,,0.9581859170152284,3,0
,,,,,0.4337565420239977,3,1
,,,,,0.729278319058566,3,1
,,,,,0.8764620802739621,4,1
,,,,,1.018709936302881,3,0
synthetic_product,0.5,0.5,0.5,100.0,0.6354523749084572,3,0
,,,,,1.043846114653726,3,1
,,,,,0.5066342495107564,4,1
,,,,,0.5401242446800306,4,1
,,,,,0.1862468777046147,3,1
,,,,,0.3986624947840867,4,0
,,,,,0.8072997246104953,4,0
,,,,,0.7787595711994408,4,0
synthetic_product,0.5,0.5,0.5,100.0,0.7291766902717656,3,0
,,,,,0.8615579267131485,3,0
,,,,,0.5540762829660852,3,1
,,,,,0.5709641151711847,3,1
,,,,,0.8091801655405235,3,1
,,,,,1.0765200738651142,4,0
synthetic_product,0.5,0.5,0.5,100.0,1.1666105875706785,3,1
,,,,,0.3748335246302211,3,1
,,,,,0.4571270077652866,4,1
,,,,,1.0915807093017849,3,1
,,,,,0.9558791405842064,4,1
,,,,,1.1193419488243082,3,0
,,,,,0.5868617216081973,4,0
,,,,,1.0120497292270143,3,0
,,,,,0.7519517867646579,3,0
,,,,,0.7403284280120723,4,0
,,,,,0.6376524970621724,4,1
,,,,,0.2907557817138824,4,1
,,,,,0.7819919645657548,3,0
,,,,,0.9946858190461167,4,0
synthetic_product,0.5,0.5,0.5,100.0,0.4780448440002204,2,1
,,,,,0.750821535623935,3,1
,,,,,0.1820368727830149,3,1
,,,,,0.8450984050092787,4,1
synthetic_product,0.5,0.5,0.5,100.0,0.7702131032106471,1,0
,,,,,0.7639373715756053,3,0
synthetic_product,0.5,0.5,0.5,100.0,0.9886111348963129,2,1
synthetic_product,0.5,0.5,0.5,100.0,0.5701851210612637,2,0
synthetic_product,0.5,0.5,0.5,100.0,0.6707197005210205,2,0
synthetic_product,0.5,0.5,0.5,100.0,0.49492799651210095,3,0
,,,,,0.7832694241645839,3,0
,,,,,0.454643839463256,3,1
,,,,,1.121051687603788,4,1
synthetic_product,0.5,0.5,0.5,100.0,1.0766288758260536,2,0
,,,,,0.992761605746558,4,1
synthetic_product,0.5,0.5,0.5,100.0,0.7974133466946419,1,1
,,,,,0.3066356878368782,3,1
,,,,,0.6332349439661178,3,0
synthetic_product,0.5,0.5,0.5,100.0,0.4137514339177829,1,1
,,,,,0.5910854074001597,3,0
synthetic_product,0.5,0.5,0.5,100.0,0.24342804852850716,2,1
,,,,,1.0065565725830796,3,1
synthetic_product,0.5,0.5,0.5,100.0,0.7212791631314788,2,1
,,,,,0.8905547163704377,3,1
,,,,,0.7993574841214268,3,1
synthetic_product,0.5,0.5,0.5,100.0,0.42650044376317153,3,1
,,,,,0.8404138847431589,3,0
,,,,,0.8120913279428559,3,0
synthetic_product,0.5,0.5,0.5,100.0,0.5547928018116536,2,0
,,,,,0.3345365253270523,3,0
,,,,,0.8916875583451731,3,0
,,,,,0.3846298508051808,3,0
,,,,,0.5650119444827828,4,1
,,,,,0.6886104171664555,4,0
,,,,,0.5148712963205488,3,0
,,,,,0.9131924605872316,4,1
,,,,,0.2547162847169669,2,1
,,,,,0.5398506439038163,2,0
,,,,,0.4334010533685893,2,1
,,,,,0.4598863997890927,2,0
,,,,,0.687205031478033,2,1
,,,,,0.1526686730284686,2,1
,,,,,0.8788608582555507,2,1
,,,,,0.4893187809068001,2,0
,,,,,0.5543225330165297,2,1
,,,,,0.7815642645810078,2,0
,,,,,0.2183172878073018,2,1
,,,,,0.5473683431199995,2,0
,,,,,0.6888972166486391,2,0
,,,,,0.5339708882927554,2,0
,,,,,0.16753854733402,2,1
,,,,,0.4633120302651391,2,0
,,,,,0.0963703604493927,2,1
,,,,,0.6045493291579795,2,0
,,,,,0.6977647088610225,2,0
,,,,,0.5333146829121295,2,0
,,,,,0.7396578507772131,2,1
,,,,,0.5660863793642593,2,1
,,,,,0.9838239577234617,2,0
,,,,,0.2357408867467298,2,0
,,,,,0.2911643006601712,2,1
,,,,,0.2570660926743668,2,1
,,,,,0.1109730238285473,2,1
,,,,,0.6521215790702523,2,1
,,,,,0.360805007998521,2,0
,,,,,0.7983173975712221,2,0
,,,,,0.5841138553845666,2,1
,,,,,0.8479249612860094,2,1
,,,,,0.9579084619602598,2,0
,,,,,0.6050513853990128,2,0
,,,,,0.6006603035542222,2,1
,,,,,0.8321623527902765,2,1
,,,,,0.938524649912413,2,1
,,,,,0.5667769137533638,2,1
,,,,,0.6297591264375013,2,0
,,,,,0.8451912152064016,2,1
,,,,,0.7967572364170077,2,0
,,,,,0.1586684521751455,2,0
,,,,,0.5291796618113498,2,0
,,,,,0.2418804727851501,2,1
,,,,,0.8035858623096126,2,0
,,,,,0.6276530655171835,2,0
,,,,,0.7785361270602843,2,1
,,,,,0.3686435309491104,2,1
,,,,,0.5586464578164178,2,1
,,,,,0.8056535010846192,2,1
,,,,,0.9292522934318608,2,1
,,,,,0.5403033687412647,2,1
,,,,,0.5692463608307724,2,0
,,,,,0.1475030151415771,2,1
,,,,,0.7982558692614266,2,1
,,,,,0.926968132968212,2,0
,,,,,0.5778313361291619,2,1
,,,,,0.5872849829444208,2,0
,,,,,0.3541817194345049,2,1
,,,,,0.6384891381030542,2,0
,,,,,1.016808831042716,2,1
,,,,,0.0636769428893484,2,1
,,,,,0.4068332500876407,2,0
,,,,,0.2818774199342075,2,1
,,,,,0.6089663099121956,2,1
,,,,,0.4156452720829064,2,1
,,,,,0.920467267445512,2,1
,,,,,0.5233351754359197,2,1
,,,,,0.5744816485386453,2,1
,,,,,0.4171310946610307,2,1
,,,,,0.2744807784477837,2,0
,,,,,0.4248118055098543,2,0
,,,,,0.7471294063035192,2,1
,,,,,0.5136817922439589,2,0
,,,,,0.5600015132367652,2,1
,,,,,0.5866887575237477,2,1
,,,,,0.6934547056603638,2,0
,,,,,0.8475448274307467,2,0
,,,,,0.694266924026932,2,0
,,,,,0.3404444987129641,2,1
,,,,,0.2627792607641973,2,0
,,,,,0.3691004717724234,2,1
,,,,,0.8395287703317834,2,0
,,,,,0.3412751202763223,2,1
,,,,,0.5568042154505796,2,1
,,,,,0.9703328562971938,2,0
,,,,,0.6718526389061856,2,1
,,,,,0.2019083044078678,2,1
,,,,,0.9835503548773336,2,1
,,,,,0.3038333453057091,2,0
,,,,,0.6292584633576301,2,1
,,,,,0.380568547099927,2,1
,,,,,0.8844028655810517,2,1
,,,,,0.8955127591177289,2,1
,,,,,0.7476973012035627,2,1
,,,,,0.5380586111265923,2,0
,,,,,0.7290787049087543,2,1
,,,,,0.5495435779034981,2,0
,,,,,0.5582742607003776,2,1
,,,,,1.0816810002323094,2,1
,,,,,0.9319943492508894,2,0
,,,,,0.7074195463490444,2,1
,,,,,0.7276275811769435,2,0
,,,,,0.2133584663010426,2,1
,,,,,0.3336630225305736,2,1
,,,,,0.8582829733795628,2,0
,,,,,0.2721146746379808,2,0
,,,,,0.3627151049582183,2,0
,,,,,0.5356694249532697,2,1
,,,,,0.8348846923855733,2,0
,,,,,0.8617045833021677,2,1
,,,,,0.6294332600071643,2,1
,,,,,0.7072683785738648,2,0
,,,,,0.5313055771340929,2,1
,,,,,0.5436100293733833,2,1
,,,,,0.8302279091064426,2,0
,,,,,0.6145739594388665,2,0
,,,,,0.5054889016593853,2,1
,,,,,0.9370057829762352,2,0
,,,,,0.9516799146732754,2,0
,,,,,0.5571996936327862,2,1
,,,,,0.8582476178623917,2,1
,,,,,0.2242381696078114,2,1
,,,,,0.4494221315802147,2,1
,,,,,0.5021822580047373,2,1
,,,,,0.7682375223513789,2,0
,,,,,0.2834813299123643,2,1
,,,,,0.6456426570572598,2,0
,,,,,0.1596290059579697,2,1
,,,,,0.6232850601221281,2,1
,,,,,0.3455623848051215,2,0
,,,,,0.974006170354404,2,0
,,,,,0.4440282073443299,2,0
,,,,,0.5716573159907874,2,1
,,,,,0.5926970779348326,2,1
,,,,,0.4254636254144404,2,0
,,,,,0.6492668265423537,2,0
,,,,,0.5684863107064853,2,1
,,,,,0.4339874461587244,2,1
,,,,,0.7190768117719213,2,1
,,,,,0.496871730070703,2,0
,,,,,0.6967581494479473,2,0
,,,,,0.3333498298965649,2,1
,,,,,0.4530216980529837,2,0
,,,,,0.5005023508426132,2,1
,,,,,0.2805835724864553,2,1
,,,,,0.503292349539399,2,0
,,,,,0.714078190823357,2,1
,,,,,0.2800133639301729,2,1
,,,,,0.402662784030346,2,0
,,,,,0.9731949192529552,2,1
,,,,,0.8208969523117882,2,1
,,,,,0.4846973109692359,2,1
,,,,,1.058635234658243,2,0
,,,,,0.4084246944900324,2,1
,,,,,0.2040351831343456,2,1
,,,,,0.3771414166801109,2,1
,,,,,0.7954377617892261,2,1
,,,,,0.207771793357256,2,1
,,,,,0.7151598866776537,2,0
,,,,,0.5238394509863864,2,0
,,,,,0.8491846308199801,2,1
,,,,,0.632319330920528,2,1
,,,,,0.1319425719353549,2,1
,,,,,0.3102292117235274,2,0
,,,,,0.6121254422159355,2,1
,,,,,0.912790416040881,2,1
,,,,,0.2102238251484021,2,0
,,,,,0.8025390289314522,2,1
,,,,,0.3896519954920914,2,1
,,,,,0.228594329606025,2,0
,,,,,0.8163952241563922,2,1
,,,,,0.9189847804520592,2,1
,,,,,0.5622758354924056,2,1
,,,,,0.5699941335003416,2,0
,,,,,0.6430776158291747,2,1
,,,,,0.435294108464239,2,1
,,,,,0.679734534678802,2,1
,,,,,0.4929644017566248,2,1
,,,,,0.8644010134748134,2,0
,,,,,0.9116946799216964,2,0
,,,,,0.7876365235605449,2,0
,,,,,0.7663833252703054,2,0
,,,,,0.3685715617684956,2,0
,,,,,0.9517077836257144,2,0
,,,,,0.60569545153455,2,0
,,,,,0.5650042637190619,2,0
,,,,,0.8223844055993638,2,1
,,,,,0.9204330361982672,2,1
,,,,,0.1673812438553719,2,1
,,,,,0.9320978512478644,2,1
,,,,,0.156817469774137,2,1
,,,,,0.3661547319274895,2,1
,,,,,0.8142631463328244,2,0
,,,,,0.1961374084351698,2,1
,,,,,0.3882160786855776,2,0
,,,,,0.1258719665990197,2,1
,,,,,0.1260955083127231,2,1
,,,,,0.4362060367071406,2,1
,,,,,0.206328028461232,2,1
,,,,,0.1608496120054627,2,1
,,,,,0.8578317317334021,2,0
,,,,,0.5373139894103762,2,0
,,,,,0.5284868780711834,2,1
,,,,,0.6422657902329155,2,1
,,,,,0.084957671027469,2,0
,,,,,0.4561595553708317,2,1
,,,,,0.253874791195277,2,1
,,,,,0.5450562617068169,2,0
,,,,,0.9940694394390952,2,0
,,,,,0.1717735158879554,2,1
,,,,,0.4758515085949328,2,1
,,,,,0.5402085736213819,2,1
,,,,,0.7302131089066701,2,1
,,,,,0.7131688714905811,2,1
,,,,,0.6450875773081715,2,1
,,,,,0.721456719699648,2,0
,,,,,0.6019910917989731,2,1
,,,,,0.317923309122005,2,1
,,,,,0.7675824023349467,2,0
,,,,,0.4248884360703673,2,0
,,,,,0.6810756520444625,2,0
,,,,,0.5385192675100932,2,0
,,,,,0.6895423338480503,2,0
,,,,,0.876064286503643,2,0
,,,,,0.3435952317018701,2,1
,,,,,0.6429380593762408,2,0
,,,,,0.4164103002486099,2,1
,,,,,0.3462989362603894,2,1
,,,,,0.9956820564954914,2,0
,,,,,0.6925014224733895,2,1
,,,,,0.6687667658489346,2,0
,,,,,0.9553353559236198,2,1
,,,,,0.1419696741597949,2,1
,,,,,0.168400549989176,2,1
,,,,,0.5811800552150773,2,1
,,,,,0.8580993416707076,2,0
,,,,,0.6138390546125412,2,0
,,,,,0.6840813112706521,2,1
,,,,,0.9158656176631754,2,0
,,,,,0.2542529678819439,2,1
,,,,,0.4423679672362456,2,1
,,,,,0.5059808855914657,2,1
,,,,,0.8871555200676288,2,0
,,,,,0.829217288485505,2,1
,,,,,0.4632038702194528,2,1
,,,,,0.4320534841385097,2,1
,,,,,0.609470566800561,2,0
,,,,,0.2947254161103023,2,1
,,,,,0.3506731667191035,2,1
,,,,,0.254832729768935,2,1
,,,,,0.4217957875762911,2,0
,,,,,0.8401635227250694,2,0
,,,,,0.6065384500997018,2,0
,,,,,0.9332545331206648,2,0
,,,,,0.3941747315910724,2,1
,,,,,0.720224689672595,2,0
,,,,,0.4504191880762901,2,1
,,,,,0.2193989122994794,2,1
,,,,,0.8735102482467121,2,0
,,,,,0.8411547808934813,2,0
,,,,,0.5382335804642622,2,1
,,,,,1.0130645429508676,2,0
,,,,,0.3634996226276962,2,1
,,,,,1.0863008503451372,2,1
,,,,,0.5435788257709622,2,0
,,,,,0.6827302462399806,2,1
,,,,,0.9424380227416028,2,1
,,,,,0.296598163820954,2,1
,,,,,0.3339985473088696,2,1
,,,,,1.0645179668954887,2,0
,,,,,0.3429758254136166,2,1
,,,,,0.2479382291524676,2,1
,,,,,0.4003695774983012,2,1
,,,,,0.7062625821472198,2,0
,,,,,0.4358422884470272,2,1
,,,,,0.703889016867164,2,0
,,,,,0.8864435683095911,2,0
,,,,,0.2995218004748695,2,1
,,,,,0.277324013131959,2,1
,,,,,0.1275976629545432,2,1
,,,,,0.7913048049571562,2,1
,,,,,0.7766862004107024,2,0
,,,,,0.4862108077863156,2,0
,,,,,0.9693611211018748,2,0
,,,,,0.4504533787890891,2,1
,,,,,0.96813409616216,2,1
,,,,,0.6538978756886722,2,0
,,,,,0.5210210850382153,2,0
,,,,,0.5439931289296065,2,1
,,,,,0.7471109805567238,2,0
,,,,,0.717404389760002,2,0
,,,,,0.8552669939984667,2,0
,,,,,0.5586440288442116,2,1
,,,,,0.7639908240961992,2,0
,,,,,0.4210043736579451,2,1
,,,,,0.3429828397532038,2,1
,,,,,0.2885215768461273,2,0
,,,,,0.2499928884601689,2,0
,,,,,0.3783102295433486,2,1
,,,,,0.935681760150717,2,0
,,,,,0.5284342872037737,2,1
,,,,,0.3895207839509818,2,1
,,,,,0.648705048286015,2,0
,,,,,0.7177892177356638,2,0
,,,,,0.1126569148703963,2,0
,,,,,0.7516191369222179,2,1
,,,,,0.4713365053954705,2,1
,,,,,0.434882803544613,2,0
,,,,,0.5578361077779266,2,0
,,,,,0.1991080072325944,2,1
,,,,,0.4241300688229018,2,0
,,,,,0.7698043382036498,2,0
,,,,,0.6725195599835082,2,0
,,,,,0.5490055871852073,2,1
,,,,,0.1426954111723938,2,1
,,,,,0.7392729990163018,2,1
,,,,,0.6332866527634219,2,1
,,,,,0.6610780435371142,2,0
,,,,,0.2911745670733113,2,1
,,,,,0.7180485938152105,2,1
,,,,,0.2555486632666153,2,1
,,,,,0.5591849483773644,2,0
,,,,,0.2450841607277864,2,1
,,,,,0.4462749382991787,2,1
,,,,,0.2813002820822824,2,1
,,,,,0.5142735608374196,2,0
,,,,,0.2810827560093587,2,1
,,,,,0.5775859385894085,2,0
,,,,,0.5754406957318208,2,1
,,,,,0.1465704507009714,2,1
,,,,,0.7849622184785251,2,0
,,,,,0.7916799601618539,2,1
,,,,,0.7236049678898886,2,0
,,,,,0.939232035564512,2,0
,,,,,0.5411726321809416,2,0
,,,,,0.369648619263047,2,1
,,,,,0.5113419753963826,2,0
,,,,,0.4705060238058979,2,1
,,,,,0.4874876133584647,2,1
,,,,,0.5510286097352175,2,1
,,,,,0.3740453783999496,2,0
,,,,,0.8655235525340692,2,1
,,,,,0.5168685031011013,2,0
,,,,,0.3095183195650712,2,1
,,,,,0.579940280837281,2,0
,,,,,0.6855540060046003,2,1
,,,,,0.8245743521392944,2,0
,,,,,0.5813038824988159,2,0
,,,,,0.5841088155622491,2,0
,,,,,0.6760715367480729,2,0
,,,,,0.7451531746140493,2,0
,,,,,0.6069460979389587,2,0
,,,,,0.2486302668851147,2,1
,,,,,0.5678585629482118,2,0
,,,,,0.5267662211394489,2,1
,,,,,0.7942313298915866,2,0
,,,,,0.6581395284327236,2,1
,,,,,0.4610469263744808,2,0
,,,,,0.2227172545932792,2,1
,,,,,0.9354540201757672,2,0
,,,,,0.284107493262475,2,0
,,,,,0.4133041167720453,2,0
,,,,,0.0397619414336254,2,1
,,,,,0.6892205441063105,2,1
,,,,,0.6822117168835715,2,0
,,,,,0.520064505305914,2,1
,,,,,0.8419798806736365,2,1
,,,,,0.3319195875208088,2,0
,,,,,0.4607254556120822,2,1
,,,,,0.6984415680140392,2,0
,,,,,0.437508364939922,2,1
,,,,,0.2040635604013011,2,1
,,,,,0.3785502086843652,2,1
,,,,,0.4599964362835027,2,1
,,,,,0.8007387220788649,2,0
,,,,,0.8645267537577139,2,1
,,,,,0.7635382905578803,2,1
,,,,,0.6606158249457708,2,0
,,,,,0.739787677050176,2,1
,,,,,0.2754419442056239,2,1
,,,,,0.1452084063687674,2,0
,,,,,0.4679841021859061,2,1
,,,,,0.265090810445882,2,1
,,,,,0.3672804452088239,2,1
,,,,,0.7127869982985098,2,1
,,,,,0.5907012382803845,2,0
,,,,,0.317963161594937,2,0
,,,,,0.5482813974157276,2,1
,,,,,0.5775749655673073,2,0
,,,,,0.700672882371888,2,1
,,,,,0.630704164544618,2,0
,,,,,0.8320320840294124,2,0
,,,,,0.7644937521901707,2,0
,,,,,0.3117431792488691,2,1
,,,,,0.3905410473672647,2,1
,,,,,0.4363215809473473,2,0
,,,,,0.5398008244085235,2,1
,,,,,0.8344083006487344,2,0
,,,,,0.5067315343875354,2,1
,,,,,0.3225699768271237,2,1
,,,,,0.7256783428616101,2,1
,,,,,0.7735649091285823,2,1
,,,,,0.5580568035329221,2,1
,,,,,0.7253186169007678,2,0
,,,,,0.5797102757659761,2,0
,,,,,0.2231970162466892,2,1
,,,,,0.1116215229677906,2,1
,,,,,0.8352093382059229,2,1
,,,,,0.5552684438555938,2,0
,,,,,0.5362485190748681,2,1
,,,,,0.6877519282333254,2,0
,,,,,0.7739622841227508,2,0
,,,,,0.5927147422161738,2,0
,,,,,0.5582076759048302,2,0
,,,,,0.6649093537985349,2,0
,,,,,0.4836468937879837,2,0
,,,,,0.5435022538064929,2,0
,,,,,0.1909444923434991,2,1
,,,,,0.7168903552828274,2,1
,,,,,0.6241775228641265,2,0
,,,,,0.5430658662850805,2,1
,,,,,0.7465991692726998,2,1
,,,,,0.1213433253378299,2,1
,,,,,0.9385757482338262,2,0
,,,,,0.8638345342437181,2,0
,,,,,0.3750661106681007,2,1
,,,,,0.5166536518896631,2,1
,,,,,0.367767714226667,2,0
,,,,,0.47191172347889,2,0
,,,,,0.3805101575210382,2,1
,,,,,0.8771957652026243,2,1
,,,,,0.6215062893445175,2,0
,,,,,0.6219487936376853,2,1
,,,,,0.1195400927779498,2,1
,,,,,0.2838637007057321,2,1
,,,,,0.4037385465509167,2,1
,,,,,0.3106017355195281,2,1
,,,,,0.607417657531021,2,1
,,,,,1.1343471325483745,2,0
,,,,,0.4897392263924525,2,1
,,,,,0.8176083012054893,2,1
,,,,,0.7173198613691901,2,0
,,,,,0.4877037763024651,2,1
,,,,,0.6856599372998661,2,1
,,,,,0.5960853971577131,2,0
,,,,,0.7422096609806877,2,0
,,,,,0.6246012618357725,2,0
,,,,,0.7548533514053933,2,1
,,,,,0.6105311504186248,2,1
,,,,,0.2650695831160615,2,1
,,,,,0.3977100381134536,2,1
,,,,,0.5360112295087158,2,1
,,,,,0.7905793762561046,2,1
,,,,,0.9141789761389116,2,1
,,,,,0.4919866751362694,2,1
,,,,,1.0748255767364627,2,1
,,,,,0.349933813499988,2,1
,,,,,0.2218718560724023,2,1
,,,,,0.7505350378565365,2,0
,,,,,0.7674608174285619,2,1
,,,,,0.148943221979093,2,1
,,,,,0.8190930499797657,2,1
,,,,,0.4695728727126803,2,0
,,,,,0.4849264768431821,2,0
,,,,,0.2564384904759287,2,1
,,,,,0.2481985432430846,2,0
,,,,,0.1715688168292192,2,1
,,,,,0.5220570544601928,2,1
,,,,,0.4930023413769689,2,1
,,,,,0.3970372245033747,2,1
,,,,,0.1967165188739176,2,1
,,,,,0.320917850488959,2,1
,,,,,0.7746899002692927,2,1
,,,,,0.8355749085513585,2,0
,,,,,0.8675249587131728,2,0
,,,,,1.0153462567247706,2,0
,,,,,0.3770506798871827,2,1
,,,,,0.5975114876890051,2,0
,,,,,0.3586789268433331,2,1
,,,,,0.5556813571495947,2,1
,,,,,0.575771616140114,2,0
,,,,,0.5565286718253545,2,1
,,,,,0.256510413251075,2,1
,,,,,0.8036763663847493,2,1
,,,,,0.1645164746338551,2,1
,,,,,0.6870291281847049,2,0
,,,,,0.4418458300913909,2,0
,,,,,0.6151717878044326,2,0
,,,,,0.8636634631253639,2,1
,,,,,0.539905777471942,2,1
,,,,,0.8947730305862399,2,1
,,,,,0.2943735783115731,2,1
,,,,,0.3364187197936611,2,1
,,,,,0.4066905388618846,2,1
,,,,,0.6465501747538147,2,1
,,,,,1.0162064619124558,2,0
,,,,,0.2277019048521781,2,1
,,,,,0.387139227690396,2,1
,,,,,0.3565378030615185,2,1
,,,,,0.6598625774410722,2,0
,,,,,0.7604189778483257,2,1
,,,,,0.6377348993375958,2,1
,,,,,0.4519693839792161,2,0
,,,,,0.7478372961682955,2,0
,,,,,0.2759643104645044,2,0
,,,,,0.3907483157510595,2,1
,,,,,0.2631780591123371,2,1
,,,,,0.7889223494066668,2,0
,,,,,0.496010437283206,2,1
,,,,,0.3727111841355687,2,0
,,,,,0.7416917699920589,2,0
,,,,,0.635837411946963,2,1
,,,,,0.413342475042533,2,1
,,,,,0.3318875958281719,2,1
,,,,,0.6035370421426641,2,0
,,,,,0.249111561848655,2,0
,,,,,0.5288825013752448,2,1
,,,,,0.5876641333117654,2,0
,,,,,0.5285108862815381,2,1
,,,,,0.1993319345452108,2,1
,,,,,0.4451641769502593,2,0
,,,,,0.6884072846354101,2,0
,,,,,0.1645362917213334,2,1
,,,,,0.4639338148171598,2,0
,,,,,0.6616829110975855,2,1
,,,,,0.773986363632675,2,0
,,,,,0.5048161052095335,2,1
,,,,,0.6933991625197186,2,0
,,,,,0.7041749454092112,2,0
,,,,,0.4631582534993856,2,1
,,,,,0.4645112902828996,2,1
,,,,,0.4567146958981213,2,0
,,,,,0.69476816388804,2,1
,,,,,0.1454846319547374,2,1
,,,,,0.2372452085905902,2,1
,,,,,0.766218699725296,2,1
,,,,,0.2493126749398574,2,1
,,,,,0.8005832328614333,2,0
,,,,,0.6479419904638456,2,0
,,,,,0.4624949191927368,2,0
,,,,,0.993315245742658,2,0
,,,,,0.9326263764122572,2,1
,,,,,0.4691888969972489,2,1
,,,,,0.3420695074502642,2,1
,,,,,0.2354063705860947,2,1
,,,,,0.2639698675172632,2,1
,,,,,0.8688453338028921,2,1
,,,,,0.2242633574072545,2,1
,,,,,0.2658680384404465,2,0
,,,,,0.7062058396764841,2,1
,,,,,0.7779705107033754,2,1
,,,,,0.2438150789715465,2,1
,,,,,0.467777690535636,2,0
,,,,,0.2009558541553145,2,1
,,,,,1.012887709268992,2,1
,,,,,0.6451920664217461,2,0
,,,,,0.5986776993860289,2,1
,,,,,0.3522296501422452,2,0
,,,,,0.7256596088722227,2,1
,,,,,0.6911660488553588,2,1
,,,,,0.3624543118042345,2,0
,,,,,0.7133150632399573,2,0
,,,,,0.7781751691110377,2,1
,,,,,0.801890358033325,2,1
,,,,,0.4490236524117562,2,0
,,,,,0.3592146798560435,2,1
,,,,,0.6643902180350453,2,1
,,,,,0.8482643727700392,2,0
,,,,,0.1286385983319143,2,1
,,,,,0.3657955266283281,2,1
,,,,,0.954717708810846,2,1
,,,,,0.3609022147072271,2,1
,,,,,0.5283717164714782,2,0
,,,,,0.573899743006358,2,1
,,,,,0.1700930564473461,2,1
,,,,,0.9369022163439614,2,0
,,,,,0.5830103818423519,2,1
,,,,,0.7308021584896253,2,1
,,,,,0.6058096869267688,2,0
,,,,,0.5431497852493699,2,1
,,,,,0.5396574664782889,2,1
,,,,,0.3091822505651441,2,1
,,,,,0.4327542085470173,2,1
,,,,,0.6539485622296147,2,0
,,,,,0.5480414942340863,2,1
,,,,,0.5029932436051521,2,1
,,,,,0.7435519255711643,2,1
,,,,,0.6797385319917523,2,1
,,,,,0.3265089513328235,2,1
,,,,,0.752217852302023,2,1
,,,,,0.9755193171803848,2,1
,,,,,0.4351179244349631,2,0
,,,,,0.960964134323473,2,0
,,,,,0.3182604205227057,2,0
,,,,,0.7734616128650731,2,0
,,,,,0.9039017567745096,2,0
,,,,,0.8082091487298786,2,0
,,,,,1.039092007701036,2,0
,,,,,0.5133474719343443,2,0
,,,,,0.7287636867666404,2,0
,,,,,0.5438520583061873,2,1
,,,,,0.064281101787341,2,1
,,,,,0.4925134861419924,2,1
,,,,,0.0347495285281896,2,1
,,,,,0.6598491175147798,2,1
,,,,,0.3439602903653928,2,1
,,,,,0.4105472308305901,2,1
,,,,,0.2922720166332637,2,1
,,,,,0.6198258701237462,2,1
,,,,,0.7408633820178109,2,1
,,,,,0.5754189611312543,2,0
,,,,,0.6035291164773505,2,1
,,,,,0.8380770603666415,2,0
,,,,,0.618246010523205,2,0
,,,,,0.1429192360295752,2,1
,,,,,0.7602102811377933,2,0
,,,,,0.5482059555509584,2,1
,,,,,0.3812732634745069,2,1
,,,,,0.6643214584312356,2,1
,,,,,0.5531902897637894,2,0
,,,,,0.4553563399961665,2,0
,,,,,0.7422045363804309,2,0
,,,,,0.146558740277228,2,1
,,,,,0.2889459735431094,2,1
,,,,,0.6572276523553962,2,1
,,,,,0.5698768994286838,2,1
,,,,,0.2741569251928251,2,1
,,,,,0.3690218153715372,2,1
,,,,,0.6195059108442103,2,1
,,,,,0.8224619244280615,2,0
,,,,,0.7733275403977808,2,0
,,,,,0.7212443701599913,2,0
,,,,,0.2495300019257555,2,1
,,,,,0.91947258948406,2,0
,,,,,0.4705998456155132,2,1
,,,,,0.1742998522423691,2,1
,,,,,0.2594701631990626,2,1
,,,,,0.8535623806892548,2,0
,,,,,0.5359847925556274,2,1
,,,,,0.3953418209582671,2,1
,,,,,0.7224213066566416,2,1
,,,,,0.904252072278014,2,0
,,,,,0.577292167497343,2,1
,,,,,0.6904053561255639,2,0
,,,,,0.8871953828087171,2,1
,,,,,0.2721452775973531,2,1
,,,,,0.6952925507276329,2,0
,,,,,0.9238281004476242,2,0
,,,,,0.776420968093938,2,1
,,,,,0.4201324860411838,2,0
,,,,,0.550951444606725,2,1
,,,,,0.9821226987079638,2,0
,,,,,0.4487609458626121,2,1
,,,,,0.7805235013319773,2,0
,,,,,0.4318237553876854,2,1
,,,,,0.6489587348361557,2,1
,,,,,0.1982076193501562,2,0
,,,,,0.5273097164073545,2,0
,,,,,0.4638116753670142,2,1
,,,,,0.5526022194166935,2,0
,,,,,0.5007603901103224,2,1
,,,,,0.2047990879144465,2,0
,,,,,0.4792495626447298,2,0
,,,,,0.6821678422446718,2,1
,,,,,0.4113093916060428,2,0
,,,,,0.7158945951739404,2,1
,,,,,0.2765477651640819,2,0
,,,,,0.6770830404821051,2,0
,,,,,0.3815589741237643,2,0
,,,,,0.4818890382018969,2,1
,,,,,0.5168557954777802,2,0
,,,,,0.9144959061416073,2,1
,,,,,0.6000188959996284,2,1
,,,,,0.8302302484165228,2,0
,,,,,0.4491273158629212,2,1
,,,,,0.6242837588799232,2,0
,,,,,0.512188505361227,2,1
,,,,,0.1755860490478601,2,1
,,,,,0.7079001674650846,2,0
,,,,,0.6632026623774687,2,1
,,,,,0.759446559182531,2,0
,,,,,0.270447411504494,2,0
,,,,,0.8671278756539413,2,0
,,,,,0.7749216596683143,2,0
,,,,,0.8291440181148366,2,0
,,,,,0.7121354747447523,2,0
,,,,,1.11636130913454,2,1
,,,,,0.7892752776446955,2,0
,,,,,0.6991703700212586,2,0
,,,,,0.3327948636720016,2,0
,,,,,0.6160776423521432,2,0
,,,,,0.4446353106397065,2,1
,,,,,0.5878765887678624,2,1
,,,,,0.6281826385243493,2,0
,,,,,0.7953116751892084,2,1
,,,,,0.2893951633778862,2,1
,,,,,0.94746646730038,2,1
,,,,,0.3581659602861599,2,0
,,,,,0.8826844723540899,2,1
,,,,,0.6863976936112822,2,1
,,,,,0.4934777394908124,2,0
,,,,,0.8034774733857863,2,0
,,,,,0.7372681911901958,2,0
,,,,,0.6408106451338239,2,0
,,,,,0.2718083495091936,2,1
,,,,,0.7120527252585604,2,1
,,,,,0.6282635060854042,2,1
,,,,,0.4193744406332224,2,1
,,,,,0.4500596212823976,2,1
,,,,,0.6420589092437136,2,0
,,,,,0.1000762591105438,2,1
,,,,,0.5470706731918503,2,0
,,,,,0.8691353405242259,2,0
,,,,,0.8939606955492022,2,0
,,,,,0.8114244459021164,2,0
,,,,,0.2929269978392836,2,1
,,,,,0.2985007011423558,2,1
,,,,,0.5342527074118486,2,0
,,,,,0.7702131032106471,2,0
,,,,,0.7974133466946419,2,1
,,,,,0.4137514339177829,2,1
,,,,,0.9355120241735208,2,1
,,,,,0.7352288205067002,2,1
,,,,,0.5326277277872227,2,1
,,,,,0.2025877660955465,2,0
,,,,,0.4784854721865298,2,1
,,,,,0.4599545522700574,2,1
,,,,,0.510046820822372,2,0
,,,,,0.3405421224379945,2,1
,,,,,0.4418372429219184,2,0
,,,,,0.219531747234478,2,0
,,,,,0.5476641786386381,2,1
,,,,,0.2730800809681133,2,1
,,,,,0.6150143881024714,2,0
,,,,,0.26769399103339,2,1
,,,,,0.1734752828926831,2,0
,,,,,0.2406114215860493,2,1
,,,,,0.6500669858066161,2,1
,,,,,0.391563068670489,2,0
,,,,,0.809903908187143,2,0
,,,,,0.7264791644973292,2,0
,,,,,0.5145739683742716,2,0
,,,,,0.3300707945281111,2,1
,,,,,0.6645657445988586,2,0
,,,,,0.1922517897561461,2,1
,,,,,0.948558992949225,2,0
,,,,,0.9477303215836508,2,1
,,,,,0.6366939072168654,2,0
,,,,,0.7436714911120356,2,0
,,,,,0.5780778259574433,2,0
,,,,,0.4913702730836234,2,1
,,,,,0.3726575054132254,2,1
,,,,,0.2409343750741951,2,1
,,,,,0.968093339110054,2,0
,,,,,0.4531829326614459,2,1
,,,,,0.6882331267359937,2,1
,,,,,0.6212078993305512,2,0
,,,,,1.0369850347332377,2,1
,,,,,0.9489814396395104,2,0
,,,,,0.4046280551843369,2,1
,,,,,0.1100003937872513,2,1
,,,,,0.3013755846321243,2,0
,,,,,0.2012183507745414,2,1
,,,,,0.7215330148272009,2,0
,,,,,0.6542803078958356,2,1
,,,,,0.7907231408286488,2,0
,,,,,0.4694021245608081,2,0
,,,,,0.3659494709300041,2,0
,,,,,0.1976170734298955,2,1
,,,,,0.6896417977518288,2,1
,,,,,0.5233679429061265,2,0
,,,,,0.2211660781601679,2,1
,,,,,0.6135881290604884,2,0
,,,,,0.2698446146178657,2,1
,,,,,0.7093459795696754,2,0
,,,,,0.3887391311273097,2,1
,,,,,0.5419464255698538,2,0
,,,,,0.247038186008458,2,0
,,,,,0.9665021412019712,2,1
,,,,,0.2437687227830563,2,0
,,,,,0.0649366333263932,2,1
,,,,,0.5081524147982259,2,0
,,,,,0.8970789785116069,2,0
,,,,,0.6208495573971518,2,1
,,,,,0.3113144902433487,2,1
,,,,,0.5430807041235867,2,1
,,,,,0.4698622008180798,2,0
,,,,,0.8690016060500199,2,1
,,,,,0.4630014479095566,2,1
,,,,,0.7940018243344865,2,1
,,,,,0.3782470652702813,2,1
,,,,,0.2717074264636894,2,1
,,,,,0.9589841584623834,2,0
,,,,,0.816269806088023,2,1
,,,,,0.6300045320695192,2,1
,,,,,0.6522446589028146,2,0
,,,,,0.0482886957749044,2,1
,,,,,1.0115707317772653,2,0
,,,,,0.5604049266856331,2,1
,,,,,0.4084677273341442,2,0
,,,,,0.9474790474706072,2,1
,,,,,0.5993398338638382,2,1
,,,,,0.2762151492417465,2,1
,,,,,0.2624938751660657,2,1
,,,,,0.6048764162660697,2,0
,,,,,0.398032283798199,2,1
,,,,,0.4691846804901172,2,0
,,,,,0.2778279447595289,2,1
,,,,,0.4173512244495321,2,1
,,,,,0.7810744732747374,2,0
,,,,,0.7055727070994848,2,0
,,,,,0.7945869045495533,2,0
,,,,,1.0301770960792471,2,0
,,,,,0.4616132986108139,2,1
,,,,,0.2244236089773328,2,1
,,,,,0.361961961123565,2,1
,,,,,0.8261479007365333,2,0
,,,,,0.9225803231799332,2,1
,,,,,0.3063746336801187,2,1
,,,,,0.3023524623755442,2,1
,,,,,0.4279260365737785,2,1
,,,,,0.0318925581906141,2,1
,,,,,1.0571968452075102,2,1
,,,,,0.952741929904728,2,1
,,,,,0.2127851222047693,2,1
,,,,,0.8701001406367882,2,0
,,,,,0.7063725147840872,2,0
,,,,,0.5248665886927936,2,0
,,,,,0.1667329548231664,2,1
,,,,,0.4992836975459727,2,1
,,,,,0.7657912848884706,2,0
,,,,,0.8599395879330936,2,0
,,,,,0.4205240522128075,2,1
,,,,,0.3000463891630023,2,0
,,,,,0.2299191875253242,2,1
,,,,,0.7274134065600434,2,1
,,,,,0.6608359674805322,2,0
,,,,,0.6015822522014944,2,1
,,,,,0.4747277199851141,2,0
,,,,,0.5058072547328618,2,1
,,,,,0.7157750774760688,2,1
,,,,,0.6809364821624471,2,0
,,,,,0.5281628334108383,2,0
,,,,,0.3055305101582395,2,0
,,,,,0.8440931735757511,2,1
,,,,,0.9119464252909122,2,0
,,,,,0.7938658012843435,2,0
,,,,,0.5969802451546826,2,0
,,,,,0.9000092533459798,2,0
,,,,,0.7398206572818871,2,0
,,,,,0.384123989385759,2,0
,,,,,0.8317486455027213,2,1
,,,,,0.1938200488018492,2,0
,,,,,0.7794559355247305,2,0
,,,,,0.7751352731936023,2,1
,,,,,0.2383891785910109,2,1
,,,,,0.4203710821669756,2,0
,,,,,0.7533072615581898,2,1
,,,,,0.4225187647943363,2,1
,,,,,0.4323343977725595,2,0
,,,,,0.5850293520757336,2,1
,,,,,0.2465084859543009,2,1
,,,,,0.6384109641700754,2,0
,,,,,0.7147393433916388,2,0
,,,,,0.4836219822355513,2,1
,,,,,0.4213878353509482,2,1
,,,,,0.2741612926295016,2,1
,,,,,0.7624420161394571,2,0
,,,,,0.7324022667978402,2,0
,,,,,0.7244162579321067,2,1
,,,,,0.9046190696763644,2,0
,,,,,0.6061715708489505,2,0
,,,,,0.238575487197973,2,0
,,,,,0.6422104748022084,2,1
,,,,,0.8070071102012725,2,1
,,,,,0.713974260147126,2,1
,,,,,0.7985491390076579,2,0
,,,,,0.7477415004234313,2,0
,,,,,0.455644030581741,2,0
,,,,,0.3586707152838452,2,1
,,,,,0.3285022700770024,2,1
,,,,,0.319165979767488,2,1
,,,,,0.4203998514755639,2,1
,,,,,0.360078106989717,2,1
,,,,,0.4121417343774687,2,0
,,,,,0.3260263824990465,2,1
,,,,,0.6938422274616881,2,0
,,,,,0.5590541240448546,2,1
,,,,,0.5181834722943872,2,0
,,,,,0.6174090165281745,2,0
,,,,,0.5818016481128612,2,1
,,,,,1.1327508179720929,2,0
,,,,,0.8009366293071665,2,1
,,,,,0.4990238726737185,2,1
,,,,,0.6947768035684293,2,1
,,,,,0.8482152053687675,2,1
,,,,,0.5747249119639445,2,0
,,,,,0.4032786332749661,2,0
,,,,,0.9392381832295866,2,0
,,,,,0.8674590652721818,2,0
,,,,,0.6664648917279294,2,1
,,,,,0.5830824274343888,2,1
,,,,,0.6595981991279976,2,1
,,,,,0.7002841382032343,2,0
,,,,,0.7839655118322556,2,1
,,,,,0.4831308925208905,2,0
,,,,,0.6185582354070286,2,1
,,,,,0.2696374462516624,2,1
,,,,,0.9685472100705078,2,1
,,,,,0.3925232315500246,2,1
,,,,,0.5135644829123858,2,1
,,,,,0.2450226141045729,2,1
,,,,,0.5045914633512063,2,0
,,,,,0.758213189295876,2,0
,,,,,0.648623520789694,2,1
,,,,,0.6601914109789295,2,0
,,,,,0.9466809164367946,2,0
,,,,,0.6026745225659836,2,0
,,,,,0.3579750998389283,2,1
,,,,,0.4495934836404582,2,1
,,,,,0.8240460943531255,2,0
,,,,,0.3877651748824013,2,0
,,,,,0.7943977732565065,2,1
,,,,,0.7366940743739274,2,1
,,,,,0.8609280085810808,2,0
,,,,,0.7987797348418134,2,1
,,,,,0.1980870669925937,2,1
,,,,,0.7740846208109854,2,0
,,,,,0.8144193577387951,2,1
,,,,,0.706751976165105,2,0
,,,,,0.3954888219888804,2,1
,,,,,0.6262792634931188,2,0
,,,,,0.5878197744400359,2,0
,,,,,0.2522837288210802,2,0
,,,,,0.8687540410038689,2,0
,,,,,0.6791531884663875,2,0
,,,,,0.6952097005989899,2,1
,,,,,0.5207140684165672,2,1
,,,,,0.7127817502305971,2,0
,,,,,0.8008758610520373,2,1
,,,,,0.6491037861131982,2,0
,,,,,0.7832963558101373,2,0
,,,,,0.8291761935741012,2,1
,,,,,0.8765212465867707,2,1
,,,,,0.7266945013587145,2,0
,,,,,0.5084655639765282,2,1
,,,,,0.4994063034800491,2,1
,,,,,0.6412813950159951,2,1
,,,,,0.5957670658925514,2,1
,,,,,0.3203475074002743,2,1
,,,,,0.4961980921484686,2,1
,,,,,0.5803781506388689,2,0
,,,,,0.8992429664366394,2,0
,,,,,0.6056964187258743,2,0
,,,,,0.4420970981622997,2,0
,,,,,0.6393908930123556,2,0
,,,,,0.1165087113493366,2,0
,,,,,1.06780278811892,2,0
,,,,,0.9264546557511588,2,1
,,,,,0.6189775971153094,2,0
,,,,,0.6576623172083558,2,1
,,,,,0.4460525953618475,2,0
,,,,,0.2682595181798338,2,0
,,,,,0.493347371518566,2,1
,,,,,0.3813021284554144,2,0
,,,,,0.4612076912959224,2,0
,,,,,0.3187403224759147,2,1
,,,,,0.7811027380334451,2,0
,,,,,0.9262199236188204,2,0
,,,,,0.6391544871895842,2,0
,,,,,0.311231839025883,2,1
,,,,,0.5294444972390288,2,1
,,,,,0.4429150054456634,2,1
,,,,,0.9170998149315716,2,1
,,,,,0.6004081796006604,2,0
,,,,,0.5076168022720929,2,0
,,,,,0.3298448366417925,2,1
,,,,,0.2603925817848893,2,1
,,,,,0.2798920001628701,2,1
,,,,,0.4310047584900947,2,0
,,,,,0.7182178695011375,2,0
,,,,,0.8608602430839032,2,0
,,,,,0.5851369693072448,2,1
,,,,,0.6548132886152468,2,1
,,,,,0.1606800091976384,2,1
,,,,,0.7241750660837896,2,1
,,,,,0.456924706580301,2,0
,,,,,0.4143926405329388,2,0
,,,,,0.5024673704993257,2,1
,,,,,0.5190293186528548,2,1
,,,,,0.5437361585026255,2,0
,,,,,0.3426368229898389,2,1
,,,,,0.7196109338679733,2,1
,,,,,0.5200213276754855,2,1
,,,,,0.6088447674875873,2,1
,,,,,0.6316100565594766,2,1
,,,,,0.1522196815208559,2,0
,,,,,0.6678149269035274,2,1
,,,,,0.1520350913508607,2,1
,,,,,0.4219140036371808,2,0
,,,,,0.3961130378758296,2,1
,,,,,0.3962394204613427,2,1
,,,,,0.6671374384975415,2,0
,,,,,0.3784731290631045,2,1
,,,,,0.8582936788580147,2,1
,,,,,0.5363421731812708,2,1
,,,,,0.4353450235359336,2,1
,,,,,0.4807859108529728,2,1
,,,,,0.4614049835510512,2,0
,,,,,0.6384492219362272,2,0
,,,,,0.8236792883658336,2,1
,,,,,0.1335551415459367,2,1
,,,,,0.7256217003535403,2,1
,,,,,0.8788474097872416,2,0
,,,,,0.2420922580557918,2,1
,,,,,0.755363314755677,2,1
,,,,,0.3621043388291624,2,0
,,,,,0.4994714522868399,2,0
,,,,,0.3169891919213524,2,1
,,,,,0.3873773018685751,2,0
,,,,,0.4704886162919977,2,1
,,,,,0.7095651775781865,2,0
,,,,,0.2820586496094324,2,1
,,,,,0.8234201568587323,2,1
,,,,,0.3179452201565341,2,1
,,,,,0.4704217446694804,2,1
,,,,,0.9722415039259475,2,0
,,,,,0.3916729370626579,2,1
,,,,,0.6639287832148744,2,1
,,,,,0.123898112161562,2,1
,,,,,0.2190062409563195,2,1
,,,,,0.7185082390036435,2,0
,,,,,1.0664908511222286,2,1
,,,,,0.5506528500742226,2,0
,,,,,0.6428315362326164,2,0
,,,,,0.587877859551026,2,1
,,,,,0.4743547358889619,2,0
,,,,,0.1852144222841784,2,0
,,,,,0.4075226647360015,2,0
,,,,,0.5221989516838614,2,1
,,,,,0.448099587677989,2,0
,,,,,0.2460837812766315,2,1
,,,,,0.7533645884381069,2,0
,,,,,0.1844277893776783,2,1
,,,,,0.6795684534971181,2,1
,,,,,0.8831593218150755,2,0
,,,,,0.6249846357507107,2,0
,,,,,0.7413932191589029,2,0
,,,,,0.6714562923816613,2,0
,,,,,0.6348463475214848,2,0
,,,,,0.7082029708518136,2,0
,,,,,0.8012716437085591,2,0
,,,,,0.8288795929238082,2,1
,,,,,0.8368344860911884,2,0
,,,,,0.422489092766649,2,0
,,,,,0.475126205037134,2,1
,,,,,0.6669761890300077,2,0
,,,,,0.424403245039253,2,0
,,,,,0.976907591526589,2,1
,,,,,0.5339820704215748,2,0
,,,,,1.02847430441438,2,0
,,,,,0.6489716084737147,2,1
,,,,,0.8494730925100943,2,1
,,,,,0.4292000931297178,2,0
,,,,,0.521043907075599,2,1
,,,,,0.4052921412805745,2,1
,,,,,0.545943327461083,2,0
,,,,,0.6542609929740028,2,1
,,,,,0.7530699682030739,2,0
,,,,,0.7775289662011197,2,1
,,,,,1.0720709312106058,2,0
,,,,,0.590952003246184,2,0
,,,,,0.7601335945344744,2,0
,,,,,0.720558479237367,2,0
,,,,,0.8377028620809641,2,1
,,,,,0.8091752990686202,2,1
,,,,,0.5004554302521887,2,0
,,,,,0.779709649802271,2,1
,,,,,0.8484351977165773,2,0
,,,,,0.2367130605683057,2,1
,,,,,0.7291702810497396,2,0
,,,,,0.8970284565123972,2,0
,,,,,0.4583026732201003,2,1
,,,,,0.3344188205287434,2,1
,,,,,0.2051591098340799,2,1
,,,,,0.7963433103356445,2,0
,,,,,0.6498175273871195,2,1
,,,,,0.5620365015053906,2,1
,,,,,0.4814681064926444,2,1
,,,,,0.6614272003701563,2,0
,,,,,0.4919222676063793,2,1
,,,,,0.2705797153119609,2,0
,,,,,0.2906481273334579,2,1
,,,,,0.3648854129013092,2,1
,,,,,0.7275019191347869,2,1
,,,,,0.745313279662769,2,0
,,,,,0.4893118022782573,2,1
,,,,,0.7217037651452242,2,0
,,,,,0.581308988747812,2,0
,,,,,0.8327798673023196,2,1
,,,,,0.6457380307368215,2,0
,,,,,0.4073743593762707,2,0
,,,,,0.4372371720022771,2,1
,,,,,0.5809730449059348,2,1
,,,,,0.8610974059029263,2,0
,,,,,0.079792431112868,2,0
,,,,,0.2527726729681074,2,1
,,,,,0.7475588517076117,2,1
,,,,,0.388016305693387,2,1
,,,,,0.5171403358662885,2,0
,,,,,0.6026787211408023,2,0
,,,,,0.7788950162567726,2,0
,,,,,0.4620050797587297,2,1
,,,,,0.4201788051557775,2,0
,,,,,0.2887808332592067,2,1
,,,,,0.439825117632457,2,0
,,,,,0.5843972771448267,2,1
,,,,,0.6621494662322729,2,0
,,,,,0.1260524509766551,2,1
,,,,,0.1414114507980298,2,1
,,,,,0.4821968462130916,2,1
,,,,,0.7001413113616893,2,0
,,,,,0.9010833138193304,2,0
,,,,,0.5961723654099098,2,1
,,,,,0.2612231335345312,2,1
,,,,,0.4497415093514199,2,0
,,,,,0.4295574884662143,2,1
,,,,,0.6620716123406305,2,0
,,,,,0.5879032321768511,2,1
,,,,,0.4278829581698776,2,0
,,,,,0.2073945154404509,2,1
,,,,,0.1830326712718003,2,1
,,,,,0.5934704577818122,2,1
,,,,,0.8897044252416744,2,0
,,,,,0.6834582521424799,2,1
,,,,,1.0412944819324754,2,0
,,,,,0.6652380125863226,2,0
,,,,,0.5142786506456295,2,0
,,,,,0.6739028928495856,2,0
,,,,,0.2367533610490427,2,0
,,,,,0.9716061926846792,2,1
,,,,,0.9653678716825134,2,0
,,,,,0.5004421996771496,2,1
,,,,,0.7753433429514086,2,0
,,,,,0.5719673173991746,2,0
,,,,,0.293924313330586,2,1
,,,,,0.7888646822223366,2,0
,,,,,0.3402661219750451,2,0
,,,,,0.4639901354219545,2,0
,,,,,0.4119036054175287,2,1
,,,,,0.7017217282674781,2,1
,,,,,0.7102011539559897,2,1
,,,,,0.5512423504842694,2,1
,,,,,0.9823197015255488,2,1
,,,,,1.0425979793211295,2,1
,,,,,0.7130289627860658,2,0
,,,,,0.9215149628660332,2,1
,,,,,0.7780932527862882,2,0
,,,,,0.2304176363645056,2,1
,,,,,0.4698070838025187,2,1
,,,,,0.3741918944159998,2,0
,,,,,0.7860208879961018,2,0
,,,,,0.9487510497883056,2,0
,,,,,0.6126474021731594,2,0
,,,,,0.9723485307550797,2,0
,,,,,0.8053398390476817,2,0
,,,,,0.8724803170966834,2,0
,,,,,0.5854357229581538,2,1
,,,,,0.2357057448716318,2,0
,,,,,0.4161183175173526,2,0
,,,,,0.2186164784594895,2,1
,,,,,0.7143491323959094,2,1
,,,,,0.2829774070691337,2,0
,,,,,1.0432385831713908,2,0
,,,,,0.3701064808687294,2,1
,,,,,0.7003784160992562,2,0
,,,,,0.5355215616368727,2,1
,,,,,0.1693145363950725,2,0
,,,,,0.6076900012205508,2,0
,,,,,0.5732474293799334,2,1
,,,,,0.4324970321710103,2,0
,,,,,0.2068369792307071,2,1
,,,,,0.7122080191577885,2,0
,,,,,0.3826735894451814,2,1
,,,,,0.6554796573825309,2,0
,,,,,0.2850144608535536,2,1
,,,,,1.03057425532356,2,0
,,,,,0.3938567553589384,2,0
,,,,,0.776931896796728,2,0
,,,,,0.6970006867439194,2,0
,,,,,0.6928349759662353,2,0
,,,,,0.5746612824543545,2,0
,,,,,0.6116152423948624,2,0
,,,,,0.3889669567533728,2,0
,,,,,0.4328583322505312,2,1
,,,,,0.7064633652901718,2,0
,,,,,0.8260378674453449,2,1
,,,,,0.5712955034589857,2,1
,,,,,0.6490525696469588,2,1
,,,,,0.665570151983023,2,1
,,,,,0.2688522255307742,2,1
,,,,,0.8151044624676282,2,0
,,,,,0.3008708738558755,2,0
,,,,,0.2678797294676445,2,1
,,,,,0.3551822458099443,2,0
,,,,,0.9432914461440366,2,0
,,,,,0.8226107890916098,2,0
,,,,,0.5618474793588675,2,0
,,,,,0.9508773899097076,2,1
,,,,,0.7372163790594907,2,1
,,,,,0.198503763799129,2,1
,,,,,1.0380714219544322,2,1
,,,,,0.536372964428672,2,0
,,,,,0.907408836924317,2,0
,,,,,0.6558522100967712,2,1
,,,,,0.7814973841559271,2,1
,,,,,0.2889067766372573,2,1
,,,,,0.3284164307095119,2,0
,,,,,0.5560701115149902,2,0
,,,,,0.8751222735057095,2,0
,,,,,0.4920440744902516,2,1
,,,,,0.734172358966452,2,1
,,,,,0.7341921993274341,2,0
,,,,,0.1310030416228278,2,1
,,,,,0.3367999812059403,2,1
,,,,,0.4609066745810604,2,0
,,,,,0.3654767221319588,2,1
,,,,,0.5260481126501897,2,1
,,,,,0.7653992520057946,2,1
,,,,,0.386865926941154,2,1
,,,,,0.7979926641251481,2,1
,,,,,0.6045264197037405,2,0
,,,,,0.5595073699028209,2,1
,,,,,0.531903274908431,2,0
,,,,,0.4225674890185059,2,0
,,,,,0.903992424774352,2,0
,,,,,0.5402933057502528,2,0
,,,,,0.8309906113734288,2,0
,,,,,0.2963335501852916,2,1
,,,,,0.9161298836276294,2,0
,,,,,0.3583845841010613,2,0
,,,,,0.6889598940231977,2,1
,,,,,0.8632184704905776,2,0
,,,,,0.6162235988680995,2,1
,,,,,0.4839661094598377,2,0
,,,,,0.1744932617575913,2,1
,,,,,0.3339830095118852,2,1
,,,,,0.4147562217939751,2,0
,,,,,0.3860136220152946,2,1
,,,,,0.8558983415652297,2,0
,,,,,0.6339649085783079,2,0
,,,,,0.8346808205771491,2,0
,,,,,0.9068733648396676,2,0
,,,,,0.4943612620193743,2,0
,,,,,0.6176127453277245,2,1
,,,,,0.0979443039864673,2,1
,,,,,0.6370911337604136,2,1
,,,,,0.7087025788984195,2,0
,,,,,0.4482722419297302,2,0
,,,,,0.2763225999382085,2,0
,,,,,0.5276044390450656,2,1
,,,,,0.9293957611774726,2,0
,,,,,0.7971077326784366,2,1
,,,,,0.263542862551662,2,0
,,,,,0.4166124761737795,2,1
,,,,,0.197701622587628,2,1
,,,,,0.3620992118222492,2,0
,,,,,0.7709799150767405,2,0
,,,,,0.4216224128093188,2,0
,,,,,0.6501844917612396,2,0
,,,,,0.7012548868491546,2,0
,,,,,0.955735360128511,2,0
,,,,,0.1966918731215783,2,1
,,,,,0.4968355411233505,2,1
,,,,,0.6501608963435055,2,0
,,,,,0.7460600254140638,2,0
,,,,,0.7852919925890777,2,1
,,,,,0.414360412771903,2,0
,,,,,0.4347921230269553,2,0
,,,,,0.6972247855127329,2,1
,,,,,0.7910310532443487,2,0
,,,,,1.002980841372085,2,0
,,,,,0.412817995611062,2,1
,,,,,0.9989871060261022,2,1
,,,,,0.4805419485549346,2,1
,,,,,0.7710516876390112,2,0
,,,,,0.419970858065998,2,0
,,,,,0.3244145141963551,2,1
,,,,,0.3389164858457206,2,1
,,,,,0.3357033978399248,2,1
,,,,,0.5339698268469367,2,1
,,,,,0.5849940263666976,2,0
,,,,,0.1135102491747429,2,0
,,,,,0.504144973647918,2,0
,,,,,0.5129268409778489,2,0
,,,,,0.5814048196761618,2,0
,,,,,0.6032199093395878,2,0
,,,,,0.7067642672173189,2,1
,,,,,0.3679319885852803,2,1
,,,,,0.3030513079153531,2,1
,,,,,0.5616961878601862,2,1
,,,,,0.2669572381190864,2,1
,,,,,0.6597164053473185,2,0
,,,,,0.2823861755345225,2,1
,,,,,0.410275852034862,2,1
,,,,,0.425192750274412,2,0
,,,,,0.5629095910766537,2,1
,,,,,0.6994469452235924,2,1
,,,,,0.5453103767140848,2,0
,,,,,0.7084964892992955,2,0
,,,,,0.0978359887014374,2,1
,,,,,0.7394281105792269,2,0
,,,,,0.5225022238874771,2,1
,,,,,0.6080883911057291,2,0
,,,,,0.7552534729308217,2,1
,,,,,0.4590202311685494,2,1
,,,,,0.730001620595442,2,1
,,,,,0.491359301022008,2,1
,,,,,0.4207847423205323,2,1
,,,,,0.8664858580344716,2,1
,,,,,0.7709053170544587,2,1
,,,,,0.9109422306007608,2,0
,,,,,0.7001070786941762,2,0
,,,,,0.1918100028826629,2,1
,,,,,0.7072048869808898,2,0
,,,,,0.7629155167642644,2,0
,,,,,0.2512044666610618,2,0
,,,,,0.4550762019715758,2,1
,,,,,0.5351317029172018,2,0
,,,,,0.5323933284068789,2,1
,,,,,0.2397627047169997,2,0
,,,,,0.7188114107980026,2,1
,,,,,0.2932390106498234,2,1
,,,,,0.7282394564790697,2,0
,,,,,0.6263351613927886,2,1
,,,,,0.8455468470126675,2,1
,,,,,0.471954758515222,2,1
,,,,,0.6158125438908603,2,1
,,,,,0.6637106434051614,2,1
,,,,,0.4600281714086609,2,1
,,,,,0.7525152928982503,2,0
,,,,,0.7156011079193111,2,0
,,,,,0.1529860852107579,2,1
,,,,,0.6618671114365469,2,1
,,,,,0.8374027409619,2,0
,,,,,0.5730394038112356,2,1
,,,,,0.4959050363655257,2,1
,,,,,0.5987718009910612,2,0
,,,,,0.3137415508144801,2,1
,,,,,0.9092093391183508,2,0
,,,,,0.5485081186762925,2,1
,,,,,0.521380148729131,2,1
,,,,,0.9957278080996238,2,0
,,,,,0.6804338712418101,2,0
,,,,,0.7555621046981006,2,0
,,,,,0.3505651555263991,2,0
,,,,,0.6749370758746225,2,1
,,,,,0.231195039030995,2,1
,,,,,0.6452093901188791,2,0
,,,,,0.5913513677102822,2,0
,,,,,0.6747961563720928,2,0
,,,,,0.6854249532115023,2,0
,,,,,0.706044084474683,2,1
,,,,,0.5372328056492457,2,0
,,,,,0.6662072306590577,2,1
,,,,,0.5717453638457586,2,1
,,,,,0.7124557613877696,2,0
,,,,,0.3685903723283389,2,0
,,,,,0.7898264521132354,2,1
,,,,,0.8092115828422209,2,1
,,,,,0.9326691609728412,2,1
,,,,,0.5124313211337945,2,0
,,,,,0.3133859085023963,2,1
,,,,,0.4619165759130723,2,1
,,,,,0.324806730378349,2,1
,,,,,0.2325963970819509,2,1
,,,,,0.2377314864595898,2,0
,,,,,1.0736642527002838,2,0
,,,,,0.6946546591034224,2,1
,,,,,0.6409907610788638,2,1
,,,,,0.6298382144083816,2,0
,,,,,0.234668333022416,2,1
,,,,,0.6600410966575592,2,1
,,,,,0.8558901238957228,2,0
,,,,,0.8467593219779411,2,1
,,,,,0.3489894114180326,2,1
,,,,,0.7394318739769554,2,1
,,,,,0.8410383168405695,2,0
,,,,,1.024793978929753,2,1
,,,,,0.6294248254361783,2,1
,,,,,0.8629462112652915,2,0
,,,,,0.5147780591418536,2,1
,,,,,0.5386344844304889,2,1
,,,,,0.3806417695641655,2,1
,,,,,0.3012378948105659,2,1
,,,,,0.6849227197149403,2,0
,,,,,0.8813344317262461,2,0
,,,,,0.6602662968146631,2,1
,,,,,0.3507220181597184,2,1
,,,,,0.4953500045765976,2,0
,,,,,0.3117828776311657,2,1
,,,,,0.6021565108185576,2,1
,,,,,0.6614492850030705,2,0
,,,,,0.6787681861420803,2,1
,,,,,0.4117208939381445,2,0
,,,,,0.303137514393872,2,0
,,,,,0.12024790283516,2,1
,,,,,0.549869183916118,2,0
,,,,,0.6566300673663655,2,0
,,,,,0.6094732084447531,2,1
,,,,,0.3093860265223749,2,1
,,,,,0.4476498021379197,2,0
,,,,,0.8281075365446041,2,0
,,,,,0.2921068893108898,2,0
,,,,,0.4931329684468963,2,0
,,,,,0.3341777747993344,2,1
,,,,,0.6357571840904531,2,0
,,,,,0.8511468085137417,2,1
,,,,,0.7371355397992505,2,1
,,,,,0.2405006714820706,2,1
,,,,,0.8856144003034213,2,0
,,,,,0.4762402283211929,2,1
,,,,,0.3304041498969316,2,1
,,,,,0.4091581327801936,2,1
,,,,,0.8758868409715304,2,1
,,,,,0.4838364424948508,2,0
,,,,,0.4598042997866853,2,1
,,,,,0.7214315037479864,2,0
,,,,,0.8029004545140047,2,0
,,,,,0.7121641137782639,2,0
,,,,,0.5662165291079464,2,1
,,,,,0.3732528513214726,2,1
,,,,,0.4516951455571106,2,0
,,,,,0.7491307632535398,2,0
,,,,,0.2193428759666753,2,0
,,,,,0.3527525963302482,2,1
,,,,,0.5223421382288342,2,1
,,,,,0.6150212848135903,2,0
,,,,,0.2579516306139913,2,1
,,,,,0.3015823321631623,2,1
,,,,,0.4189365257610379,2,0
,,,,,0.4386358391793417,2,0
,,,,,0.5546553081096302,2,1
,,,,,0.4000254542300288,2,0
,,,,,0.5300439063036023,2,1
,,,,,0.7054324509987329,2,0
,,,,,0.4551354770622078,2,1
,,,,,0.1417789576871589,2,0
,,,,,0.5006739130806115,2,0
,,,,,0.6141192000488205,2,0
,,,,,0.9739935286539684,2,1
,,,,,0.6768348634418703,2,0
,,,,,0.573856199429252,2,0
,,,,,0.6745886014204294,2,0
,,,,,0.6856623018469882,2,0
,,,,,0.4049153084099328,2,1
,,,,,0.4826420383636479,2,1
,,,,,0.5853600064804707,2,0
,,,,,0.3765125562483383,2,0
,,,,,0.5303367699659554,2,0
,,,,,0.5520431710758095,2,1
,,,,,0.946607294135674,2,1
,,,,,0.2296088204156237,2,1
,,,,,0.4717556190783054,2,1
,,,,,0.7071937063086098,2,0
,,,,,0.6691963582774142,2,1
,,,,,0.4356633203875192,2,1
,,,,,0.729655058650534,2,0
,,,,,0.5321737199697457,2,1
,,,,,0.9053833106341972,2,1
,,,,,0.3671719813240153,2,1
,,,,,0.4049935869631358,2,1
,,,,,0.8363787915682513,2,1
,,,,,0.4538669683878004,2,0
,,,,,0.7569451507107388,2,1
,,,,,0.5155335454173383,2,1
,,,,,0.7962845531680606,2,0
,,,,,0.6643547591060568,2,0
,,,,,0.425722131441415,2,1
,,,,,0.7838812198058445,2,1
,,,,,0.3501261521645207,2,0
,,,,,0.1377810230557725,2,1
,,,,,0.9672760396074211,2,1
,,,,,0.1760313066408876,2,1
,,,,,0.7746993033944906,2,0
,,,,,0.6898434569668359,2,1
,,,,,0.902458722645576,2,0
,,,,,0.3921766421879006,2,1
,,,,,0.967913580423113,2,1
,,,,,0.811942962255899,2,0
,,,,,0.9819059249316628,2,1
,,,,,0.4710330352752359,2,0
,,,,,0.9071114921804646,2,0
,,,,,0.2383677580741294,2,1
,,,,,0.9552676143066352,2,0
,,,,,0.8629826772974775,2,0
,,,,,0.4053427329872038,2,1
,,,,,0.4322808420779944,2,1
,,,,,1.0160541431968702,2,0
,,,,,0.7889357865024761,2,1
,,,,,0.6728791782918022,2,0
,,,,,0.932357038424718,2,1
,,,,,0.2658030816047653,2,0
,,,,,0.7336004548493863,2,1
,,,,,0.7745707027322141,2,0
,,,,,0.5741705877974447,2,0
,,,,,0.6089595747347291,2,1
,,,,,0.6794974132954132,2,0
,,,,,0.64829537851914,2,0
,,,,,0.9647537369336936,2,1
,,,,,0.3050113408378285,2,1
,,,,,0.7565135034194478,2,0
,,,,,0.339484859486768,2,0
,,,,,0.6174010729451158,2,1
,,,,,0.7230692284064213,2,0
,,,,,0.6268938875564174,2,0
,,,,,0.3477691440217574,2,1
,,,,,0.2798428941928487,2,1
,,,,,0.3374652382862524,2,1
,,,,,0.6028968354438305,2,1
,,,,,0.7883086110351873,2,1
,,,,,0.4986368479865672,2,0
,,,,,1.0456951230949745,2,0
,,,,,0.542292942947834,2,1
,,,,,0.4553345922734012,2,0
,,,,,0.2808566715485063,2,1
,,,,,0.5843305387068533,2,1
,,,,,0.5113150663960997,2,1
,,,,,0.376393686462668,2,0
,,,,,0.9378841961971208,2,1
,,,,,0.8745098823970998,2,0
,,,,,0.8621755886620438,2,1
,,,,,0.2680413275253011,2,1
,,,,,0.6753896179743726,2,0
,,,,,0.827644628274424,2,0
,,,,,0.178037673323737,2,1
,,,,,0.3761494635035924,2,0
,,,,,0.2970257322662821,2,1
,,,,,0.4906479920099311,2,0
,,,,,0.8867575057565192,2,0
,,,,,0.3151286340426116,2,0
,,,,,0.7165312466973875,2,0
,,,,,0.7426477224150863,2,1
,,,,,0.3842285351325741,2,1
,,,,,0.6285207518310184,2,1
,,,,,0.2182137930880407,2,1
,,,,,1.111486770011504,2,0
,,,,,0.4725492682438936,2,1
,,,,,0.4564250393919024,2,1
,,,,,0.7362029716725943,2,0
,,,,,0.5430884615798055,2,1
,,,,,0.4210834561490775,2,0
,,,,,0.3189366283851536,2,1
,,,,,0.2855071215179864,2,0
,,,,,0.3511016498048755,2,1
,,,,,0.4369164605921908,2,1
,,,,,0.7025899746780276,2,1
,,,,,0.9662693592707576,2,1
,,,,,0.2770858583428024,2,1
,,,,,0.5119733173165139,2,0
,,,,,0.7212831521757063,2,0
,,,,,0.4731230598894835,2,0
,,,,,0.768557418869646,2,0
,,,,,0.5744801606166586,2,1
,,,,,0.6954648055270375,2,1
,,,,,0.3069473610617795,2,1
,,,,,0.6581660368188739,2,0
,,,,,0.6646350733363078,2,1
,,,,,0.3283261110694766,2,0
,,,,,0.2620840913054619,2,1
,,,,,0.4866836606715453,2,1
,,,,,0.6815289918854205,2,1
,,,,,0.2225156771659956,2,0
,,,,,0.6755377057051618,2,0
,,,,,0.5151184712879914,2,1
,,,,,0.2604692221532687,2,1
,,,,,0.7526191495530434,2,1
,,,,,0.2371725544208773,2,1
,,,,,0.5776128225256845,2,0
,,,,,0.4980244480771006,2,1
,,,,,0.3100574135922182,2,1
,,,,,0.4322557717021553,2,0
,,,,,0.5681299850546675,2,1
,,,,,0.4783582440623111,2,1
,,,,,0.5336245016645412,2,0
,,,,,0.7322907157166073,2,1
,,,,,0.6572922672808301,2,1
,,,,,0.4905487078700805,2,1
,,,,,0.6351733400568306,2,1
,,,,,0.8687892743847737,2,0
,,,,,0.3388778377706164,2,1
,,,,,0.3677797517287288,2,1
,,,,,0.3386716467910555,2,0
,,,,,0.4860143491576751,2,1
,,,,,0.5001638740175546,2,0
,,,,,0.3703906720031134,2,1
,,,,,0.6190264527773236,2,1
,,,,,0.5567346715607246,2,1
,,,,,0.7273196981724951,2,1
,,,,,0.1389255203141045,2,1
,,,,,0.5427332861564427,2,1
,,,,,0.1124919903108576,2,1
,,,,,0.5986216624966496,2,0
,,,,,0.4853910127930455,2,1
,,,,,0.6704893623906599,2,1
,,,,,0.5929241237106352,2,0
,,,,,0.6073987535089329,2,1
,,,,,0.8204981518890406,2,1
,,,,,0.8230584488317662,2,0
,,,,,0.5041921184738729,2,1
,,,,,0.4055262941841384,2,1
,,,,,0.5980910696428814,2,1
,,,,,0.6009872825721406,2,0
,,,,,0.6569958562416731,2,0
,,,,,0.2582464055579592,2,0
,,,,,0.7912001095448059,2,1
,,,,,0.4453084529044678,2,0
,,,,,0.74434633585305,2,1
,,,,,0.6383189417244165,2,1
,,,,,0.2261113135346807,2,1
,,,,,1.0509268649313084,2,0
,,,,,0.9109242028963394,2,1
,,,,,0.618408782734636,2,1
,,,,,0.2549717955610379,2,1
,,,,,0.9688634150313218,2,0
,,,,,0.5803423534423023,2,1
,,,,,0.815542760920174,2,0
,,,,,0.3623850887228749,2,1
,,,,,0.6610039851020515,2,1
,,,,,0.2418374657420061,2,1
,,,,,0.5541630465556583,2,1
,,,,,0.4461291244217789,2,1
,,,,,0.6978685304543281,2,1
,,,,,0.7864551706506437,2,1
,,,,,0.3714231541420811,2,1
,,,,,0.3580156968764827,2,0
,,,,,0.3943455338383614,2,0
,,,,,0.7524446222094374,2,0
,,,,,0.6116059430198254,2,0
,,,,,0.7719757428188564,2,1
,,,,,0.6527059505900707,2,1
,,,,,0.3038375994754443,2,1
,,,,,0.8295593442504368,2,0
,,,,,0.2018466345168615,2,1
,,,,,0.467154454889566,2,1
,,,,,0.3706145956301124,2,1
,,,,,0.4424421406948653,2,1
,,,,,0.4599403425320482,2,1
,,,,,0.9949382874596318,2,0
,,,,,0.573166493940561,2,0
,,,,,0.9112621263364684,2,1
,,,,,0.6963807520480718,2,1
,,,,,0.0889139179213208,2,1
,,,,,0.2749582220624418,2,1
,,,,,0.4448374611100971,2,0
,,,,,0.7725325735142052,2,0
,,,,,0.4573762213998841,2,1
,,,,,0.2486573689475694,2,0
,,,,,0.4517017770107341,2,0
,,,,,0.5736458711240644,2,1
,,,,,1.0087700762209946,2,0
,,,,,0.8631273494057572,2,0
,,,,,0.5972625614812098,2,1
,,,,,0.7607446425077806,2,1
,,,,,0.7768337697870507,2,1
,,,,,0.6555726586693582,2,1
,,,,,0.6230107928848791,2,1
,,,,,0.2755880336006541,2,1
,,,,,0.4484468722243346,2,1
,,,,,0.8094541073649059,2,1
,,,,,0.2202022645981618,2,1
,,,,,0.3275214225631203,2,1
,,,,,0.7427139938986609,2,0
,,,,,0.1444978954322495,2,1
,,,,,0.5507615359999004,2,0
,,,,,0.3499475760612768,2,0
,,,,,0.9334800587458936,2,1
,,,,,0.9136210601489309,2,0
,,,,,0.7159796723411196,2,0
,,,,,0.3492626130979824,2,0
,,,,,0.3566156145743931,2,1
,,,,,0.6701357670439833,2,0
,,,,,0.7683132057127943,2,0
,,,,,0.6521755937440972,2,0
,,,,,0.3910185318231983,2,0
,,,,,0.1492526983268711,2,1
,,,,,0.3789415722577454,2,1
,,,,,0.3665991930036808,2,1
,,,,,0.79623226374768,2,1
,,,,,0.2899302997326364,2,1
,,,,,0.4778192788168696,2,0
,,,,,0.8654533827172944,2,0
,,,,,0.2936811798292519,2,1
,,,,,0.4095553914861408,2,1
,,,,,0.2249116878884577,2,1
,,,,,0.8987685633851943,2,0
,,,,,0.8120377465550442,2,0
,,,,,0.6690781514567022,2,1
,,,,,0.5025943706219519,2,1
,,,,,0.1860540516575409,2,1
,,,,,0.3198038583213405,2,0
,,,,,0.4944333799201115,2,1
,,,,,0.5042088249526048,2,1
,,,,,0.3275000860176507,2,0
,,,,,0.3569296240899768,2,0
,,,,,0.8290689629371315,2,1
,,,,,0.4173338232507582,2,1
,,,,,0.7023216836448857,2,0
,,,,,0.1862918008094623,2,0
,,,,,0.8713694894283728,2,0
,,,,,0.6991369776570542,2,0
,,,,,0.8789069434149257,2,0
,,,,,0.3021300044651012,2,1
,,,,,0.6741013882891296,2,0
,,,,,0.2095325617599887,2,0
,,,,,0.4154411899281042,2,1
,,,,,0.4504321509250926,2,1
,,,,,0.5861292057358736,2,1
,,,,,0.7178144271392968,2,0
,,,,,0.599831917037214,2,1
,,,,,0.4490299509173259,2,0
,,,,,0.2127928367201495,2,1
,,,,,0.5942282918470777,2,1
,,,,,0.3040447173421848,2,1
,,,,,0.530111244300644,2,0
,,,,,0.5247767037746317,2,1
,,,,,0.7596541400381356,2,1
,,,,,0.5300936604736441,2,1
,,,,,0.8267937472524095,2,1
,,,,,0.8104797859422747,2,1
,,,,,0.2310963293798028,2,1
,,,,,0.470817457867443,2,0
,,,,,0.5275316988395268,2,1
,,,,,0.76754206738211,2,0
,,,,,0.3227865032188102,2,1
,,,,,0.3787709641662563,2,0
,,,,,0.9601326281076984,2,1
,,,,,0.9206260229503876,2,1
,,,,,0.3770987563270004,2,1
,,,,,0.5256747992415332,2,1
,,,,,0.7275416230225676,2,0
,,,,,0.759533421910052,2,0
,,,,,0.2568755937177203,2,1
,,,,,0.8961133686161628,2,1
,,,,,0.59003528169094,2,0
,,,,,0.9924139205139122,2,0
,,,,,0.5510699235829014,2,1
,,,,,0.8564789663711044,2,0
,,,,,0.3851791381509994,2,1
,,,,,0.5082731968194002,2,1
,,,,,0.627698994411912,2,0
,,,,,0.5715707185839857,2,0
,,,,,0.6744479288261611,2,1
,,,,,0.3662202910273564,2,1
,,,,,0.8213394109611993,2,0
,,,,,0.6359675196119857,2,1
,,,,,0.9461660340546084,2,0
,,,,,0.64695930092427,2,0
,,,,,0.2686516821574842,2,1
,,,,,0.3084834831529037,2,1
,,,,,0.3087880555000847,2,1
,,,,,0.5589024244651535,2,1
,,,,,0.7110246505461022,2,0
,,,,,0.4660439903855863,2,1
,,,,,0.5223243104328544,2,0
,,,,,0.6096556424140921,2,0
,,,,,0.7098013491066862,2,1
,,,,,0.01,2,1
,,,,,0.5985694212079854,2,1
,,,,,0.7859085418072279,2,0
,,,,,0.771991468844157,2,0
,,,,,0.8818121013814946,2,0
,,,,,0.388304287109443,2,0
,,,,,0.7617383016435901,2,0
,,,,,0.28182272321614,2,1
,,,,,0.4190064573829178,2,1
,,,,,0.7989626675004867,2,1
,,,,,0.5520812704824181,2,0
,,,,,0.522690445746605,2,1
,,,,,0.5586197610719398,2,0
,,,,,0.5949830211964438,2,1
,,,,,0.4287745248264939,2,1
,,,,,0.6200251280238152,2,0
,,,,,0.5970741587632452,2,0
,,,,,0.8462859914997856,2,0
,,,,,0.1790518133621534,2,0
,,,,,0.3060360288244018,2,0
,,,,,0.4288078289269978,2,0
,,,,,0.9275508410211656,2,1
,,,,,0.8550627557386656,2,0
,,,,,0.5400867819623465,2,1
,,,,,0.7228106989004387,2,0
,,,,,0.7610528127156909,2,0
,,,,,0.5723798475000915,2,1
,,,,,0.6006029709881948,2,0
,,,,,0.9868427305855888,2,0
,,,,,0.9789180558928086,2,1
,,,,,0.6415858747535735,2,1
,,,,,0.5804758615002358,2,1
,,,,,0.1711207998377273,2,1
,,,,,0.4967313907766787,2,1
,,,,,0.9463890770804017,2,0
,,,,,0.6130560310768676,2,1
,,,,,0.9016563754040016,2,0
,,,,,0.7127035461266125,2,0
,,,,,0.3371515823315668,2,1
,,,,,0.5899497750837871,2,0
,,,,,1.0143718826685388,2,0
,,,,,0.1128558814939371,2,0
,,,,,0.8679030582384479,2,0
,,,,,0.4512169291346167,2,0
,,,,,0.7207142440864787,2,0
,,,,,0.3104655820073062,2,0
,,,,,0.4162093341052523,2,0
,,,,,0.6552436957479466,2,0
,,,,,0.6007458783875138,2,1
,,,,,0.4578636431151102,2,1
,,,,,0.594928718952813,2,1
,,,,,0.5147360534471794,2,0
,,,,,0.667457572006293,2,1
,,,,,0.577487689886335,2,1
,,,,,0.4551818559201435,2,1
,,,,,0.2478061854717819,2,1
,,,,,0.5117730379308765,2,1
,,,,,0.351126980605757,2,1
,,,,,0.8020456742726936,2,1
,,,,,0.5400390109089249,2,1
,,,,,0.659683168827542,2,0
,,,,,0.5536467764702473,2,1
,,,,,0.5547076475041723,2,0
,,,,,0.9582247988553504,2,0
,,,,,0.3116708332763224,2,1
,,,,,0.4559352835951283,2,0
,,,,,0.8137156978211314,2,0
,,,,,0.3051818211404424,2,1
,,,,,0.1748465650178546,2,1
,,,,,0.82278225178649,2,1
,,,,,0.5937599300631996,2,1
,,,,,0.5915035970301413,2,1
,,,,,0.5546364609280114,2,0
,,,,,0.8511105613676109,2,0
,,,,,0.09196810104764,2,1
,,,,,0.7621261759762721,2,0
,,,,,0.5965672627949296,2,0
,,,,,0.6298085594796885,2,1
,,,,,0.6097838321648936,2,1
,,,,,0.8285731163102847,2,0
,,,,,0.2999824737137975,2,1
,,,,,0.2403465132559055,2,1
,,,,,0.6402998252447605,2,0
,,,,,0.7640286517960647,2,0
,,,,,0.4295735928794964,2,0
,,,,,0.2044442965088377,2,1
,,,,,0.4236728184530071,2,1
,,,,,0.9135147506322936,2,0
,,,,,0.6419548174913452,2,0
,,,,,0.8898024667623776,2,0
,,,,,0.7371043792599833,2,0
,,,,,0.3820418707896889,2,1
,,,,,0.4451797715699941,2,1
,,,,,0.6104360943418967,2,0
,,,,,0.5993527838742194,2,1
,,,,,0.4184370511840654,2,1
,,,,,0.2522555480138418,2,1
,,,,,1.0291367022121287,2,1
,,,,,0.8027210825068384,2,1
,,,,,0.2722904294651526,2,1
,,,,,0.6614339491059847,2,0
,,,,,0.7565052130456597,2,0
,,,,,0.9760550772051017,2,1
,,,,,0.4733536298362544,2,1
,,,,,0.6275769104880013,2,1
,,,,,0.5561230971028495,2,1
,,,,,0.8186837520080983,2,1
,,,,,0.6919526412035242,2,1
,,,,,0.4705541922238065,2,0
,,,,,0.5071235262719116,2,0
,,,,,0.6174781279305153,2,1
,,,,,0.6778784454486663,2,0
,,,,,0.4793279617254105,2,1
,,,,,0.7005240755486757,2,0
,,,,,0.3259324250745201,2,0
,,,,,0.5813493992966396,2,0
,,,,,0.6486106431067699,2,1
,,,,,0.7930935154702907,2,0
,,,,,0.9699272357941912,2,0
,,,,,0.741680997980853,2,0
,,,,,0.1868956934501967,2,0
,,,,,0.7873366532053273,2,1
,,,,,0.343959414320616,2,1
,,,,,0.6643490179952802,2,0
,,,,,0.4435073829095408,2,0
,,,,,0.8145045293114703,2,0
,,,,,0.4981459888741273,2,1
,,,,,0.7429773733988421,2,0
,,,,,0.7051144035919912,2,1
,,,,,0.441521982210578,2,0
,,,,,0.5972050823472758,2,1
,,,,,0.3916818881256249,2,0
,,,,,0.8524861324538267,2,0
,,,,,0.591339848586472,2,0
,,,,,0.3128106466508005,2,1
,,,,,0.3931842216126319,2,0
,,,,,0.8864880087998678,2,1
,,,,,0.702400102998297,2,1
,,,,,0.9353545573353828,2,1
,,,,,0.51645233058631,2,0
,,,,,0.5258929613907948,2,0
,,,,,0.5763871634174096,2,1
,,,,,0.9161040201682928,2,1
,,,,,0.8259790281469603,2,1
,,,,,0.3910346713611191,2,1
,,,,,0.4857005068198266,2,1
,,,,,0.5434100522497719,2,0
,,,,,0.6711387544407529,2,1
,,,,,0.3396927746254352,2,0
,,,,,0.4507796606122805,2,0
,,,,,0.8467471089021639,2,1
,,,,,0.4194512048436569,2,0
,,,,,0.1454122048110541,2,1
,,,,,0.5908928304669417,2,1
,,,,,0.5569353232840301,2,0
,,,,,0.5148575990881645,2,1
,,,,,0.328164184136711,2,1
,,,,,0.4193410841569807,2,1
,,,,,0.1847013969163833,2,0
,,,,,0.909342055450687,2,1
,,,,,0.7183651543148873,2,1
,,,,,0.3936758546180764,2,1
,,,,,0.7917999815415241,2,0
,,,,,0.3887114230254817,2,0
,,,,,0.4971206535961635,2,0
,,,,,0.1404035940131431,2,0
,,,,,0.8608875377845571,2,1
,,,,,0.3759950147262927,2,0
,,,,,0.7303264674845982,2,1
,,,,,0.6890769872118762,2,0
,,,,,0.8624931870633195,2,0
,,,,,0.2812724603313159,2,1
,,,,,0.467182542470765,2,0
,,,,,0.3867232192610613,2,0
,,,,,0.305084633103976,2,0
,,,,,0.2952124189352081,2,1
,,,,,0.3291386405908327,2,0
,,,,,0.3656895673703058,2,1
,,,,,0.3670553188234993,2,0
,,,,,0.5106405919403865,2,0
,,,,,0.3080080063158807,2,0
,,,,,0.5716273174146691,2,1
,,,,,0.6774216901431318,2,1
,,,,,0.4751863622191965,2,1
,,,,,0.4144359876495763,2,0
,,,,,0.8676033473443105,2,0
,,,,,0.9574496682568846,2,0
,,,,,0.6703667747974151,2,1
,,,,,0.2732981784812522,2,1
,,,,,0.7475955525111116,2,0
,,,,,0.6406166864151529,2,0
,,,,,0.5075353089245305,2,1
,,,,,0.7430404824665782,2,0
,,,,,0.724867469624422,2,0
,,,,,0.7443067246297406,2,0
,,,,,1.0200729590389648,2,0
,,,,,0.2794963978998512,2,1
,,,,,0.9974963790202804,2,0
,,,,,0.5450990398719152,2,1
,,,,,0.4242688829259229,2,1
,,,,,0.6667872367573375,2,1
,,,,,0.5026046231024192,2,1
,,,,,0.1819326885679592,2,0
,,,,,0.649615822678021,2,1
,,,,,0.5583214071768099,2,0
,,,,,0.9602651933150756,2,0
,,,,,0.5253654508788353,2,0
,,,,,0.7437333283600758,2,0
,,,,,0.5080283970753658,2,1
,,,,,0.7234339729812709,2,0
,,,,,0.5392683130049962,2,0
,,,,,0.5721759386041576,2,0
,,,,,0.4164872094318844,2,0
,,,,,0.8695121943226153,2,0
,,,,,0.3565910997632581,2,1
,,,,,0.5271174950217765,2,1
,,,,,0.8527325438071818,2,0
,,,,,0.7030872959622978,2,1
,,,,,0.3288462810011555,2,1
,,,,,0.3407042367210464,2,0
,,,,,0.5541967691385252,2,1
,,,,,0.4866293529461644,2,0
,,,,,1.0533009371482691,2,0
,,,,,0.531538958944974,2,0
,,,,,0.8289674967318228,2,0
,,,,,0.5416757564829586,2,1
,,,,,0.3746395560025417,2,1
,,,,,0.935165063103445,2,0
,,,,,0.6102502025601771,2,0
,,,,,0.8769612356502668,2,0
,,,,,0.5116171336518971,2,0
,,,,,0.5432374003011665,2,1
,,,,,0.5061151643536487,2,1
,,,,,0.1910597595867622,2,0
,,,,,0.6100672230849201,2,1
,,,,,0.8257543014397506,2,1
,,,,,0.7707987184973252,2,1
,,,,,0.2287129867216252,2,1
,,,,,0.5699469863017547,2,1
,,,,,0.5407500172491267,2,1
,,,,,0.8210470573199008,2,0
,,,,,0.6360822066774665,2,1
,,,,,0.7035349741281159,2,0
,,,,,0.5926433456221943,2,1
,,,,,0.5666362625159752,2,1
,,,,,0.3321072809152131,2,1
,,,,,0.6155606418013557,2,0
,,,,,0.1748758220313695,2,1
,,,,,0.7793655658433686,2,1
,,,,,0.4806320004623746,2,1
,,,,,1.136879048281788,2,0
,,,,,0.4610280314591614,2,1
,,,,,1.015848074878006,2,1
,,,,,0.6424382280518869,2,1
,,,,,0.835349436442263,2,0
,,,,,0.7103487016591812,2,0
,,,,,0.5152222720453756,2,1
,,,,,0.4856440610457031,2,1
,,,,,0.6816954564128279,2,1
,,,,,0.4156553899233747,2,0
,,,,,0.7455974567564723,2,1
,,,,,0.3326134969007897,2,1
,,,,,0.149844252425117,2,1
,,,,,0.5904128663395217,2,0
,,,,,0.4226041218293135,2,0
,,,,,0.5587288064153995,2,0
,,,,,0.3116330691478307,2,1
,,,,,0.8144961627590149,2,1
,,,,,0.8267469834478646,2,1
,,,,,0.9012289042694438,2,0
,,,,,0.9381494660926228,2,1
,,,,,0.7209162160552822,2,0
,,,,,0.8879613448569462,2,0
,,,,,0.5792235663919827,2,0
,,,,,1.0361757660528614,2,1
,,,,,0.7803785475820231,2,0
,,,,,0.8851524435882383,2,0
,,,,,0.5056798999601828,2,1
,,,,,0.2942919229250098,2,1
,,,,,0.3203324251076873,2,0
,,,,,0.4667634198109623,2,1
,,,,,0.512728086119479,2,1
,,,,,0.6932040647186647,2,1
,,,,,0.3511752298367562,2,0
,,,,,0.6869781251223323,2,0
,,,,,0.6162574729953477,2,1
,,,,,0.7030195974151139,2,0
,,,,,0.8497234850097771,2,1
,,,,,0.3357984442045118,2,1
,,,,,0.4448668372219064,2,0
,,,,,0.9250241818012632,2,0
,,,,,0.4163112344645089,2,1
,,,,,0.3583249455348013,2,1
,,,,,0.9689205844062369,2,1
,,,,,0.8919347757583391,2,0
,,,,,0.3529986202191168,2,1
,,,,,0.9491762355540108,2,0
,,,,,0.5444007866297039,2,1
,,,,,0.3300117194044691,2,0
,,,,,0.5343099333613118,2,0
,,,,,0.4422904723875587,2,1
,,,,,0.7465609641129711,2,1
,,,,,0.9961181503069576,2,0
,,,,,0.6035228463430723,2,0
,,,,,0.6319241553543814,2,1
,,,,,1.0301070694276102,2,0
,,,,,0.8172354973104151,2,1
,,,,,0.6465245075711423,2,1
,,,,,0.6301135151019974,2,0
,,,,,0.3090427472328155,2,0
,,,,,0.3045767595675468,2,1
,,,,,0.8285100018585237,2,0
,,,,,0.8093754477741641,2,0
,,,,,0.7058348974129056,2,1
,,,,,0.7264719128276143,2,0
,,,,,0.5578067949449731,2,1
,,,,,0.5175172221657446,2,1
,,,,,0.4235561618216319,2,1
,,,,,0.8209490799383503,2,1
,,,,,0.9677453888441582,2,0
,,,,,0.8600672495215959,2,0
,,,,,0.8845958638946588,2,1
,,,,,0.6317248069796498,2,1
,,,,,0.7925325241297536,2,0
,,,,,0.9230947937626908,2,1
,,,,,0.9740612024867272,2,1
,,,,,0.3561124638166282,2,1
,,,,,0.5769507021880457,2,1
,,,,,0.611949061407285,2,1
,,,,,0.8780390302855526,2,1
,,,,,0.556029698404589,2,1
,,,,,0.6133894487279274,2,0
,,,,,0.9529944434684964,2,0
,,,,,0.3769060381660459,2,0
,,,,,0.5859535386398774,2,1
,,,,,0.438892175141684,2,0
,,,,,0.3505314906576317,2,1
,,,,,0.3950376818220403,2,1
,,,,,0.926468871191898,2,1
,,,,,0.565332927413214,2,0
,,,,,0.6103531459279637,2,0
,,,,,0.5269936520005603,2,1
,,,,,0.3219495574421469,2,1
,,,,,0.907301756896566,2,0
,,,,,0.8058339241928527,2,0
,,,,,0.3916205876168298,2,1
,,,,,0.3425821116440301,2,1
,,,,,0.2686102637166607,2,0
,,,,,0.8117160186845117,2,1
,,,,,0.7698610414588508,2,0
,,,,,0.3690674190869965,2,1
,,,,,0.6271641073246466,2,0
,,,,,1.0572136390437148,2,0
,,,,,0.8481035198302637,2,1
,,,,,0.333697771857662,2,1
,,,,,0.5528338439848933,2,1
,,,,,0.4033167518807037,2,1
,,,,,0.1470130536715793,2,1
,,,,,0.1916920118605751,2,1
,,,,,0.7944967926802815,2,0
,,,,,0.7084472966961955,2,1
,,,,,0.9233373271651336,2,0
,,,,,0.5739428296336289,2,0
,,,,,0.6204029506884815,2,1
,,,,,0.4233633880155646,2,0
,,,,,0.2116425981729516,2,1
,,,,,0.7107501039625981,2,1
,,,,,0.4554690605964099,2,1
,,,,,0.7297527231127049,2,0
,,,,,0.2118105170844128,2,1
,,,,,0.8849553404912578,2,0
,,,,,0.3170095836205664,2,1
,,,,,0.6887781562452918,2,0
,,,,,0.5992005295546735,2,1
,,,,,0.7326326231845093,2,1
,,,,,0.5093223942884605,2,0
,,,,,0.4065281931858982,2,1
,,,,,0.7157293412918165,2,0
,,,,,0.568722775277277,2,0
,,,,,0.7040415417206615,2,1
,,,,,0.5481636891195942,2,1
,,,,,0.3519475433645216,2,0
,,,,,0.4293363170007409,2,1
,,,,,0.4480851934592916,2,1
,,,,,0.1842214084488939,2,1
,,,,,0.4912245630026888,2,0
,,,,,0.4851846882198043,2,1
,,,,,0.7406705024715908,2,0
,,,,,0.7108564818326685,2,1
,,,,,0.5360466917208051,2,1
,,,,,0.5626564679406625,2,1
,,,,,0.8283532032697435,2,1
,,,,,0.7163525326608762,2,0
,,,,,0.2258021917502534,2,1
,,,,,0.6846619804129963,2,0
,,,,,0.8746105062991852,2,0
,,,,,0.6028189144980628,2,0
,,,,,0.2084947246209814,2,0
,,,,,0.5718832246395685,2,0
,,,,,0.3749512494483473,2,1
,,,,,0.4474206666896407,2,0
,,,,,0.5533765440268833,2,0
,,,,,0.5518713449052094,2,0
,,,,,0.5424430203744885,2,1
,,,,,0.6190500254080801,2,1
,,,,,0.7170279757767251,2,1
,,,,,0.3824689900567837,2,1
,,,,,0.2488809979086978,2,0
,,,,,0.1999425440626767,2,1
,,,,,0.9847830625557352,2,1
,,,,,0.4823028284099229,2,0
,,,,,0.5990019984238264,2,1
,,,,,0.9618716004754708,2,0
,,,,,0.4758626378098128,2,1
,,,,,0.2561256174622476,2,0
,,,,,0.3565337346663032,2,1
,,,,,0.7972465387561058,2,1
,,,,,0.752771510129329,2,0
,,,,,0.3822485663886206,2,0
,,,,,0.9498450126549188,2,0
,,,,,0.8719010548888104,2,0
,,,,,0.4937264244377466,2,0
,,,,,0.8416945501002453,2,0
,,,,,0.5693239412467268,2,0
,,,,,0.4397652142875556,2,1
,,,,,0.43102177959051,2,1
,,,,,0.3520261727176945,2,1
,,,,,0.9507758430224136,2,0
,,,,,0.3361518818526003,2,1
,,,,,0.2350756222078927,2,1
,,,,,0.3961774804623497,2,0
,,,,,0.6685175925101734,2,0
,,,,,0.8418321157588007,2,1
,,,,,0.4519027637775021,2,1
,,,,,0.4926263117580435,2,1
,,,,,0.4046813589565789,2,1
,,,,,0.7399538427431068,2,1
,,,,,0.4327997266214334,2,0
,,,,,0.2712987115864692,2,1
,,,,,0.3132303369429398,2,0
,,,,,1.1228386123906846,2,1
,,,,,0.878830609881508,2,0
,,,,,0.4974097856432742,2,1
,,,,,0.3943098980625648,2,0
,,,,,0.9429523984747038,2,0
,,,,,0.2881482306495123,2,1
,,,,,0.613760149046796,2,1
,,,,,0.5803649722109177,2,1
,,,,,0.233160848620151,2,1
,,,,,0.7839792073217746,2,1
,,,,,0.2188379270744792,2,1
,,,,,0.3472175716051278,2,0
,,,,,0.8123266591593161,2,1
,,,,,0.4502695156850619,2,0
,,,,,0.5749796748754197,2,0
,,,,,0.4120741253450449,2,0
,,,,,0.5570518214265414,2,1
,,,,,0.7497977178471259,2,0
,,,,,0.5540710398453412,2,0
,,,,,0.3076143977035358,2,1
,,,,,0.5644515612181795,2,1
,,,,,0.9441061216476088,2,0
,,,,,0.3853179130486746,2,1
,,,,,0.8457983363422026,2,0
,,,,,0.2240075208494398,2,0
,,,,,0.8191935422140553,2,0
,,,,,0.7455605097073627,2,1
,,,,,0.70841044494028,2,1
,,,,,0.9838417412653434,2,1
,,,,,0.7724182959301046,2,0
,,,,,0.8993669103459904,2,1
,,,,,0.8954002804093296,2,1
,,,,,0.559839944229584,2,1
,,,,,0.7562800003606446,2,1
,,,,,0.7104644209876912,2,1
,,,,,0.6933766654729727,2,0
,,,,,0.945328654521274,2,0
,,,,,0.5770682464608996,2,1
,,,,,0.1635395422340157,2,1
,,,,,0.5641408095777588,2,0
,,,,,0.7170736090132,2,0
,,,,,0.6016841594736764,2,0
,,,,,0.5187364499222915,2,1
,,,,,0.9532398615881256,2,0
,,,,,0.1807853754163741,2,1
,,,,,0.2946320165204797,2,1
,,,,,0.2428492193416933,2,1
,,,,,0.39178663011588,2,0
,,,,,0.6102814931773463,2,1
,,,,,0.7426247746133104,2,0
,,,,,0.4962053898352187,2,1
,,,,,0.6197156338609734,2,0
,,,,,0.6582083638313813,2,1
,,,,,0.3018921362366187,2,1
,,,,,0.1443779594484673,2,1
,,,,,0.652074090006919,2,0
,,,,,0.6116414995589272,2,0
,,,,,0.8778913907582757,2,1
,,,,,0.4298304430280699,2,1
,,,,,0.3814985269931796,2,1
,,,,,0.5403532109377571,2,1
,,,,,0.9634449564026104,2,0
,,,,,0.4272353909695891,2,1
,,,,,0.1298264186411672,2,1
,,,,,0.3663140020472402,2,1
,,,,,0.4295095018017208,2,0
,,,,,0.7273638802650965,2,1
,,,,,0.7889604422337524,2,1
,,,,,0.6492053969813986,2,0
,,,,,0.5029978516050976,2,1
,,,,,0.6331549860373396,2,0
,,,,,0.9320552003216837,2,0
,,,,,0.5887897909821719,2,0
,,,,,0.4019123304551906,2,0
,,,,,0.2176514840483747,2,1
,,,,,0.7322985014838632,2,0
,,,,,0.8178371969158734,2,0
,,,,,0.7783492392950963,2,0
,,,,,0.4733449330674266,2,1
,,,,,0.5113044998519668,2,1
,,,,,0.3494730534194517,2,1
,,,,,0.3988034770778101,2,1
,,,,,0.5657263914219625,2,1
,,,,,0.3433024710929816,2,1
,,,,,0.9113270730782432,2,1
,,,,,0.4457354965754913,2,1
,,,,,0.2082501789488301,2,1
,,,,,0.4273237563106679,2,1
,,,,,0.6393260241946279,2,0
,,,,,0.4385853471877808,2,0
,,,,,0.8117395691249716,2,0
,,,,,0.7640769030698554,2,1
,,,,,0.5733949645787627,2,0
,,,,,0.7765889759253509,2,1
,,,,,0.8984029245536886,2,1
,,,,,0.4324059805218209,2,1
,,,,,0.6511657349220256,2,0
,,,,,1.017914870675368,2,0
,,,,,0.6089370838890154,2,0
,,,,,0.6500482860612583,2,1
,,,,,0.3059101625907034,2,1
,,,,,0.3727750009891046,2,0
,,,,,0.6708059688392263,2,0
,,,,,0.7877643957743241,2,0
,,,,,0.1526750205149285,2,1
,,,,,0.5761104789623442,2,0
,,,,,0.2837948335035885,2,1
,,,,,0.7812764007269557,2,0
,,,,,0.9481099710728428,2,1
,,,,,0.2475002026340487,2,0
,,,,,0.8951904968610568,2,0
,,,,,0.674831560001399,2,1
,,,,,0.5903842522345945,2,1
,,,,,0.9135198084475978,2,0
,,,,,0.34405514980137,2,1
,,,,,0.2947676529286186,2,1
,,,,,0.6456481351061594,2,1
,,,,,0.7079954442540407,2,1
,,,,,0.1342985627883592,2,1
,,,,,0.6838317850899177,2,0
,,,,,0.3038436202905834,2,1
,,,,,0.84996505539416,2,0
,,,,,0.3948583220577626,2,0
,,,,,0.2310283628437252,2,1
,,,,,0.8134142146428254,2,0
,,,,,0.636243189310172,2,1
,,,,,0.6564618795449634,2,0
,,,,,0.8225023219081029,2,0
,,,,,0.2762548427980571,2,1
,,,,,0.7820497766311333,2,1
,,,,,0.8477194542619443,2,1
,,,,,0.9090255859654248,2,0
,,,,,0.9160296419046954,2,1
,,,,,0.7670463080426009,2,0
,,,,,0.5174294238277853,2,0
,,,,,0.3119586245911796,2,1
,,,,,0.2345130915918538,2,0
,,,,,0.8477664072521306,2,0
,,,,,0.3993570728327625,2,0
,,,,,0.579625526909563,2,1
,,,,,0.4476518943116996,2,1
,,,,,0.464656017415586,2,1
,,,,,0.7816537079662687,2,0
,,,,,0.5014384523570306,2,1
,,,,,0.4618700577526574,2,1
,,,,,0.3004844894090246,2,1
,,,,,0.4936556806812278,2,0
,,,,,0.8163616510578663,2,0
,,,,,0.9604641100407276,2,0
,,,,,0.6739307508230071,2,0
,,,,,0.5481516002803045,2,1
,,,,,0.5374403271782966,2,0
,,,,,0.2601704068049448,2,1
,,,,,0.956852878136141,2,0
,,,,,0.6678760152385398,2,0
,,,,,0.9332616885533068,2,1
,,,,,0.5877650156548223,2,0
,,,,,0.3491960203305666,2,1
,,,,,0.5266998565166534,2,0
,,,,,0.9890198010650456,2,0
,,,,,0.4808746536808591,2,0
,,,,,0.905012740928854,2,0
,,,,,0.483805874350483,2,0
,,,,,0.7028641662262897,2,0
,,,,,0.2581697396660833,2,1
,,,,,0.8173423983412925,2,1
,,,,,0.5691540159247306,2,1
,,,,,0.9870578918256652,2,0
,,,,,0.6349465420000472,2,1
,,,,,0.4620192736637526,2,1
,,,,,0.5804301405601923,2,0
,,,,,0.8722230925696821,2,0
,,,,,0.6451328037249987,2,1
,,,,,0.6239812698134601,2,0
,,,,,0.6967899755512262,2,1
,,,,,0.8882709285771808,2,0
,,,,,0.3175072178009694,2,1
,,,,,0.7663942193868389,2,0
,,,,,0.2111930543721651,2,0
,,,,,0.8416518835580225,2,0
,,,,,0.5453836454093943,2,1
,,,,,0.5950140792100294,2,0
,,,,,0.3987743549983045,2,1
,,,,,0.9508368894998388,2,1
,,,,,0.7116076166860924,2,1
,,,,,0.3490708467548699,2,1
,,,,,0.4445631326537731,2,0
,,,,,0.4391572130679515,2,1
,,,,,0.3631203667275021,2,1
,,,,,0.251909655964293,2,0
,,,,,0.8521247559788656,2,0
,,,,,0.3781521669631677,2,0
,,,,,0.413672855382084,2,0
,,,,,0.6340740423768724,2,0
,,,,,0.3781361592087749,2,0
,,,,,0.8222994238112251,2,1
,,,,,0.7493899249432927,2,1
,,,,,0.4697282616408561,2,1
,,,,,0.5289101260734771,2,0
,,,,,0.8176953895498182,2,0
,,,,,0.8707137676576744,2,0
,,,,,0.6191162649369081,2,1
,,,,,0.5689599041909058,2,0
,,,,,0.4109768319820789,2,0
,,,,,0.4769342635236929,2,1
,,,,,0.6752553624132736,2,0
,,,,,0.4964489964995375,2,0
,,,,,0.7844545256658773,2,0
,,,,,0.989449801776041,2,0
,,,,,0.380816076847749,2,1
,,,,,0.5978542982535711,2,1
,,,,,0.7289099275920485,2,0
,,,,,0.9998854794607304,2,0
,,,,,0.4093844699223343,2,0
,,,,,0.2540069220753624,2,1
,,,,,0.1737153567812601,2,1
,,,,,0.132284075135002,2,1
,,,,,0.6260630920806863,2,1
,,,,,0.4375577958828376,2,1
,,,,,0.7348898143199885,2,0
,,,,,0.2143644991421934,2,1
,,,,,0.8640915671306988,2,0
,,,,,0.399165423459153,2,1
,,,,,0.6857799304828132,2,0
,,,,,0.4265425688476679,2,1
,,,,,0.7541889420976582,2,0
,,,,,1.003293085733471,2,0
,,,,,0.6749068908726459,2,1
,,,,,0.5653912530958927,2,0
,,,,,0.4200530067804133,2,0
,,,,,0.3322977484561142,2,1
,,,,,0.5441227246147182,2,1
,,,,,0.7133618145007018,2,0
,,,,,0.3984524556456863,2,0
,,,,,0.831169630097735,2,0
,,,,,0.5637429978999743,2,1
,,,,,0.7285839051581479,2,1
,,,,,0.7307749888239783,2,1
,,,,,0.7126085806967087,2,0
,,,,,0.1640094637981404,2,0
,,,,,0.9518857676457554,2,0
,,,,,1.0513144532969414,2,0
,,,,,0.9279402417245636,2,0
,,,,,0.3866240840799465,2,1
,,,,,0.4797315568900911,2,1
,,,,,0.858975218156499,2,0
,,,,,0.5374008917773146,2,0
,,,,,0.8006741551403393,2,0
,,,,,0.7219943498261499,2,0
,,,,,0.3123013602122824,2,0
,,,,,0.4455388492528356,2,1
,,,,,0.4023166792939429,2,0
,,,,,0.4130754428288154,2,0
,,,,,0.5766560288740318,2,0
,,,,,0.5345742837379965,2,1
,,,,,0.7053887511202039,2,1
,,,,,1.0777414020251794,2,0
,,,,,0.2657430902736377,2,1
,,,,,0.5452966117364373,2,0
,,,,,0.7967849809041697,2,0
,,,,,0.6999684722107357,2,1
,,,,,0.2420144150412514,2,0
,,,,,0.6623045990329679,2,0
,,,,,0.7399320676683842,2,0
,,,,,0.2613429826224244,2,1
,,,,,0.6624508698478117,2,1
,,,,,0.8474443888776604,2,1
,,,,,0.513364535090226,2,0
,,,,,0.0875312882237597,2,1
,,,,,0.9598741107744404,2,1
,,,,,0.9419823849258956,2,0
,,,,,0.3034449319754361,2,1
,,,,,0.71505493520298,2,0
,,,,,0.3378581036126469,2,1
,,,,,0.7445086837872803,2,0
,,,,,0.623848579972605,2,1
,,,,,0.5619494764543178,2,0
,,,,,0.4168696490266332,2,1
,,,,,0.4959111605280329,2,1
,,,,,0.3733701405538239,2,1
,,,,,0.5149552336260717,2,0
,,,,,0.4748133526469872,2,0
,,,,,0.9705380996247828,2,1
,,,,,0.1398811085099859,2,0
,,,,,0.8063088204594298,2,1
,,,,,0.5359809144932051,2,1
,,,,,0.335926454444347,2,1
,,,,,0.1365467668825899,2,1
,,,,,0.2603047370094706,2,1
,,,,,0.3979614072456863,2,1
,,,,,0.9052733270370892,2,1
,,,,,0.4595351907997194,2,0
,,,,,0.4883368450500756,2,1
,,,,,0.4242454600340589,2,1
,,,,,0.9074131891088684,2,0
,,,,,0.5110753697770488,2,1
,,,,,0.530205896637587,2,1
,,,,,0.4212601637821473,2,0
,,,,,0.4576818524844845,2,0
,,,,,1.0425002467802806,2,1
,,,,,0.7285614404287033,2,1
,,,,,0.4909018550729488,2,0
,,,,,0.3496835899621879,2,1
,,,,,0.5279288543860137,2,1
,,,,,0.7829893260869518,2,0
,,,,,0.0881383348233623,2,1
,,,,,0.5521924212839814,2,0
,,,,,0.6872081294406364,2,0
,,,,,0.4086771899565631,2,0
,,,,,0.487150572042351,2,1
,,,,,0.7537865133265722,2,0
,,,,,0.3550692216730001,2,1
,,,,,0.4967015281463562,2,0
,,,,,0.7858633522546602,2,1
,,,,,0.6212842970990796,2,0
,,,,,0.2834793636922225,2,0
,,,,,0.4536278376105663,2,0
,,,,,0.6392331590078851,2,1
,,,,,0.3386404553852493,2,0
,,,,,0.3450659062991998,2,1
,,,,,0.6570368538746164,2,0
,,,,,0.7654673828012268,2,0
,,,,,0.6752267008484611,2,1
,,,,,0.603810912970342,2,0
,,,,,0.6379361208489029,2,0
,,,,,0.6163005497533617,2,0
,,,,,0.8959272580826428,2,0
,,,,,0.3486873360810635,2,0
,,,,,0.4145992170803873,2,1
,,,,,1.0300734339594118,2,0
,,,,,0.1778837492765462,2,0
,,,,,0.6948547154759206,2,1
,,,,,0.2902003174836816,2,1
,,,,,0.99830799242124,2,0
,,,,,0.656236986007887,2,1
,,,,,0.3396624920920386,2,0
,,,,,0.5359830483553557,2,0
,,,,,0.2845594000832845,2,1
,,,,,0.5153926214639402,2,1
,,,,,0.672655183913841,2,1
,,,,,0.2251308510172022,2,1
,,,,,0.9229364546724892,2,1
,,,,,0.6149944471025437,2,0
,,,,,0.4439731527193298,2,1
,,,,,0.7824226273756698,2,0
,,,,,0.5291096082916429,2,0
,,,,,0.7082096141383033,2,1
,,,,,0.3135035329374968,2,1
,,,,,0.6356796875828429,2,1
,,,,,0.5118031210658163,2,0
,,,,,0.5347757670891367,2,0
,,,,,0.6529956986121508,2,1
,,,,,0.7769108291468495,2,0
,,,,,0.3101684517595284,2,1
,,,,,0.6227820971539235,2,1
,,,,,0.5493961418160743,2,0
,,,,,0.8830478178415746,2,0
,,,,,0.7352575928559016,2,0
,,,,,0.581036500148998,2,0
,,,,,0.1630508804148955,2,1
,,,,,0.9027015133314356,2,0
,,,,,0.6655783904728289,2,1
,,,,,0.613679659993031,2,1
,,,,,0.448760574569759,2,1
,,,,,0.9319570591921876,2,0
,,,,,0.2402584606678184,2,1
,,,,,0.8522872958354222,2,0
,,,,,0.7413292941459607,2,0
,,,,,0.3532342645473896,2,0
,,,,,0.8764182527126296,2,1
,,,,,0.7128241943978638,2,1
,,,,,0.57028086883058,2,0
,,,,,0.3562709160314476,2,1
,,,,,0.3525808947515084,2,1
,,,,,0.6192467682492407,2,0
,,,,,0.3934095453144911,2,1
,,,,,0.7274331638555471,2,0
,,,,,0.1331533590496813,2,1
,,,,,0.4358462686677172,2,1
,,,,,0.4600650060482987,2,1
,,,,,0.7940330272817238,2,1
,,,,,0.7546130686244026,2,1
,,,,,0.671113911316378,2,0
,,,,,0.6714038635920478,2,0
,,,,,0.4785752167342468,2,0
,,,,,0.9725248052238205,2,0
,,,,,0.5204713851822628,2,0
,,,,,0.3919502333404719,2,1
,,,,,0.3534050214894286,2,1
,,,,,0.7716755426128755,2,0
,,,,,0.9200782095075756,2,1
,,,,,0.7288820464716007,2,1
,,,,,0.6457620532255514,2,1
,,,,,0.7955870379674843,2,0
,,,,,0.7847610125893324,2,1
,,,,,0.4566164681915116,2,1
,,,,,0.8653940024240941,2,0
,,,,,0.5841664363785937,2,0
,,,,,0.5931415357907801,2,0
,,,,,0.7615629487794366,2,1
,,,,,0.4676212042043435,2,0
,,,,,0.1689791001682196,2,1
,,,,,0.4386903880357886,2,0
,,,,,0.8646119751656794,2,0
,,,,,0.7738585557237265,2,0
,,,,,0.5619912695273743,2,0
,,,,,1.014115198563471,2,0
,,,,,0.4632321435216609,2,0
,,,,,0.2198281446102334,2,1
,,,,,0.9697825098026718,2,0
,,,,,0.6884825430580216,2,0
,,,,,0.5616309602273035,2,0
,,,,,0.7186117943149888,2,1
,,,,,0.9412513477971328,2,0
,,,,,0.7524845821286166,2,1
,,,,,0.2865622834056609,2,0
,,,,,0.4922076069462993,2,0
,,,,,0.93286603846513,2,1
,,,,,0.329070531915955,2,0
,,,,,0.4639844013988477,2,0
,,,,,0.625558406246714,2,0
,,,,,0.6644618346710321,2,1
,,,,,0.5170999901671298,2,0
,,,,,0.6922084177626371,2,1
,,,,,0.3592394167054889,2,1
,,,,,0.6707853692619503,2,1
,,,,,0.52487376699205,2,0
,,,,,0.6253348338770729,2,0
,,,,,0.583300583409749,2,0
,,,,,0.9389861114983286,2,1
,,,,,0.5903795123171688,2,0
,,,,,0.6657360654389213,2,1
,,,,,1.1321077428606878,2,0
,,,,,0.2584487076491407,2,0
,,,,,0.5487798515341723,2,0
,,,,,0.270631414849655,2,1
,,,,,0.5819449771761603,2,1
,,,,,0.5619636490693536,2,1
,,,,,0.4052948624703798,2,1
,,,,,0.2893545133212536,2,1
,,,,,0.7713053951448927,2,0
,,,,,0.419256777734109,2,0
,,,,,0.6521289856655929,2,1
,,,,,0.9939490707274148,2,1
,,,,,0.6164179619984501,2,0
,,,,,0.01,2,1
,,,,,0.3597991152011222,2,1
,,,,,0.4693717274691667,2,0
,,,,,0.7284809730030615,2,0
,,,,,0.7260188965186053,2,0
,,,,,0.7327052271477169,2,0
,,,,,0.8131083239981997,2,1
,,,,,0.5799061742337417,2,1
,,,,,0.3741388600980495,2,1
,,,,,0.6353835178673609,2,0
,,,,,0.8301395321012905,2,0
,,,,,0.3707385895010288,2,1
,,,,,0.9155545006763464,2,0
,,,,,0.5333738881138861,2,1
,,,,,0.6266353086535313,2,0
,,,,,0.8899061823072514,2,1
,,,,,0.6387495510915767,2,1
,,,,,0.7497893751879433,2,0
,,,,,0.8280898567078218,2,0
,,,,,0.2718814406952386,2,1
,,,,,0.9298200680178552,2,0
,,,,,0.6547189889582476,2,0
,,,,,0.3706441050088117,2,0
,,,,,0.7282723737332444,2,0
,,,,,0.6439562773773986,2,0
,,,,,0.1658560144890517,2,1
,,,,,0.4327058600016759,2,1
,,,,,0.801704033804695,2,0
,,,,,0.7764348697149934,2,1
,,,,,0.8735854387435739,2,0
,,,,,0.3702432679375151,2,1
,,,,,0.3738757103399815,2,0
,,,,,0.4090175267227707,2,1
,,,,,0.5713821584538009,2,1
,,,,,0.6045938878202679,2,0
,,,,,0.0431553667348386,2,1
,,,,,0.391173586102796,2,0
,,,,,1.0393647128081185,2,1
,,,,,0.7845858059413593,2,1
,,,,,0.9559452929894334,2,1
,,,,,0.4696919031652454,2,1
,,,,,0.4429627066899408,2,0
,,,,,0.6358583348050051,2,1
,,,,,1.1513860765799655,2,0
,,,,,0.2909902799719608,2,0
,,,,,0.74708624067979,2,1
,,,,,0.520509980467846,2,0
,,,,,0.7119220314658996,2,0
,,,,,0.2649145718111978,2,1
,,,,,0.7284773388608976,2,1
,,,,,1.0951881735386286,2,0
,,,,,0.4695021411796619,2,0
,,,,,0.3498639556533662,2,0
,,,,,0.3772042719425434,2,1
,,,,,0.8908856415936488,2,1
,,,,,0.4839405112610738,2,1
,,,,,0.3649135078571645,2,1
,,,,,0.7853860720960387,2,1
,,,,,0.3604748929709938,2,0
,,,,,0.3182108988820301,2,1
,,,,,0.7386458189755443,2,1
,,,,,0.7897634102018791,2,0
,,,,,0.3096651888198089,2,1
,,,,,0.7037748816231971,2,0
,,,,,0.8203294587088988,2,0
,,,,,1.0654343023232913,2,0
,,,,,0.2716407455795081,2,1
,,,,,0.2572270635329711,2,1
,,,,,0.693860500175379,2,0
,,,,,0.900289125768248,2,0
,,,,,0.58125546998771,2,1
,,,,,0.7292986606030786,2,0
,,,,,0.446510214232248,2,0
,,,,,0.5571040873455452,2,0
,,,,,0.7754683570699185,2,0
,,,,,0.6431390228988726,2,0
,,,,,0.446652335078457,2,0
,,,,,0.2344904045003166,2,0
,,,,,0.596819913728285,2,1
,,,,,0.6790454156513991,2,1
,,,,,1.0029988865519903,2,1
,,,,,0.9048819793144668,2,0
,,,,,0.8469378430210243,2,1
,,,,,0.7995959142507001,2,0
,,,,,0.194622439351651,2,1
,,,,,0.1918529713047039,2,1
,,,,,0.6639549422872788,2,0
,,,,,0.16876880632571,2,1
,,,,,0.7577861275753521,2,1
,,,,,0.5880004762207891,2,0
,,,,,0.4869774347626315,2,0
,,,,,0.38786260875883,2,1
,,,,,0.5671239878988512,2,1
,,,,,0.5137704643539158,2,0
,,,,,0.895291306633333,2,0
,,,,,0.7887386205338315,2,0
,,,,,0.5182767666879221,2,0
,,,,,0.4890239632351158,2,0
,,,,,0.35329759543373,2,1
,,,,,0.2738850350698991,2,1
,,,,,0.4013169567928017,2,1
,,,,,0.9426727426033004,2,0
,,,,,0.5476241257722617,2,0
,,,,,0.581179182685303,2,1
,,,,,0.7892859511903579,2,1
,,,,,0.4129277920594599,2,1
,,,,,0.1038195845124496,2,1
,,,,,0.4335851788045754,2,1
,,,,,0.4756771619850959,2,0
,,,,,0.3424658928622264,2,1
,,,,,0.1325904368061571,2,1
,,,,,0.6087147203815501,2,1
,,,,,0.5362755151553654,2,0
,,,,,0.9055860707984472,2,0
,,,,,0.6583460802582084,2,0
,,,,,0.6864475187696397,2,1
,,,,,0.6872291008347243,2,0
,,,,,0.2918277563416998,2,0
,,,,,0.5528102664883039,2,0
,,,,,0.704042939927194,2,0
,,,,,0.7599404268339789,2,0
,,,,,0.5604655741228753,2,1
,,,,,0.7076203940189372,2,0
,,,,,0.546536450922202,2,0
,,,,,0.3272656970484988,2,0
,,,,,0.3816091757639078,2,1
,,,,,0.6200546211175324,2,0
,,,,,0.8638111353899175,2,0
,,,,,0.3597457703726333,2,1
,,,,,0.4999804438337887,2,0
,,,,,0.4225344210910387,2,0
,,,,,0.2033897023804698,2,0
,,,,,0.1873866245764309,2,1
,,,,,0.718557100594011,2,0
,,,,,0.3397388358120812,2,1
,,,,,0.6172812419100133,2,1
,,,,,0.7834194030260961,2,0
,,,,,0.4882874453192208,2,1
,,,,,0.4359320485346147,2,1
,,,,,0.4261001277661558,2,0
,,,,,0.7752327209160705,2,0
,,,,,0.3652747685897893,2,0
,,,,,0.3328900685320969,2,0
,,,,,0.5641401741460509,2,0
,,,,,0.3985293376349177,2,1
,,,,,0.1115882295909917,2,1
,,,,,0.4308515989882022,2,0
,,,,,0.2016021666408782,2,1
,,,,,0.4147021706677484,2,0
,,,,,0.341260691366077,2,1
,,,,,0.8692396861488986,2,1
,,,,,0.3585531924849863,2,1
,,,,,0.1542252509523704,2,1
,,,,,0.4591738648640993,2,1
,,,,,0.5440784366146233,2,0
,,,,,0.4769768332498326,2,1
,,,,,0.5145586119512858,2,1
,,,,,0.2784964440685026,2,1
,,,,,0.2077201433147569,2,1
,,,,,0.5094935015552143,2,0
,,,,,0.332107863274557,2,1
,,,,,0.3599580475868773,2,0
,,,,,0.7294100372390768,2,0
,,,,,0.8965563250238074,2,0
,,,,,0.5346328921627855,2,1
,,,,,0.749142220452029,2,1
,,,,,0.1959356220334196,2,0
,,,,,0.7469068683461239,2,1
,,,,,0.7655743783937138,2,0
,,,,,0.6421556745304116,2,1
,,,,,0.3714620778928896,2,1
,,,,,0.7237471200988848,2,0
,,,,,0.3665740793213423,2,0
,,,,,0.6637105528121993,2,1
,,,,,0.7985081114620383,2,1
,,,,,0.7627417804909133,2,0
,,,,,0.5482335728477135,2,1
,,,,,0.5153345480932612,2,0
,,,,,0.2070005033100331,2,1
,,,,,0.6578024356393276,2,0
,,,,,0.1467018367753241,2,1
,,,,,0.6813507599830643,2,0
,,,,,0.8809805481304229,2,1
,,,,,0.3674792653510115,2,1
,,,,,0.8176502003626515,2,1
,,,,,0.6463224288940191,2,0
,,,,,0.1559169707229746,2,1
,,,,,0.0750375094300525,2,0
,,,,,0.5242781601501214,2,0
,,,,,0.6055473317443412,2,1
,,,,,0.4393562341533524,2,0
,,,,,0.6248639982822539,2,1
,,,,,0.528798438856141,2,1
,,,,,0.8432884966422945,2,0
,,,,,0.8025929398191753,2,0
,,,,,0.4091538119894825,2,1
,,,,,0.3846962111189858,2,0
,,,,,0.591763212164761,2,1
,,,,,0.6912031171864225,2,0
,,,,,0.6197180005747549,2,1
,,,,,0.3667484469736341,2,0
,,,,,1.009409935904242,2,0
,,,,,0.4482098752443643,2,1
,,,,,0.01,2,1
,,,,,0.8220830877384763,2,0
,,,,,0.4117536535936811,2,1
,,,,,0.5902336780040194,2,1
,,,,,0.7781394042196162,2,1
,,,,,0.6112325504842991,2,1
,,,,,0.7401557247123514,2,1
,,,,,0.1393991398813736,2,1
,,,,,0.7180009004544113,2,0
,,,,,0.1426923562415506,2,1
,,,,,0.8351490796747636,2,0
,,,,,0.4258950315003813,2,0
,,,,,0.1958018790189994,2,1
,,,,,0.1232685641560785,2,0
,,,,,0.516809644484213,2,0
,,,,,0.3802640972909996,2,0
,,,,,0.0876687410345057,2,1
,,,,,0.8343723604586963,2,1
,,,,,1.0173792897243108,2,0
,,,,,0.5105777430258461,2,0
,,,,,1.0441868604403266,2,0
,,,,,0.8554454826748812,2,1
,,,,,0.1621399411296906,2,1
,,,,,0.9915924744886774,2,1
,,,,,0.848837742839902,2,1
,,,,,0.4698939943692344,2,1
,,,,,0.740840984012922,2,1
,,,,,0.6860615405966844,2,1
,,,,,0.4570595643095655,2,1
,,,,,0.2445710986055463,2,1
,,,,,0.5758553910493364,2,0
,,,,,0.3162292230617335,2,1
,,,,,0.666875497940725,2,0
,,,,,0.5901339091435909,2,1
,,,,,0.3971860413152319,2,1
,,,,,0.7940748775612967,2,1
,,,,,0.9548971322779414,2,1
,,,,,0.7330074190524908,2,0
,,,,,0.4523761287402928,2,1
,,,,,0.5523413865450832,2,1
,,,,,0.4371124186996515,2,1
,,,,,0.5232185340997938,2,0
,,,,,0.5627552689392982,2,1
,,,,,0.7659937668159863,2,1
,,,,,0.7075658385603388,2,1
,,,,,0.4853985311055035,2,1
,,,,,0.2960390743378283,2,1
,,,,,0.3295017759877444,2,1
,,,,,0.4531805382767445,2,1
,,,,,0.7738544406123785,2,0
,,,,,0.7138093136763719,2,0
,,,,,0.4506179370061693,2,1
,,,,,0.6622909383564154,2,1
,,,,,0.5848745398202352,2,0
,,,,,0.5206574510828812,2,1
,,,,,0.6673534101432881,2,0
,,,,,0.6388700530407013,2,0
,,,,,0.5602717002172775,2,1
,,,,,1.0791542266017362,2,0
,,,,,0.4421022578033747,2,1
,,,,,0.3069418584984179,2,1
,,,,,0.8476463536519515,2,0
,,,,,0.9944706946681556,2,0
,,,,,0.6135308744479635,2,0
,,,,,0.1981112176470765,2,1
,,,,,0.4996350419415167,2,0
,,,,,0.5175957353815572,2,1
,,,,,0.4988978263530387,2,0
,,,,,0.9079967217406965,2,0
,,,,,0.6176442976363733,2,1
,,,,,0.4938970415139494,2,0
,,,,,0.6629046065289528,2,1
,,,,,0.7197423199687338,2,0
,,,,,0.5407770666656421,2,1
,,,,,0.3197773715589329,2,0
,,,,,0.7802335878913524,2,0
,,,,,0.5509454287556355,2,1
,,,,,0.2552288896382939,2,1
,,,,,0.2976994433775775,2,0
,,,,,0.6273621348799113,2,1
,,,,,0.7289984775494756,2,1
,,,,,0.8983129245926121,2,0
,,,,,0.433586504944032,2,0
,,,,,0.4957827317514827,2,1
,,,,,0.2646872512022621,2,1
,,,,,0.5912611088793925,2,0
,,,,,0.2739818565795756,2,0
,,,,,0.6792025876242858,2,0
,,,,,0.8397958490221643,2,0
,,,,,0.7316014758135606,2,0
,,,,,0.9414112883545124,2,0
,,,,,0.5078858102422523,2,0
,,,,,0.8517789944821608,2,1
,,,,,0.9062510245773592,2,0
,,,,,0.9393193057564464,2,1
,,,,,0.4266762713659737,2,0
,,,,,0.8076784397424905,2,0
,,,,,0.8276375397350542,2,0
,,,,,0.7738768943342503,2,0
,,,,,0.841424926828251,2,0
,,,,,0.2301509192371839,2,0
,,,,,0.4321351083835927,2,0
,,,,,0.4068528323896557,2,1
,,,,,0.5330625166689404,2,0
,,,,,0.0892862785326136,2,1
,,,,,0.596204438051307,2,1
,,,,,0.3555129141739341,2,1
,,,,,0.4349991722977491,2,1
,,,,,0.6621623299646804,2,0
,,,,,0.4000764551516782,2,1
,,,,,0.6511786378305608,2,1
,,,,,0.9187109153239756,2,0
,,,,,0.6929292840788077,2,0
,,,,,0.5504298206271018,2,0
,,,,,0.6895998853318331,2,0
,,,,,0.5926390855808165,2,1
,,,,,0.8004331701789501,2,1
,,,,,0.3936616520518081,2,1
,,,,,0.480461782897704,2,0
,,,,,0.236815755913134,2,1
,,,,,0.9553708183632716,2,1
,,,,,0.7418298459039807,2,0
,,,,,0.1401004036546902,2,1
,,,,,0.7144569416673439,2,0
,,,,,0.2903936466069623,2,1
,,,,,0.4638477226176332,2,0
,,,,,0.7622580863160754,2,1
,,,,,0.7389219782560894,2,0
,,,,,1.1513195247146184,2,1
,,,,,0.2975091469464604,2,0
,,,,,0.4785949724363623,2,1
,,,,,0.6620998982726536,2,0
,,,,,0.8787936007032305,2,1
,,,,,0.8170468072418177,2,1
,,,,,0.8568565582279477,2,0
,,,,,0.1369127611268208,2,1
,,,,,0.2779174377622092,2,1
,,,,,0.3112363085896024,2,0
,,,,,0.8642643926989646,2,0
,,,,,0.5426452674354196,2,0
,,,,,0.7794892983190247,2,1
,,,,,0.7093109176336849,2,1
,,,,,0.6505480815029148,2,1
,,,,,0.3955064197748073,2,0
,,,,,0.9608609659260776,2,1
,,,,,0.3901207949207036,2,0
,,,,,0.3745014202225652,2,1
,,,,,0.2538664977493146,2,1
,,,,,0.8606068859490742,2,1
,,,,,0.5127839121216781,2,0
,,,,,0.7096015242507104,2,1
,,,,,0.3471558691550711,2,1
,,,,,0.3359521153022148,2,1
,,,,,0.4272600055028769,2,0
,,,,,0.9042188221421612,2,0
,,,,,0.291401068522442,2,1
,,,,,0.5487659285490709,2,1
,,,,,0.5395572188258678,2,1
,,,,,1.0245840179161307,2,0
,,,,,0.4764312864799699,2,1
,,,,,0.6807209127011713,2,1
,,,,,0.5613677614745727,2,1
,,,,,0.8453841738317862,2,0
,,,,,0.8200341903126273,2,1
,,,,,0.1707524616240511,2,1
,,,,,0.5966097454796233,2,0
,,,,,0.8919924850136626,2,0
,,,,,0.7967517065059523,2,1
,,,,,1.021607245266458,2,1
,,,,,0.7695679334232955,2,0
,,,,,0.2071786744401468,2,1
,,,,,0.5197822276380788,2,1
,,,,,1.0723740429908304,2,1
,,,,,0.6495416326690052,2,0
,,,,,0.4011012661338585,2,1
,,,,,0.8034165069671875,2,1
,,,,,0.7251239192930788,2,1
,,,,,0.4592124079694194,2,1
,,,,,0.5492428692477074,2,1
,,,,,0.8720616352842923,2,0
,,,,,0.7398056361526197,2,1
,,,,,0.9935346636951596,2,0
,,,,,0.568163710464982,2,1
,,,,,0.4191242961616291,2,1
,,,,,0.9846228823341816,2,0
,,,,,0.4751477730996526,2,1
,,,,,0.6544085721612735,2,1
,,,,,0.8375612625042544,2,1
,,,,,0.645888745587252,2,1
,,,,,0.3808740194436079,2,1
,,,,,0.9861928110760338,2,0
,,,,,0.6967747686974678,2,0
,,,,,0.7439285138835334,2,0
,,,,,0.5341405729508368,2,1
,,,,,0.3267850436095558,2,1
,,,,,0.8095008341230835,2,1
,,,,,0.8965521321798194,2,0
,,,,,0.436744943081094,2,1
,,,,,0.2245894630160664,2,1
,,,,,0.0816713702731261,2,1
,,,,,0.5674439691289138,2,0
,,,,,0.6846345692492651,2,1
,,,,,0.7553428332106216,2,0
,,,,,0.8861693791756021,2,1
,,,,,0.3554210138432838,2,1
,,,,,0.8247258535290257,2,1
,,,,,0.7950389204827844,2,0
,,,,,0.3546147753167975,2,1
,,,,,0.4259497846564294,2,1
,,,,,0.4356320977839276,2,0
,,,,,0.5906959987900762,2,0
,,,,,0.3760835696176124,2,1
,,,,,0.3839636220817194,2,1
,,,,,0.8100627316953493,2,0
,,,,,0.3536694971121272,2,1
,,,,,0.6340563729648342,2,0
,,,,,0.5342425845642138,2,0
,,,,,1.143568496477032,2,0
,,,,,0.6425321102737718,2,0
,,,,,0.4776193415720469,2,0
,,,,,0.01,2,1
,,,,,0.1772681011985206,2,0
,,,,,0.5892752230209374,2,1
,,,,,0.6054274363194743,2,0
,,,,,0.7043206498832772,2,0
,,,,,0.9518973809286132,2,1
,,,,,0.7035431286336555,2,0
,,,,,0.7676534122828729,2,1
,,,,,0.4702263527909657,2,1
,,,,,0.5312533617073107,2,1
,,,,,0.8943715860762264,2,0
,,,,,0.7009405504489697,2,1
,,,,,0.3671864488225334,2,1
,,,,,0.2333190312144155,2,1
,,,,,0.3401867683801456,2,1
,,,,,0.2601126691903672,2,1
,,,,,0.6282503772659623,2,1
,,,,,0.5150453485882733,2,1
,,,,,0.8276669202175713,2,0
,,,,,0.2707051219419267,2,0
,,,,,0.9381769307188664,2,0
,,,,,0.8888314276050998,2,0
,,,,,0.6572424543740014,2,0
,,,,,0.810840249091812,2,1
,,,,,0.5766553990696459,2,1
,,,,,0.9334583766809978,2,0
,,,,,0.2506532346880252,2,1
,,,,,0.3888330990250387,2,1
,,,,,0.4586634579139215,2,0
,,,,,0.876338607498748,2,0
,,,,,0.4771860066225675,2,0
,,,,,0.5953389481537688,2,0
,,,,,0.5107035608443354,2,1
,,,,,0.6148273711654916,2,1
,,,,,0.3951836329028972,2,1
,,,,,0.6774665850190408,2,1
,,,,,0.3194066576342991,2,1
,,,,,0.817052299668516,2,0
,,,,,0.7153797365233534,2,1
,,,,,1.0321909471761015,2,0
,,,,,0.4599068993585935,2,0
,,,,,0.7820178708563686,2,0
,,,,,0.6016851360787789,2,1
,,,,,0.3844068739693785,2,0
,,,,,0.465656111636833,2,1
,,,,,0.6666817928089234,2,1
,,,,,0.5331673870643902,2,0
,,,,,0.5234468652806723,2,0
,,,,,0.6662873563159848,2,1
,,,,,0.5411141456029077,2,0
,,,,,0.3269022919931765,2,0
,,,,,0.7959522271416735,2,0
,,,,,0.7921810522757053,2,0
,,,,,0.5058267153218545,2,1
,,,,,0.364093000073331,2,1
,,,,,0.5323594688026789,2,1
,,,,,0.74605870035657,2,1
,,,,,0.5027376624620078,2,0
,,,,,0.568415065321103,2,1
,,,,,0.8455657120452013,2,1
,,,,,0.5373190513260937,2,0
,,,,,0.1298701473748118,2,1
,,,,,0.486874665647566,2,1
,,,,,0.8474715658309883,2,0
,,,,,0.4780622419678345,2,0
,,,,,0.4811057804910077,2,0
,,,,,0.4811316295268968,2,1
,,,,,0.2213372748681444,2,1
,,,,,0.6168014521664629,2,1
,,,,,0.8151146193312784,2,1
,,,,,0.6132484145159686,2,0
,,,,,0.682669846531971,2,1
,,,,,0.5498759601270519,2,1
,,,,,0.611572839471318,2,0
,,,,,0.6784525549385063,2,1
,,,,,0.3361974404171984,2,0
,,,,,0.3005896246635321,2,0
,,,,,0.8471487778547265,2,0
,,,,,0.4245029574538598,2,0
,,,,,0.4478997042739536,2,0
,,,,,0.9260018289454452,2,0
,,,,,0.6679274984916803,2,0
,,,,,0.2300717735297365,2,1
,,,,,0.9929012653477082,2,0
,,,,,0.653714356638725,2,1
,,,,,0.0538274415371705,2,1
,,,,,0.4706839465981215,2,1
,,,,,0.6363125126761245,2,1
,,,,,0.22544710940026,2,1
,,,,,0.5186694406814218,2,1
,,,,,0.7205485758272488,2,0
,,,,,1.013398449447882,2,1
,,,,,0.8028153367915606,2,0
,,,,,0.6547531176126504,2,0
,,,,,0.4743848060090067,2,1
,,,,,0.1943965410075234,2,1
,,,,,0.8626921070680648,2,0
,,,,,0.5038248701073477,2,1
,,,,,0.7595728475150804,2,1
,,,,,0.8108824777007156,2,1
,,,,,0.7084453065654058,2,0
,,,,,0.4504613951507046,2,0
,,,,,0.2658335220173937,2,1
,,,,,0.5622682174896624,2,1
,,,,,0.4733926037763322,2,1
,,,,,0.8007835532040728,2,0
,,,,,0.2776317260845023,2,1
,,,,,1.1291514609992876,2,1
,,,,,0.9149001757006922,2,1
,,,,,0.585744980981122,2,0
,,,,,0.5692828009197088,2,1
,,,,,0.2783276448489436,2,1
,,,,,0.5088832385255293,2,0
,,,,,0.9274161459922606,2,0
,,,,,0.6786342160546694,2,0
,,,,,0.7323051139948467,2,0
,,,,,0.6482317347393778,2,0
,,,,,0.7248218330321851,2,0
,,,,,0.4569914057538208,2,0
,,,,,0.4997025033646379,2,1
,,,,,0.0963931356616991,2,1
,,,,,0.2326772027093616,2,1
,,,,,0.4705146641023559,2,0
,,,,,0.4551715777366387,2,0
,,,,,0.555010120675432,2,0
,,,,,0.4170177518161212,2,0
,,,,,0.4353785390434902,2,1
,,,,,0.4368933177492607,2,0
,,,,,0.933847771391745,2,0
,,,,,0.7023938526680915,2,1
,,,,,0.6809737102998988,2,1
,,,,,0.5861084784668202,2,1
,,,,,0.6090846018313434,2,1
,,,,,0.4202811916067992,2,1
,,,,,0.7802661175912673,2,1
,,,,,0.3932939913189515,2,1
,,,,,0.5359803002754442,2,1
,,,,,0.372240664089193,2,1
,,,,,0.9866206514017302,2,1
,,,,,0.4791082350801818,2,0
,,,,,0.520013336212696,2,1
,,,,,0.9519225191578472,2,1
,,,,,0.5080608577919146,2,0
,,,,,0.7242650406635914,2,1
,,,,,1.0479729112558076,2,0
,,,,,0.7383712981841094,2,1
,,,,,0.6270321124072977,2,0
,,,,,0.3725880266755965,2,1
,,,,,0.2772762110486159,2,1
,,,,,0.7699371657835444,2,0
,,,,,0.6167071257843918,2,0
,,,,,0.2098432066973095,2,0
,,,,,0.905415482833533,2,1
,,,,,0.6651185053376173,2,0
,,,,,0.6351111548750111,2,1
,,,,,0.5565009841066263,2,1
,,,,,0.6294865491244328,2,1
,,,,,0.8278582809802092,2,1
,,,,,0.3148916850646142,2,1
,,,,,0.7482463124769714,2,0
,,,,,0.441736843478951,2,0
,,,,,0.7399253244037313,2,0
,,,,,0.7721170904648212,2,0
,,,,,0.4969660874270933,2,1
,,,,,0.96916743836305,2,0
,,,,,0.5334662358335929,2,0
,,,,,0.8923022444393583,2,1
,,,,,0.8277754085411929,2,0
,,,,,0.6462523963737217,2,1
,,,,,0.642823754298376,2,0
,,,,,1.0768587649474748,2,0
,,,,,0.4740985198335674,2,1
,,,,,0.0775004969567169,2,0
,,,,,0.598390259930739,2,0
,,,,,0.8687790314090286,2,1
,,,,,1.0909124654453757,2,1
,,,,,0.7573373968111247,2,1
,,,,,0.6586867202210813,2,0
,,,,,0.8306873984219164,2,0
,,,,,0.9556125592858778,2,0
,,,,,0.3218127697526217,2,1
,,,,,0.58923234223607,2,1
,,,,,0.7424336169756951,2,0
,,,,,0.3002081970231329,2,1
,,,,,0.3359780394442768,2,0
,,,,,0.7021056297520254,2,0
,,,,,0.7166661032971229,2,0
,,,,,0.6384368681819791,2,1
,,,,,0.2302198837384105,2,1
,,,,,0.5338123939000968,2,1
,,,,,0.4843160808998181,2,1
,,,,,0.9575848279355276,2,0
,,,,,0.4540770973288794,2,0
,,,,,0.5361181349770848,2,1
,,,,,0.2467802607878687,2,0
,,,,,0.1147913887957713,2,0
,,,,,0.7487135161200662,2,1
,,,,,0.4117278331103913,2,1
,,,,,0.6301425575737836,2,1
,,,,,0.7707032249571669,2,1
,,,,,0.7642298652066597,2,0
,,,,,0.6414321856766727,2,1
,,,,,0.3347562299931926,2,1
,,,,,0.4312106306210518,2,1
,,,,,0.4529402814290638,2,1
,,,,,0.8375423306100721,2,0
,,,,,0.463736647640557,2,1
,,,,,0.3748341037264989,2,1
,,,,,0.903490015770179,2,0
,,,,,0.7605209294371983,2,1
,,,,,0.328004727163979,2,1
,,,,,0.8090072324562176,2,1
,,,,,0.8808199684951842,2,0
,,,,,0.3004221874519237,2,1
,,,,,0.5792783329360073,2,0
,,,,,0.2126556105469105,2,1
,,,,,0.7110379795381371,2,0
,,,,,0.2014562651661736,2,1
,,,,,0.5230064716943963,2,1
,,,,,0.5579495554279491,2,0
,,,,,0.6488904024797209,2,0
,,,,,0.4940481460249115,2,0
,,,,,0.4556194972154043,2,1
,,,,,0.4124654732255757,2,1
,,,,,0.3591532359927941,2,0
,,,,,0.8105150775541712,2,0
,,,,,1.0054410231650317,2,0
,,,,,0.6719779247695444,2,0
,,,,,0.9282824130098504,2,0
,,,,,0.3369358976763968,2,0
,,,,,0.5599297351708077,2,0
,,,,,0.363482909206524,2,1
,,,,,0.7639075601315528,2,0
,,,,,0.6432870451799818,2,1
,,,,,0.2099776039350287,2,1
,,,,,0.7936256072344579,2,1
,,,,,0.2265295989869787,2,1
,,,,,0.3530382996760698,2,1
,,,,,0.8094531127130183,2,1
,,,,,0.5420686555318454,2,1
,,,,,0.8568867598916936,2,0
,,,,,0.8007653318841932,2,1
,,,,,0.4460970739246005,2,0
,,,,,0.5753247716215213,2,1
,,,,,0.8217950044326137,2,1
,,,,,0.5190868905900574,2,1
,,,,,0.9259988298541828,2,1
,,,,,0.4879166857697709,2,0
,,,,,0.3432623201403073,2,1
,,,,,0.6855380244898598,2,0
,,,,,0.8026277410332385,2,0
,,,,,0.6089442837853056,2,0
,,,,,0.4380180503097738,2,0
,,,,,0.7553556062543201,2,0
,,,,,0.2888840945708409,2,1
,,,,,0.2988294619543798,2,0
,,,,,0.6936731518206529,2,0
,,,,,0.1098960877375632,2,1
,,,,,0.6957399906589073,2,1
,,,,,0.5708971801561803,2,0
,,,,,0.5237202414963839,2,1
,,,,,0.4682609972627443,2,1
,,,,,0.6884680564108743,2,0
,,,,,0.7515987537240266,2,1
,,,,,0.1759460232327305,2,1
,,,,,0.6280265312536243,2,0
,,,,,0.4240748930781673,2,1
,,,,,0.510781116768591,2,1
,,,,,0.5599311819107547,2,0
,,,,,0.4671336427943334,2,1
,,,,,0.7427062480143038,2,1
,,,,,0.9982614735487932,2,0
,,,,,0.6365238483565476,2,0
,,,,,0.6632557704930556,2,0
,,,,,0.696884977509505,2,0
,,,,,0.5769603274646917,2,0
,,,,,0.4971928371273756,2,0
,,,,,0.9656054116823312,2,0
,,,,,0.9297865298400126,2,0
,,,,,0.6143891851163887,2,0
,,,,,0.3551893525374426,2,0
,,,,,0.58312809377072,2,1
,,,,,0.8937214772441036,2,0
,,,,,0.2529906282986994,2,0
,,,,,0.3280313015453812,2,1
,,,,,0.6053925130603909,2,0
,,,,,0.2500326349657764,2,1
,,,,,0.5120699596926445,2,1
,,,,,0.3043936871060304,2,1
,,,,,0.6168793141388167,2,1
,,,,,0.8325087641735446,2,1
,,,,,0.8629376704557893,2,1
,,,,,0.887191648294925,2,0
,,,,,0.8876529445863286,2,0
,,,,,0.6437549820398332,2,1
,,,,,0.2906852390525473,2,1
,,,,,0.602102503844353,2,0
,,,,,0.2768339940897302,2,1
,,,,,0.6190742243526676,2,1
,,,,,0.6390224433598313,2,1
,,,,,0.8953472681518461,2,1
,,,,,0.9271903532240487,2,0
,,,,,0.7005924079468466,2,0
,,,,,0.5185122375637821,2,1
,,,,,0.5549468765481057,2,0
,,,,,0.8320813606449027,2,1
,,,,,0.5279515459805811,2,1
,,,,,0.0362221263496483,2,1
,,,,,0.9534984798385324,2,1
,,,,,0.400130733194169,2,0
,,,,,0.6206196367669179,2,1
,,,,,0.953419306711555,2,0
,,,,,0.6313039076702958,2,1
,,,,,0.4290788580173532,2,1
,,,,,0.6157595866424643,2,0
,,,,,0.8119023063701034,2,0
,,,,,0.3798000573642071,2,1
,,,,,0.240109388438573,2,1
,,,,,0.4633582349006314,2,0
,,,,,0.5416329441253165,2,0
,,,,,0.8539078172710175,2,1
,,,,,0.7923092076288261,2,0
,,,,,0.5298070534907182,2,1
,,,,,0.4797869951936487,2,1
,,,,,0.6968930768057217,2,0
,,,,,0.7442189971893607,2,0
,,,,,0.7735830671362288,2,0
,,,,,0.1494232439801869,2,1
,,,,,0.5845534328015085,2,0
,,,,,0.7192689182265446,2,0
,,,,,0.354499143397464,2,1
,,,,,0.8645509177700115,2,1
,,,,,0.3521821125149371,2,1
,,,,,0.3440586108116064,2,1
,,,,,0.4398329648792285,2,1
,,,,,0.943267312501791,2,0
,,,,,0.434045904484987,2,1
,,,,,0.2688953663270353,2,1
,,,,,0.3930571890530022,2,1
,,,,,0.5768139312241728,2,0
,,,,,0.3231808727502255,2,1
,,,,,0.3893189429635089,2,1
,,,,,0.9216877207017068,2,0
synthetic_product,0.5,0.5,0.5,100.0,0.9355120241735209,1,1
synthetic_product,0.5,0.5,0.5,100.0,0.5921369267181508,2,0
synthetic_product,0.5,0.5,0.5,100.0,0.7352288205067002,1,1
synthetic_product,0.5,0.5,0.5,100.0,0.5326277277872227,1,1
synthetic_product,0.5,0.5,0.5,100.0,0.4048526176889072,2,0
synthetic_product,0.5,0.5,0.5,100.0,0.33890140761888715,2,1
synthetic_product,0.5,0.5,0.5,100.0,1.024253146959531,2,0
synthetic_product,0.5,0.5,0.5,100.0,0.8245831942790232,3,1
synthetic_product,0.5,0.5,0.5,100.0,1.067942999902936,3,0
synthetic_product,0.5,0.5,0.5,100.0,0.20258776609554652,1,0
synthetic_product,0.5,0.5,0.5,100.0,0.3543766380982555,2,0
synthetic_product,0.5,0.5,0.5,100.0,0.6295894728477701,2,0
synthetic_product,0.5,0.5,0.5,100.0,0.4784854721865298,1,1
synthetic_product,0.5,0.5,0.5,100.0,0.6916752336477947,3,0
synthetic_product,0.5,0.5,0.5,100.0,0.692247621264273,2,1
synthetic_product,0.5,0.5,0.5,100.0,0.4599545522700574,1,1
synthetic_product,0.5,0.5,0.5,100.0,0.9572989187738707,2,0
synthetic_product,0.5,0.5,0.5,100.0,0.30902436843723474,2,1
synthetic_product,0.5,0.5,0.5,100.0,0.40812518550296384,2,0
synthetic_product,0.5,0.5,0.5,100.0,0.6724276633850027,2,1
synthetic_product,0.5,0.5,0.5,100.0,0.7543781605909143,2,1
synthetic_product,0.5,0.5,0.5,100.0,0.6790430543171386,2,1
synthetic_product,0.5,0.5,0.5,100.0,0.6206997414096344,2,0
synthetic_product,0.5,0.5,0.5,100.0,1.0238838585927355,3,1
synthetic_product,0.5,0.5,0.5,100.0,0.510046820822372,1,0
synthetic_product,0.5,0.5,0.5,100.0,0.34054212243799453,1,1
synthetic_product,0.5,0.5,0.5,100.0,0.4418372429219184,1,0
synthetic_product,0.5,0.5,0.5,100.0,0.21953174723447805,1,0
synthetic_product,0.5,0.5,0.5,100.0,0.616478373982682,2,0
synthetic_product,0.5,0.5,0.5,100.0,0.5476641786386381,1,1
synthetic_product,0.5,0.5,0.5,100.0,0.6845925046292969,2,0
synthetic_product,0.5,0.5,0.5,100.0,0.6778675773797534,2,0
synthetic_product,0.5,0.5,0.5,100.0,0.4775792871379987,2,1
synthetic_product,0.5,0.5,0.5,100.0,0.27308008096811337,1,1
synthetic_product,0.5,0.5,0.5,100.0,0.6150143881024714,1,0
synthetic_product,0.5,0.5,0.5,100.0,0.4742374734456621,2,0
synthetic_product,0.5,0.5,0.5,100.0,0.26769399103339003,1,1
synthetic_product,0.5,0.5,0.5,100.0,0.17347528289268313,1,0
synthetic_product,0.5,0.5,0.5,100.0,0.8642561727508673,3,1
synthetic_product,0.5,0.5,0.5,100.0,0.24061142158604934,1,1
synthetic_product,0.5,0.5,0.5,100.0,0.6500669858066161,1,1
synthetic_product,0.5,0.5,0.5,100.0,0.9482004183347406,2,0
synthetic_product,0.5,0.5,0.5,100.0,0.39156306867048907,1,0
synthetic_product,0.5,0.5,0.5,100.0,0.809903908187143,1,0
synthetic_product,0.5,0.5,0.5,100.0,0.7264791644973292,1,0
synthetic_product,0.5,0.5,0.5,100.0,0.9031379228665359,3,1
synthetic_product,0.5,0.5,0.5,100.0,0.8723878744512767,2,0
synthetic_product,0.5,0.5,0.5,100.0,0.5145739683742716,1,0
synthetic_product,0.5,0.5,0.5,100.0,0.6008919030800667,2,0
synthetic_product,0.5,0.5,0.5,100.0,0.33007079452811117,1,1
synthetic_product,0.5,0.5,0.5,100.0,1.0721422638403357,2,1
synthetic_product,0.5,0.5,0.5,100.0,0.5024624753173565,2,0
synthetic_product,0.5,0.5,0.5,100.0,0.6645657445988586,1,0
synthetic_product,0.5,0.5,0.5,100.0,0.8708552018655071,2,1
synthetic_product,0.5,0.5,0.5,100.0,0.9074736447517797,2,1
synthetic_product,0.5,0.5,0.5,100.0,0.19225178975614615,1,1
synthetic_product,0.5,0.5,0.5,100.0,0.8695988405816707,3,0
synthetic_product,0.5,0.5,0.5,100.0,0.6371316873595702,3,0
synthetic_product,0.5,0.5,0.5,100.0,0.8350253745459424,2,0
synthetic_product,0.5,0.5,0.5,100.0,0.9266184397046225,2,0
synthetic_product,0.5,0.5,0.5,100.0,0.7209679961627137,2,1
synthetic_product,0.5,0.5,0.5,100.0,0.5308568059439461,3,1
synthetic_product,0.5,0.5,0.5,100.0,0.948558992949225,1,0
synthetic_product,0.5,0.5,0.5,100.0,0.9477303215836507,1,1
synthetic_product,0.5,0.5,0.5,100.0,0.7284405032144279,3,1
synthetic_product,0.5,0.5,0.5,100.0,0.4899553018521373,2,1
synthetic_product,0.5,0.5,0.5,100.0,1.0441075591353028,2,0
synthetic_product,0.5,0.5,0.5,100.0,0.33647378157603036,2,1
synthetic_product,0.5,0.5,0.5,100.0,0.711918820566163,2,1
synthetic_product,0.5,0.5,0.5,100.0,1.0504398056847484,2,1
synthetic_product,0.5,0.5,0.5,100.0,0.6366939072168654,1,0
synthetic_product,0.5,0.5,0.5,100.0,0.7436714911120356,1,0
synthetic_product,0.5,0.5,0.5,100.0,0.3307997511366734,2,0
synthetic_product,0.5,0.5,0.5,100.0,0.9090490610966632,2,1
synthetic_product,0.5,0.5,0.5,100.0,1.1786522646428172,2,1
synthetic_product,0.5,0.5,0.5,100.0,0.879455505415687,3,0
synthetic_product,0.5,0.5,0.5,100.0,0.5780778259574433,1,0
synthetic_product,0.5,0.5,0.5,100.0,0.49137027308362347,1,1
synthetic_product,0.5,0.5,0.5,100.0,0.37265750541322545,1,1
synthetic_product,0.5,0.5,0.5,100.0,1.0724681373294769,2,1
synthetic_product,0.5,0.5,0.5,100.0,0.6492403983660018,2,0
synthetic_product,0.5,0.5,0.5,100.0,0.4548640929487829,2,1
synthetic_product,0.5,0.5,0.5,100.0,0.6067122822116369,2,0
synthetic_product,0.5,0.5,0.5,100.0,0.9422542735647663,2,0
synthetic_product,0.5,0.5,0.5,100.0,0.6281204979426164,2,1
synthetic_product,0.5,0.5,0.5,100.0,0.7964910312915728,2,1
synthetic_product,0.5,0.5,0.5,100.0,0.24093437507419513,1,1
synthetic_product,0.5,0.5,0.5,100.0,0.7975011093473777,2,0
synthetic_product,0.5,0.5,0.5,100.0,0.8754667315851603,3,1
synthetic_product,0.5,0.5,0.5,100.0,0.39232174820052107,2,1
synthetic_product,0.5,0.5,0.5,100.0,0.2760250639314646,3,1
synthetic_product,0.5,0.5,0.5,100.0,0.9680933391100539,1,0
synthetic_product,0.5,0.5,0.5,100.0,0.45318293266144594,1,1
synthetic_product,0.5,0.5,0.5,100.0,0.6156128554203433,3,1
synthetic_product,0.5,0.5,0.5,100.0,0.46839891935226885,2,1
synthetic_product,0.5,0.5,0.5,100.0,0.8667815198339346,2,1
synthetic_product,0.5,0.5,0.5,100.0,1.0595872149251757,3,1
synthetic_product,0.5,0.5,0.5,100.0,0.4602455262561505,2,1
synthetic_product,0.5,0.5,0.5,100.0,0.7495664723539571,3,0
synthetic_product,0.5,0.5,0.5,100.0,0.6882331267359937,1,1
synthetic_product,0.5,0.5,0.5,100.0,0.34024412156288886,2,1
synthetic_product,0.5,0.5,0.5,100.0,0.8987995183261166,2,0
synthetic_product,0.5,0.5,0.5,100.0,0.6212078993305512,1,0
synthetic_product,0.5,0.5,0.5,100.0,1.0618816328506078,2,1
synthetic_product,0.5,0.5,0.5,100.0,1.014365325047358,2,0
synthetic_product,0.5,0.5,0.5,100.0,0.32829865939321734,3,1
synthetic_product,0.5,0.5,0.5,100.0,0.3925728475469289,2,1
synthetic_product,0.5,0.5,0.5,100.0,0.8013671941272065,2,0
synthetic_product,0.5,0.5,0.5,100.0,0.45820903773905214,3,1
synthetic_product,0.5,0.5,0.5,100.0,1.0369850347332377,1,1
synthetic_product,0.5,0.5,0.5,100.0,0.9489814396395105,1,0
synthetic_product,0.5,0.5,0.5,100.0,0.4046280551843369,1,1
synthetic_product,0.5,0.5,0.5,100.0,0.11000039378725139,1,1
synthetic_product,0.5,0.5,0.5,100.0,0.5452206524729605,3,1
synthetic_product,0.5,0.5,0.5,100.0,0.714637397207847,2,1
synthetic_product,0.5,0.5,0.5,100.0,0.7642073069424623,2,0
synthetic_product,0.5,0.5,0.5,100.0,0.3013755846321243,1,0
synthetic_product,0.5,0.5,0.5,100.0,0.20121835077454142,1,1
synthetic_product,0.5,0.5,0.5,100.0,0.7215330148272009,1,0
synthetic_product,0.5,0.5,0.5,100.0,0.6542803078958356,1,1
synthetic_product,0.5,0.5,0.5,100.0,0.7907231408286488,1,0
synthetic_product,0.5,0.5,0.5,100.0,0.46940212456080815,1,0
synthetic_product,0.5,0.5,0.5,100.0,0.3659494709300041,1,0
synthetic_product,0.5,0.5,0.5,100.0,0.9841504857085384,2,0
synthetic_product,0.5,0.5,0.5,100.0,0.19761707342989554,1,1
synthetic_product,0.5,0.5,0.5,100.0,0.6896417977518288,1,1
synthetic_product,0.5,0.5,0.5,100.0,0.277694079080571,2,0
synthetic_product,0.5,0.5,0.5,100.0,0.5946980542911104,3,0
synthetic_product,0.5,0.5,0.5,100.0,0.5401215489554757,2,1
synthetic_product,0.5,0.5,0.5,100.0,0.7062810312485777,2,0
synthetic_product,0.5,0.5,0.5,100.0,0.5233679429061265,1,0
synthetic_product,0.5,0.5,0.5,100.0,0.9748750561852112,2,1
synthetic_product,0.5,0.5,0.5,100.0,0.22116607816016795,1,1
synthetic_product,0.5,0.5,0.5,100.0,0.6135881290604884,1,0
synthetic_product,0.5,0.5,0.5,100.0,0.9298945434158001,2,0
synthetic_product,0.5,0.5,0.5,100.0,0.2698446146178657,1,1
synthetic_product,0.5,0.5,0.5,100.0,0.5136183791287985,2,1
synthetic_product,0.5,0.5,0.5,100.0,0.165843037858245,2,1
synthetic_product,0.5,0.5,0.5,100.0,0.9273550069938359,2,0
synthetic_product,0.5,0.5,0.5,100.0,0.7093459795696754,1,0
synthetic_product,0.5,0.5,0.5,100.0,0.566744501189739,2,0
synthetic_product,0.5,0.5,0.5,100.0,0.5240115655696097,2,1
synthetic_product,0.5,0.5,0.5,100.0,0.7381356350514776,2,0
synthetic_product,0.5,0.5,0.5,100.0,0.39997172419889815,2,0
synthetic_product,0.5,0.5,0.5,100.0,0.6184532109239498,3,1
synthetic_product,0.5,0.5,0.5,100.0,0.3887391311273097,1,1
synthetic_product,0.5,0.5,0.5,100.0,0.4253328797220413,3,0
synthetic_product,0.5,0.5,0.5,100.0,0.7953434396783559,2,1
synthetic_product,0.5,0.5,0.5,100.0,0.8772872845570436,2,1
synthetic_product,0.5,0.5,0.5,100.0,0.7583388542777143,2,0
synthetic_product,0.5,0.5,0.5,100.0,0.5851947413306833,2,0
synthetic_product,0.5,0.5,0.5,100.0,0.8351162631721496,2,0
synthetic_product,0.5,0.5,0.5,100.0,0.5848997468574932,2,1
synthetic_product,0.5,0.5,0.5,100.0,0.35819938747377184,3,1
synthetic_product,0.5,0.5,0.5,100.0,1.0397848952701423,3,0
synthetic_product,0.5,0.5,0.5,100.0,0.5419464255698538,1,0
synthetic_product,0.5,0.5,0.5,100.0,0.9702688729827822,3,1
synthetic_product,0.5,0.5,0.5,100.0,0.9760435661784972,3,1
synthetic_product,0.5,0.5,0.5,100.0,0.247038186008458,1,0
synthetic_product,0.5,0.5,0.5,100.0,0.6245227702170556,3,1
synthetic_product,0.5,0.5,0.5,100.0,0.9665021412019713,1,1
synthetic_product,0.5,0.5,0.5,100.0,0.2437687227830563,1,0
synthetic_product,0.5,0.5,0.5,100.0,0.4417782535249099,2,1
synthetic_product,0.5,0.5,0.5,100.0,0.06493663332639321,1,1
synthetic_product,0.5,0.5,0.5,100.0,0.5081524147982259,1,0
synthetic_product,0.5,0.5,0.5,100.0,0.8970789785116069,1,0
synthetic_product,0.5,0.5,0.5,100.0,0.6208495573971518,1,1
synthetic_product,0.5,0.5,0.5,100.0,0.41359866331836237,2,1
synthetic_product,0.5,0.5,0.5,100.0,0.6956950547022893,2,1
synthetic_product,0.5,0.5,0.5,100.0,0.7242946583363293,2,0
synthetic_product,0.5,0.5,0.5,100.0,0.7496996113123454,3,1
synthetic_product,0.5,0.5,0.5,100.0,0.3113144902433487,1,1
synthetic_product,0.5,0.5,0.5,100.0,0.5187795086951617,2,1
synthetic_product,0.5,0.5,0.5,100.0,0.5430807041235867,1,1
synthetic_product,0.5,0.5,0.5,100.0,0.4698622008180798,1,0
synthetic_product,0.5,0.5,0.5,100.0,0.8690016060500199,1,1
synthetic_product,0.5,0.5,0.5,100.0,0.9048343621971806,3,1
synthetic_product,0.5,0.5,0.5,100.0,0.3559094680836358,2,1
synthetic_product,0.5,0.5,0.5,100.0,0.9071110323018016,2,1
synthetic_product,0.5,0.5,0.5,100.0,0.6061241843039853,3,0
synthetic_product,0.5,0.5,0.5,100.0,0.9325979355356266,2,0
synthetic_product,0.5,0.5,0.5,100.0,0.4025224687160213,2,1
synthetic_product,0.5,0.5,0.5,100.0,1.014978601538755,2,0
synthetic_product,0.5,0.5,0.5,100.0,0.5545241981686573,2,1
synthetic_product,0.5,0.5,0.5,100.0,0.5034498120134145,2,1
synthetic_product,0.5,0.5,0.5,100.0,0.8122212861086173,2,0
synthetic_product,0.5,0.5,0.5,100.0,0.9569891692964374,3,1
synthetic_product,0.5,0.5,0.5,100.0,0.8052835350606744,3,0
synthetic_product,0.5,0.5,0.5,100.0,0.8978300922565868,2,0
synthetic_product,0.5,0.5,0.5,100.0,0.29862110271874776,2,1
synthetic_product,0.5,0.5,0.5,100.0,1.105444764767213,3,0
synthetic_product,0.5,0.5,0.5,100.0,0.3800762886695105,2,1
synthetic_product,0.5,0.5,0.5,100.0,0.4193170082530173,2,1
synthetic_product,0.5,0.5,0.5,100.0,0.38172006084791454,3,1
synthetic_product,0.5,0.5,0.5,100.0,0.9829447373164943,2,0
synthetic_product,0.5,0.5,0.5,100.0,0.4630014479095566,1,1
synthetic_product,0.5,0.5,0.5,100.0,1.0639585207409958,2,0
synthetic_product,0.5,0.5,0.5,100.0,1.0823905649749945,3,1
synthetic_product,0.5,0.5,0.5,100.0,0.7940018243344865,1,1
synthetic_product,0.5,0.5,0.5,100.0,0.4208354483021546,2,1
synthetic_product,0.5,0.5,0.5,100.0,0.4231587466372692,2,0
synthetic_product,0.5,0.5,0.5,100.0,0.6169437382710792,3,1
synthetic_product,0.5,0.5,0.5,100.0,0.37824706527028135,1,1
synthetic_product,0.5,0.5,0.5,100.0,0.8889570419816544,2,1
synthetic_product,0.5,0.5,0.5,100.0,1.2637369995493353,3,1
synthetic_product,0.5,0.5,0.5,100.0,0.27170742646368945,1,1
synthetic_product,0.5,0.5,0.5,100.0,0.45119533285471264,3,1
synthetic_product,0.5,0.5,0.5,100.0,0.9589841584623834,1,0
synthetic_product,0.5,0.5,0.5,100.0,0.879543543770877,2,1
synthetic_product,0.5,0.5,0.5,100.0,0.816269806088023,1,1
synthetic_product,0.5,0.5,0.5,100.0,0.6300045320695192,1,1
synthetic_product,0.5,0.5,0.5,100.0,0.2896505862337619,2,1
synthetic_product,0.5,0.5,0.5,100.0,0.6522446589028146,1,0
synthetic_product,0.5,0.5,0.5,100.0,0.0482886957749044,1,1
synthetic_product,0.5,0.5,0.5,100.0,0.6393048513014798,2,1
synthetic_product,0.5,0.5,0.5,100.0,1.1025087416716095,2,0
synthetic_product,0.5,0.5,0.5,100.0,0.7462773609960116,2,0
synthetic_product,0.5,0.5,0.5,100.0,0.7381488295204718,2,0
synthetic_product,0.5,0.5,0.5,100.0,0.6067806653439323,2,1
synthetic_product,0.5,0.5,0.5,100.0,0.3578662340418884,2,1
synthetic_product,0.5,0.5,0.5,100.0,1.0115707317772653,1,0
synthetic_product,0.5,0.5,0.5,100.0,0.9581750341020969,2,0
synthetic_product,0.5,0.5,0.5,100.0,0.5604049266856331,1,1
synthetic_product,0.5,0.5,0.5,100.0,0.40846772733414427,1,0
synthetic_product,0.5,0.5,0.5,100.0,0.5886797755909916,3,0
synthetic_product,0.5,0.5,0.5,100.0,0.7423898884814469,3,1
synthetic_product,0.5,0.5,0.5,100.0,0.9474790474706072,1,1
synthetic_product,0.5,0.5,0.5,100.0,0.5993398338638382,1,1
synthetic_product,0.5,0.5,0.5,100.0,0.27621514924174656,1,1
synthetic_product,0.5,0.5,0.5,100.0,1.2391864833194823,2,0
synthetic_product,0.5,0.5,0.5,100.0,0.2624938751660657,1,1
synthetic_product,0.5,0.5,0.5,100.0,0.5939400934508584,2,0
synthetic_product,0.5,0.5,0.5,100.0,0.4405510451505704,2,1
synthetic_product,0.5,0.5,0.5,100.0,0.4076418395877513,2,1
synthetic_product,0.5,0.5,0.5,100.0,0.6048764162660697,1,0
synthetic_product,0.5,0.5,0.5,100.0,0.398032283798199,1,1
synthetic_product,0.5,0.5,0.5,100.0,0.761858517736731,2,1
synthetic_product,0.5,0.5,0.5,100.0,0.4691846804901172,1,0
synthetic_product,0.5,0.5,0.5,100.0,0.5356510550018244,2,1
synthetic_product,0.5,0.5,0.5,100.0,0.9165966194227696,2,0
synthetic_product,0.5,0.5,0.5,100.0,0.479586766376381,2,1
synthetic_product,0.5,0.5,0.5,100.0,0.7055898890860547,2,0
synthetic_product,0.5,0.5,0.5,100.0,0.8599487890394932,3,0
synthetic_product,0.5,0.5,0.5,100.0,0.2778279447595289,1,1
synthetic_product,0.5,0.5,0.5,100.0,0.4173512244495321,1,1
synthetic_product,0.5,0.5,0.5,100.0,0.5409546778731026,2,1
synthetic_product,0.5,0.5,0.5,100.0,0.7810744732747374,1,0
synthetic_product,0.5,0.5,0.5,100.0,0.7055727070994848,1,0
synthetic_product,0.5,0.5,0.5,100.0,0.7506712083467104,2,1
synthetic_product,0.5,0.5,0.5,100.0,1.0361536651550982,3,0
synthetic_product,0.5,0.5,0.5,100.0,0.7976151657374667,2,1
synthetic_product,0.5,0.5,0.5,100.0,0.7945869045495533,1,0
synthetic_product,0.5,0.5,0.5,100.0,0.5679162657032775,2,0
synthetic_product,0.5,0.5,0.5,100.0,0.829623055370239,2,0
synthetic_product,0.5,0.5,0.5,100.0,1.0301770960792473,1,0
synthetic_product,0.5,0.5,0.5,100.0,0.4616132986108139,1,1
synthetic_product,0.5,0.5,0.5,100.0,0.4725616332940372,2,0
synthetic_product,0.5,0.5,0.5,100.0,0.47130703184349676,2,1
synthetic_product,0.5,0.5,0.5,100.0,0.3550177828911433,2,0
synthetic_product,0.5,0.5,0.5,100.0,0.9561379830865733,2,0
synthetic_product,0.5,0.5,0.5,100.0,0.3951338831816885,2,0
synthetic_product,0.5,0.5,0.5,100.0,0.683995726988847,2,0
synthetic_product,0.5,0.5,0.5,100.0,0.8530586272611876,3,0
synthetic_product,0.5,0.5,0.5,100.0,0.7328713808175958,2,0
synthetic_product,0.5,0.5,0.5,100.0,0.6259876377165842,3,0
synthetic_product,0.5,0.5,0.5,100.0,0.22442360897733285,1,1
synthetic_product,0.5,0.5,0.5,100.0,0.8136576681372809,2,1
synthetic_product,0.5,0.5,0.5,100.0,0.8475600374023964,3,0
synthetic_product,0.5,0.5,0.5,100.0,0.4034120110818696,2,1
synthetic_product,0.5,0.5,0.5,100.0,0.592611941161851,2,1
synthetic_product,0.5,0.5,0.5,100.0,0.42005602859344193,3,1
synthetic_product,0.5,0.5,0.5,100.0,0.36196196112356505,1,1
synthetic_product,0.5,0.5,0.5,100.0,0.8261479007365333,1,0
synthetic_product,0.5,0.5,0.5,100.0,0.4426448711883795,2,1
synthetic_product,0.5,0.5,0.5,100.0,1.0512117907383622,2,1
synthetic_product,0.5,0.5,0.5,100.0,0.36985054345216173,2,0
synthetic_product,0.5,0.5,0.5,100.0,0.7804709298180785,3,1
synthetic_product,0.5,0.5,0.5,100.0,0.5814989426180714,3,1
synthetic_product,0.5,0.5,0.5,100.0,0.712681004057375,2,0
synthetic_product,0.5,0.5,0.5,100.0,0.9225803231799333,1,1
synthetic_product,0.5,0.5,0.5,100.0,0.30637463368011875,1,1
synthetic_product,0.5,0.5,0.5,100.0,0.9574305639901592,3,0
synthetic_product,0.5,0.5,0.5,100.0,0.30235246237554425,1,1
synthetic_product,0.5,0.5,0.5,100.0,0.42792603657377853,1,1
synthetic_product,0.5,0.5,0.5,100.0,0.8875118224070022,3,0
synthetic_product,0.5,0.5,0.5,100.0,0.4779576791761666,2,1
synthetic_product,0.5,0.5,0.5,100.0,0.031892558190614116,1,1
synthetic_product,0.5,0.5,0.5,100.0,1.0571968452075102,1,1
synthetic_product,0.5,0.5,0.5,100.0,0.6494992387793971,2,1
synthetic_product,0.5,0.5,0.5,100.0,0.9527419299047281,1,1
synthetic_product,0.5,0.5,0.5,100.0,0.7401521980238411,2,0
synthetic_product,0.5,0.5,0.5,100.0,0.3980017321893233,3,1
synthetic_product,0.5,0.5,0.5,100.0,0.9203451641659506,2,0
synthetic_product,0.5,0.5,0.5,100.0,0.21278512220476933,1,1
synthetic_product,0.5,0.5,0.5,100.0,0.8701001406367882,1,0
synthetic_product,0.5,0.5,0.5,100.0,0.27924289338582714,2,1
synthetic_product,0.5,0.5,0.5,100.0,0.8915039326951066,2,1
synthetic_product,0.5,0.5,0.5,100.0,0.7063725147840872,1,0
synthetic_product,0.5,0.5,0.5,100.0,0.5248665886927936,1,0
synthetic_product,0.5,0.5,0.5,100.0,0.1667329548231664,1,1
synthetic_product,0.5,0.5,0.5,100.0,0.854975738352645,2,0
synthetic_product,0.5,0.5,0.5,100.0,0.5010958380882503,3,0
synthetic_product,0.5,0.5,0.5,100.0,0.49928369754597274,1,1
synthetic_product,0.5,0.5,0.5,100.0,0.7657912848884706,1,0
synthetic_product,0.5,0.5,0.5,100.0,0.5545821032048376,2,1
synthetic_product,0.5,0.5,0.5,100.0,1.0642804725854798,2,0
synthetic_product,0.5,0.5,0.5,100.0,0.661801488162846,2,1
synthetic_product,0.5,0.5,0.5,100.0,0.9767193784148518,3,1
synthetic_product,0.5,0.5,0.5,100.0,0.8599395879330936,1,0
synthetic_product,0.5,0.5,0.5,100.0,0.42052405221280753,1,1
synthetic_product,0.5,0.5,0.5,100.0,0.42833849258245627,2,1
synthetic_product,0.5,0.5,0.5,100.0,0.43133498430356415,3,1
synthetic_product,0.5,0.5,0.5,100.0,0.5928103890679489,2,1
synthetic_product,0.5,0.5,0.5,100.0,0.8265106407702743,3,1
synthetic_product,0.5,0.5,0.5,100.0,0.30004638916300236,1,0
synthetic_product,0.5,0.5,0.5,100.0,0.6956198339845113,2,0
synthetic_product,0.5,0.5,0.5,100.0,0.2299191875253242,1,1
synthetic_product,0.5,0.5,0.5,100.0,0.7274134065600434,1,1
synthetic_product,0.5,0.5,0.5,100.0,0.6608359674805322,1,0
synthetic_product,0.5,0.5,0.5,100.0,0.6015822522014944,1,1
synthetic_product,0.5,0.5,0.5,100.0,0.47472771998511415,1,0
synthetic_product,0.5,0.5,0.5,100.0,0.5058072547328618,1,1
synthetic_product,0.5,0.5,0.5,100.0,0.28787290530096676,2,1
synthetic_product,0.5,0.5,0.5,100.0,0.6847787089117743,3,1
synthetic_product,0.5,0.5,0.5,100.0,0.5511504849051605,3,1
synthetic_product,0.5,0.5,0.5,100.0,0.1206140657274568,2,1
synthetic_product,0.5,0.5,0.5,100.0,0.30736238339873506,2,1
synthetic_product,0.5,0.5,0.5,100.0,0.8525010479965063,2,0
synthetic_product,0.5,0.5,0.5,100.0,0.7157750774760688,1,1
synthetic_product,0.5,0.5,0.5,100.0,0.6978887041788518,2,0
synthetic_product,0.5,0.5,0.5,100.0,1.0363947342895339,2,1
synthetic_product,0.5,0.5,0.5,100.0,0.32399351254337044,2,1
synthetic_product,0.5,0.5,0.5,100.0,0.6586342610012301,2,1
synthetic_product,0.5,0.5,0.5,100.0,0.6325277147195517,2,0
synthetic_product,0.5,0.5,0.5,100.0,0.6809364821624471,1,0
synthetic_product,0.5,0.5,0.5,100.0,0.4236925924580553,2,0
synthetic_product,0.5,0.5,0.5,100.0,0.7232578126923359,2,0
synthetic_product,0.5,0.5,0.5,100.0,0.5281628334108383,1,0
synthetic_product,0.5,0.5,0.5,100.0,0.6039370702049335,2,1
synthetic_product,0.5,0.5,0.5,100.0,0.9069549160905993,3,1
synthetic_product,0.5,0.5,0.5,100.0,0.846119262983646,3,1
synthetic_product,0.5,0.5,0.5,100.0,0.8040596301387898,2,0
synthetic_product,0.5,0.5,0.5,100.0,0.7514065383954187,2,1
synthetic_product,0.5,0.5,0.5,100.0,0.60117252368818,2,1
synthetic_product,0.5,0.5,0.5,100.0,0.5940516773980973,2,0
synthetic_product,0.5,0.5,0.5,100.0,0.7101879481424033,2,0
synthetic_product,0.5,0.5,0.5,100.0,0.3622784511728596,2,1
synthetic_product,0.5,0.5,0.5,100.0,0.9929951039612568,2,0
synthetic_product,0.5,0.5,0.5,100.0,0.5776325130137112,2,1
synthetic_product,0.5,0.5,0.5,100.0,0.7320802456652544,2,1
synthetic_product,0.5,0.5,0.5,100.0,0.4663174124599981,3,1
synthetic_product,0.5,0.5,0.5,100.0,0.6519289492661251,2,0
synthetic_product,0.5,0.5,0.5,100.0,0.8618691871925763,2,0
synthetic_product,0.5,0.5,0.5,100.0,0.7059784799838675,2,0
synthetic_product,0.5,0.5,0.5,100.0,0.30553051015823957,1,0
synthetic_product,0.5,0.5,0.5,100.0,0.6300056967682816,2,0
synthetic_product,0.5,0.5,0.5,100.0,0.8911044402498082,2,1
synthetic_product,0.5,0.5,0.5,100.0,0.8440931735757511,1,1
synthetic_product,0.5,0.5,0.5,100.0,0.48471593302219046,3,0
synthetic_product,0.5,0.5,0.5,100.0,0.841812149912673,2,0
synthetic_product,0.5,0.5,0.5,100.0,0.9119464252909122,1,0
synthetic_product,0.5,0.5,0.5,100.0,0.6837745403715408,2,1
synthetic_product,0.5,0.5,0.5,100.0,0.7938658012843435,1,0
synthetic_product,0.5,0.5,0.5,100.0,0.4497802448983651,2,0
synthetic_product,0.5,0.5,0.5,100.0,0.5969802451546826,1,0
synthetic_product,0.5,0.5,0.5,100.0,0.46837975190833664,2,0
synthetic_product,0.5,0.5,0.5,100.0,0.9000092533459798,1,0
synthetic_product,0.5,0.5,0.5,100.0,0.7651141976354443,2,1
synthetic_product,0.5,0.5,0.5,100.0,0.7431997387128335,2,1
synthetic_product,0.5,0.5,0.5,100.0,0.7233565097596387,2,0
synthetic_product,0.5,0.5,0.5,100.0,0.7398206572818871,1,0
synthetic_product,0.5,0.5,0.5,100.0,0.4080251424556532,2,1
synthetic_product,0.5,0.5,0.5,100.0,0.5689204772833294,2,0
synthetic_product,0.5,0.5,0.5,100.0,0.869732141797494,3,1
synthetic_product,0.5,0.5,0.5,100.0,0.38412398938575903,1,0
synthetic_product,0.5,0.5,0.5,100.0,0.5890993251713222,2,0
synthetic_product,0.5,0.5,0.5,100.0,0.7992542388927103,2,0
synthetic_product,0.5,0.5,0.5,100.0,0.8317486455027213,1,1
synthetic_product,0.5,0.5,0.5,100.0,0.19382004880184922,1,0
synthetic_product,0.5,0.5,0.5,100.0,0.624868527718461,3,1
synthetic_product,0.5,0.5,0.5,100.0,0.3370138288897728,2,1
synthetic_product,0.5,0.5,0.5,100.0,0.3656096207306513,3,1
synthetic_product,0.5,0.5,0.5,100.0,0.7794559355247305,1,0
synthetic_product,0.5,0.5,0.5,100.0,0.7923130429393184,3,1
synthetic_product,0.5,0.5,0.5,100.0,0.7751352731936023,1,1
synthetic_product,0.5,0.5,0.5,100.0,1.071653655502568,3,1
synthetic_product,0.5,0.5,0.5,100.0,0.23838917859101094,1,1
synthetic_product,0.5,0.5,0.5,100.0,0.23821548260834666,2,0
synthetic_product,0.5,0.5,0.5,100.0,0.42037108216697566,1,0
synthetic_product,0.5,0.5,0.5,100.0,0.7533072615581898,1,1
synthetic_product,0.5,0.5,0.5,100.0,0.6255405663208673,3,0
synthetic_product,0.5,0.5,0.5,100.0,0.8387505104386849,3,0
synthetic_product,0.5,0.5,0.5,100.0,0.42251876479433637,1,1
synthetic_product,0.5,0.5,0.5,100.0,0.824300004586744,3,1
synthetic_product,0.5,0.5,0.5,100.0,0.43233439777255955,1,0
synthetic_product,0.5,0.5,0.5,100.0,0.7122207574356002,2,0
synthetic_product,0.5,0.5,0.5,100.0,0.7871511903466459,2,1
synthetic_product,0.5,0.5,0.5,100.0,0.7662529535251209,2,1
synthetic_product,0.5,0.5,0.5,100.0,0.5850293520757336,1,1
synthetic_product,0.5,0.5,0.5,100.0,0.24650848595430097,1,1
synthetic_product,0.5,0.5,0.5,100.0,0.6384109641700754,1,0
synthetic_product,0.5,0.5,0.5,100.0,0.44875968687311935,2,1
synthetic_product,0.5,0.5,0.5,100.0,0.7147393433916388,1,0
synthetic_product,0.5,0.5,0.5,100.0,0.48362198223555136,1,1
synthetic_product,0.5,0.5,0.5,100.0,1.03549674658577,2,1
synthetic_product,0.5,0.5,0.5,100.0,0.42138783535094826,1,1
synthetic_product,0.5,0.5,0.5,100.0,0.47959409643894213,2,0
synthetic_product,0.5,0.5,0.5,100.0,1.069537579610435,3,0
synthetic_product,0.5,0.5,0.5,100.0,0.2741612926295016,1,1
synthetic_product,0.5,0.5,0.5,100.0,0.9857257400322414,2,0
synthetic_product,0.5,0.5,0.5,100.0,0.539674550805011,3,1
synthetic_product,0.5,0.5,0.5,100.0,0.15755601801427327,2,1
synthetic_product,0.5,0.5,0.5,100.0,0.6181995983900425,2,1
synthetic_product,0.5,0.5,0.5,100.0,0.7624420161394571,1,0
synthetic_product,0.5,0.5,0.5,100.0,0.7324022667978402,1,0
synthetic_product,0.5,0.5,0.5,100.0,0.7244162579321067,1,1
synthetic_product,0.5,0.5,0.5,100.0,0.977084173249149,2,0
synthetic_product,0.5,0.5,0.5,100.0,0.44014303862402065,2,0
synthetic_product,0.5,0.5,0.5,100.0,0.4788048923330317,2,0
synthetic_product,0.5,0.5,0.5,100.0,0.6644650763627248,2,0
synthetic_product,0.5,0.5,0.5,100.0,0.9804074650098245,3,1
synthetic_product,0.5,0.5,0.5,100.0,0.7049745839358886,2,0
synthetic_product,0.5,0.5,0.5,100.0,0.5880272763090275,2,0
synthetic_product,0.5,0.5,0.5,100.0,0.29293398613532323,2,1
synthetic_product,0.5,0.5,0.5,100.0,0.6652696366494253,2,0
synthetic_product,0.5,0.5,0.5,100.0,0.9046190696763645,1,0
synthetic_product,0.5,0.5,0.5,100.0,0.6061715708489505,1,0
synthetic_product,0.5,0.5,0.5,100.0,0.23857548719797306,1,0
synthetic_product,0.5,0.5,0.5,100.0,0.6422104748022084,1,1
synthetic_product,0.5,0.5,0.5,100.0,0.9694562038314044,2,0
synthetic_product,0.5,0.5,0.5,100.0,0.8070071102012725,1,1
synthetic_product,0.5,0.5,0.5,100.0,0.713974260147126,1,1
synthetic_product,0.5,0.5,0.5,100.0,0.5965677309473832,3,1
synthetic_product,0.5,0.5,0.5,100.0,0.7985491390076579,1,0
synthetic_product,0.5,0.5,0.5,100.0,0.46539561633815785,3,1
synthetic_product,0.5,0.5,0.5,100.0,0.7477415004234313,1,0
synthetic_product,0.5,0.5,0.5,100.0,0.3724592130742973,2,1
synthetic_product,0.5,0.5,0.5,100.0,0.918244282690124,2,0
synthetic_product,0.5,0.5,0.5,100.0,0.8918744635810503,2,0
synthetic_product,0.5,0.5,0.5,100.0,0.455644030581741,1,0
synthetic_product,0.5,0.5,0.5,100.0,0.4745071682670536,3,0
synthetic_product,0.5,0.5,0.5,100.0,0.3586707152838452,1,1
synthetic_product,0.5,0.5,0.5,100.0,0.5903164355382334,3,1
synthetic_product,0.5,0.5,0.5,100.0,0.8681948992717887,2,1
synthetic_product,0.5,0.5,0.5,100.0,0.6173594492213735,2,1
synthetic_product,0.5,0.5,0.5,100.0,0.5730106539913511,3,1
synthetic_product,0.5,0.5,0.5,100.0,0.32850227007700245,1,1
synthetic_product,0.5,0.5,0.5,100.0,0.319165979767488,1,1
synthetic_product,0.5,0.5,0.5,100.0,0.42039985147556397,1,1
synthetic_product,0.5,0.5,0.5,100.0,0.360078106989717,1,1
synthetic_product,0.5,0.5,0.5,100.0,0.41214173437746876,1,0
synthetic_product,0.5,0.5,0.5,100.0,0.32602638249904653,1,1
synthetic_product,0.5,0.5,0.5,100.0,0.6938422274616881,1,0
synthetic_product,0.5,0.5,0.5,100.0,0.5590541240448546,1,1
synthetic_product,0.5,0.5,0.5,100.0,0.5181834722943872,1,0
synthetic_product,0.5,0.5,0.5,100.0,1.0242014774062482,2,1
synthetic_product,0.5,0.5,0.5,100.0,0.8538693699469426,2,1
synthetic_product,0.5,0.5,0.5,100.0,0.23584648787424892,2,0
synthetic_product,0.5,0.5,0.5,100.0,0.3444134147331664,2,1
synthetic_product,0.5,0.5,0.5,100.0,0.6174090165281745,1,0
synthetic_product,0.5,0.5,0.5,100.0,0.5818016481128612,1,1
synthetic_product,0.5,0.5,0.5,100.0,0.6748791368888795,2,0
synthetic_product,0.5,0.5,0.5,100.0,0.28228787673164446,3,1
synthetic_product,0.5,0.5,0.5,100.0,0.12905529834585228,2,1
synthetic_product,0.5,0.5,0.5,100.0,0.7798446527600352,2,1
synthetic_product,0.5,0.5,0.5,100.0,1.1327508179720929,1,0
synthetic_product,0.5,0.5,0.5,100.0,0.6686140273234007,2,0
synthetic_product,0.5,0.5,0.5,100.0,0.6930715727519785,2,1
synthetic_product,0.5,0.5,0.5,100.0,0.8009366293071665,1,1
synthetic_product,0.5,0.5,0.5,100.0,0.7437396914287622,3,1
synthetic_product,0.5,0.5,0.5,100.0,0.9419617333795064,3,1
synthetic_product,0.5,0.5,0.5,100.0,0.7803064901744475,2,0
synthetic_product,0.5,0.5,0.5,100.0,0.6784069532332356,3,1
synthetic_product,0.5,0.5,0.5,100.0,0.5904747697309831,2,1
synthetic_product,0.5,0.5,0.5,100.0,0.79305272558683,3,0
synthetic_product,0.5,0.5,0.5,100.0,0.9761585699476698,2,0
synthetic_product,0.5,0.5,0.5,100.0,0.4990238726737185,1,1
synthetic_product,0.5,0.5,0.5,100.0,0.45275289002142893,2,0
synthetic_product,0.5,0.5,0.5,100.0,0.5461041454852167,2,0
synthetic_product,0.5,0.5,0.5,100.0,1.0339960879110535,3,1
synthetic_product,0.5,0.5,0.5,100.0,1.0442927058454827,2,0
synthetic_product,0.5,0.5,0.5,100.0,0.425733752991446,2,0
synthetic_product,0.5,0.5,0.5,100.0,0.7538645497834566,2,0
synthetic_product,0.5,0.5,0.5,100.0,0.6611247275212817,2,1
synthetic_product,0.5,0.5,0.5,100.0,0.6947768035684293,1,1
synthetic_product,0.5,0.5,0.5,100.0,0.6905067251729028,2,0
synthetic_product,0.5,0.5,0.5,100.0,0.8482152053687675,1,1
synthetic_product,0.5,0.5,0.5,100.0,0.2706026265209302,2,1
synthetic_product,0.5,0.5,0.5,100.0,0.6659033311040712,3,1
synthetic_product,0.5,0.5,0.5,100.0,0.5747249119639445,1,0
synthetic_product,0.5,0.5,0.5,100.0,0.40327863327496616,1,0
synthetic_product,0.5,0.5,0.5,100.0,0.9392381832295866,1,0
synthetic_product,0.5,0.5,0.5,100.0,0.3884744497171932,2,0
synthetic_product,0.5,0.5,0.5,100.0,0.8674590652721818,1,0
synthetic_product,0.5,0.5,0.5,100.0,0.6664648917279294,1,1
synthetic_product,0.5,0.5,0.5,100.0,0.6208829655037951,2,0
synthetic_product,0.5,0.5,0.5,100.0,0.45205746291355586,2,0
synthetic_product,0.5,0.5,0.5,100.0,0.7827166790554434,2,0
synthetic_product,0.5,0.5,0.5,100.0,0.8517860658312257,2,1
synthetic_product,0.5,0.5,0.5,100.0,0.3767734374373723,2,0
synthetic_product,0.5,0.5,0.5,100.0,0.5830824274343888,1,1
synthetic_product,0.5,0.5,0.5,100.0,0.3131057548406561,3,0
synthetic_product,0.5,0.5,0.5,100.0,0.6595981991279976,1,1
synthetic_product,0.5,0.5,0.5,100.0,0.4756245611599924,2,1
synthetic_product,0.5,0.5,0.5,100.0,0.3763612001701072,2,1
synthetic_product,0.5,0.5,0.5,100.0,0.4285722504602729,2,0
synthetic_product,0.5,0.5,0.5,100.0,0.7002841382032343,1,0
synthetic_product,0.5,0.5,0.5,100.0,0.6962568784835879,2,0
synthetic_product,0.5,0.5,0.5,100.0,0.7839655118322556,1,1
synthetic_product,0.5,0.5,0.5,100.0,0.48313089252089053,1,0
synthetic_product,0.5,0.5,0.5,100.0,0.42269739159811975,3,1
synthetic_product,0.5,0.5,0.5,100.0,0.608479274085218,2,1
synthetic_product,0.5,0.5,0.5,100.0,1.0804848658993877,2,0
synthetic_product,0.5,0.5,0.5,100.0,0.7543104813474619,2,1
synthetic_product,0.5,0.5,0.5,100.0,0.7237926716204065,3,1
synthetic_product,0.5,0.5,0.5,100.0,0.9069999506014387,3,0
synthetic_product,0.5,0.5,0.5,100.0,0.6185582354070286,1,1
synthetic_product,0.5,0.5,0.5,100.0,0.4442310139018677,2,0
synthetic_product,0.5,0.5,0.5,100.0,0.6324765194559591,2,1
synthetic_product,0.5,0.5,0.5,100.0,0.6133972002756164,3,0
synthetic_product,0.5,0.5,0.5,100.0,0.42399227388821514,2,1
synthetic_product,0.5,0.5,0.5,100.0,0.2696374462516624,1,1
synthetic_product,0.5,0.5,0.5,100.0,0.3682512092135139,2,1
synthetic_product,0.5,0.5,0.5,100.0,0.8738542169855151,2,0
synthetic_product,0.5,0.5,0.5,100.0,0.5907566703989691,2,0
synthetic_product,0.5,0.5,0.5,100.0,0.9685472100705078,1,1
synthetic_product,0.5,0.5,0.5,100.0,0.3925232315500246,1,1
synthetic_product,0.5,0.5,0.5,100.0,1.2487018557931702,3,1
synthetic_product,0.5,0.5,0.5,100.0,0.5135644829123858,1,1
synthetic_product,0.5,0.5,0.5,100.0,0.24502261410457293,1,1
synthetic_product,0.5,0.5,0.5,100.0,0.5045914633512063,1,0
synthetic_product,0.5,0.5,0.5,100.0,0.5202411454430154,2,0
synthetic_product,0.5,0.5,0.5,100.0,0.758213189295876,1,0
synthetic_product,0.5,0.5,0.5,100.0,0.648623520789694,1,1
synthetic_product,0.5,0.5,0.5,100.0,0.6601914109789295,1,0
synthetic_product,0.5,0.5,0.5,100.0,0.9466809164367946,1,0
synthetic_product,0.5,0.5,0.5,100.0,0.7334921355336931,2,1
synthetic_product,0.5,0.5,0.5,100.0,0.6026745225659836,1,0
synthetic_product,0.5,0.5,0.5,100.0,0.35797509983892833,1,1
synthetic_product,0.5,0.5,0.5,100.0,0.5316552786589025,2,1
synthetic_product,0.5,0.5,0.5,100.0,0.6710735271455132,3,1
synthetic_product,0.5,0.5,0.5,100.0,0.4240187643113801,2,0
synthetic_product,0.5,0.5,0.5,100.0,0.8104025855504848,2,1
synthetic_product,0.5,0.5,0.5,100.0,0.23613154157420435,3,1
synthetic_product,0.5,0.5,0.5,100.0,1.0712108943263152,3,1
synthetic_product,0.5,0.5,0.5,100.0,0.5358411003432655,2,0
synthetic_product,0.5,0.5,0.5,100.0,1.071169797248836,3,0
synthetic_product,0.5,0.5,0.5,100.0,0.44959348364045826,1,1
synthetic_product,0.5,0.5,0.5,100.0,0.7364959132191236,2,1
synthetic_product,0.5,0.5,0.5,100.0,0.5489679713016447,3,0
synthetic_product,0.5,0.5,0.5,100.0,0.8400554044160794,3,0
synthetic_product,0.5,0.5,0.5,100.0,0.5687445026077322,2,0
synthetic_product,0.5,0.5,0.5,100.0,0.8240460943531255,1,0
synthetic_product,0.5,0.5,0.5,100.0,0.38776517488240136,1,0
synthetic_product,0.5,0.5,0.5,100.0,0.7943977732565065,1,1
synthetic_product,0.5,0.5,0.5,100.0,0.9519125853483059,2,0
synthetic_product,0.5,0.5,0.5,100.0,0.45919921614995973,2,0
synthetic_product,0.5,0.5,0.5,100.0,0.493792451562257,3,0
synthetic_product,0.5,0.5,0.5,100.0,0.6399418339880664,3,1
synthetic_product,0.5,0.5,0.5,100.0,0.7366940743739274,1,1
synthetic_product,0.5,0.5,0.5,100.0,0.8708028138367747,2,0
synthetic_product,0.5,0.5,0.5,100.0,0.8609280085810808,1,0
synthetic_product,0.5,0.5,0.5,100.0,0.6242238851772175,2,0
synthetic_product,0.5,0.5,0.5,100.0,0.5210145100238428,3,1
synthetic_product,0.5,0.5,0.5,100.0,0.6030576053371697,2,1
synthetic_product,0.5,0.5,0.5,100.0,0.7984229310699794,3,0
synthetic_product,0.5,0.5,0.5,100.0,1.0126367005422716,3,1
synthetic_product,0.5,0.5,0.5,100.0,0.7987797348418134,1,1
synthetic_product,0.5,0.5,0.5,100.0,0.5406990971956198,2,0
synthetic_product,0.5,0.5,0.5,100.0,0.19808706699259374,1,1
synthetic_product,0.5,0.5,0.5,100.0,0.7740846208109854,1,0
synthetic_product,0.5,0.5,0.5,100.0,0.8144193577387951,1,1
synthetic_product,0.5,0.5,0.5,100.0,0.28891083104138104,2,1
synthetic_product,0.5,0.5,0.5,100.0,0.4675168675764105,2,1
synthetic_product,0.5,0.5,0.5,100.0,0.41119463056212874,2,1
synthetic_product,0.5,0.5,0.5,100.0,0.706751976165105,1,0
synthetic_product,0.5,0.5,0.5,100.0,0.9956510918147725,2,0
synthetic_product,0.5,0.5,0.5,100.0,1.005607460401119,3,1
synthetic_product,0.5,0.5,0.5,100.0,0.34115769501165705,2,1
synthetic_product,0.5,0.5,0.5,100.0,0.3954888219888804,1,1
synthetic_product,0.5,0.5,0.5,100.0,0.6262792634931188,1,0
synthetic_product,0.5,0.5,0.5,100.0,0.7762829440212438,2,1
synthetic_product,0.5,0.5,0.5,100.0,0.7492059343254444,2,1
synthetic_product,0.5,0.5,0.5,100.0,0.6405954937405914,2,1
synthetic_product,0.5,0.5,0.5,100.0,0.7858272596672652,2,0
synthetic_product,0.5,0.5,0.5,100.0,0.5878197744400359,1,0
synthetic_product,0.5,0.5,0.5,100.0,0.8149730788632785,2,0
synthetic_product,0.5,0.5,0.5,100.0,0.6335877297224524,3,1
synthetic_product,0.5,0.5,0.5,100.0,0.4490722925911489,2,0
synthetic_product,0.5,0.5,0.5,100.0,0.7034679437471191,2,0
synthetic_product,0.5,0.5,0.5,100.0,0.9020311918035283,2,0
synthetic_product,0.5,0.5,0.5,100.0,0.4112422688319439,3,1
synthetic_product,0.5,0.5,0.5,100.0,0.32201143108682057,2,1
synthetic_product,0.5,0.5,0.5,100.0,0.32296125817205434,2,1
synthetic_product,0.5,0.5,0.5,100.0,0.25228372882108024,1,0
synthetic_product,0.5,0.5,0.5,100.0,0.6537194528894315,2,0
synthetic_product,0.5,0.5,0.5,100.0,0.8464212263589379,2,1
synthetic_product,0.5,0.5,0.5,100.0,0.6234753834646805,3,1
synthetic_product,0.5,0.5,0.5,100.0,0.8687540410038689,1,0
synthetic_product,0.5,0.5,0.5,100.0,0.8738751531216414,2,0
synthetic_product,0.5,0.5,0.5,100.0,0.552827967915007,3,1
synthetic_product,0.5,0.5,0.5,100.0,0.6791531884663875,1,0
synthetic_product,0.5,0.5,0.5,100.0,1.0428868329050538,2,0
synthetic_product,0.5,0.5,0.5,100.0,0.7444116197900547,2,1
synthetic_product,0.5,0.5,0.5,100.0,0.6952097005989899,1,1
synthetic_product,0.5,0.5,0.5,100.0,1.0671161340979574,2,0
synthetic_product,0.5,0.5,0.5,100.0,0.8192902931640581,3,0
synthetic_product,0.5,0.5,0.5,100.0,0.7281482229690598,2,0
synthetic_product,0.5,0.5,0.5,100.0,0.5207140684165672,1,1
synthetic_product,0.5,0.5,0.5,100.0,0.5834561634985741,3,1
synthetic_product,0.5,0.5,0.5,100.0,0.7127817502305971,1,0
synthetic_product,0.5,0.5,0.5,100.0,0.14285632709076768,2,1
synthetic_product,0.5,0.5,0.5,100.0,0.8008758610520373,1,1
synthetic_product,0.5,0.5,0.5,100.0,0.922738696043674,3,1
synthetic_product,0.5,0.5,0.5,100.0,0.6491037861131982,1,0
synthetic_product,0.5,0.5,0.5,100.0,0.7832963558101373,1,0
synthetic_product,0.5,0.5,0.5,100.0,0.6640342413785073,2,1
synthetic_product,0.5,0.5,0.5,100.0,0.3254665214497353,2,0
synthetic_product,0.5,0.5,0.5,100.0,0.8291761935741012,1,1
synthetic_product,0.5,0.5,0.5,100.0,0.48663321553200956,3,0
synthetic_product,0.5,0.5,0.5,100.0,0.8765212465867707,1,1
synthetic_product,0.5,0.5,0.5,100.0,0.8576306720251621,2,0
synthetic_product,0.5,0.5,0.5,100.0,0.8344827859954445,2,1
synthetic_product,0.5,0.5,0.5,100.0,0.7266945013587145,1,0
synthetic_product,0.5,0.5,0.5,100.0,0.8323516709706528,2,1
synthetic_product,0.5,0.5,0.5,100.0,0.7767339294915925,2,0
synthetic_product,0.5,0.5,0.5,100.0,0.5084655639765282,1,1
synthetic_product,0.5,0.5,0.5,100.0,0.3858827016013948,2,0
synthetic_product,0.5,0.5,0.5,100.0,0.3887259824321206,2,0
synthetic_product,0.5,0.5,0.5,100.0,0.6691197037468541,3,0
synthetic_product,0.5,0.5,0.5,100.0,0.8889277936218964,2,1
synthetic_product,0.5,0.5,0.5,100.0,0.7257684548000214,2,1
synthetic_product,0.5,0.5,0.5,100.0,0.4994063034800491,1,1
synthetic_product,0.5,0.5,0.5,100.0,0.9876007286900523,2,1
synthetic_product,0.5,0.5,0.5,100.0,1.0960327202072842,3,0
synthetic_product,0.5,0.5,0.5,100.0,0.6412813950159951,1,1
synthetic_product,0.5,0.5,0.5,100.0,0.9226746678238875,2,1
synthetic_product,0.5,0.5,0.5,100.0,0.5957670658925514,1,1
synthetic_product,0.5,0.5,0.5,100.0,0.7688577928429248,2,0
synthetic_product,0.5,0.5,0.5,100.0,0.5872653416534432,2,0
synthetic_product,0.5,0.5,0.5,100.0,0.32034750740027435,1,1
synthetic_product,0.5,0.5,0.5,100.0,0.40087553200480786,2,0
synthetic_product,0.5,0.5,0.5,100.0,0.9149410771273757,2,0
synthetic_product,0.5,0.5,0.5,100.0,0.49619809214846866,1,1
synthetic_product,0.5,0.5,0.5,100.0,0.8498215163128721,2,0
synthetic_product,0.5,0.5,0.5,100.0,0.6587994965466881,3,0
synthetic_product,0.5,0.5,0.5,100.0,0.7982711723746303,2,0
synthetic_product,0.5,0.5,0.5,100.0,1.0468146921120616,3,1
synthetic_product,0.5,0.5,0.5,100.0,0.9006615290495581,2,0
synthetic_product,0.5,0.5,0.5,100.0,0.4027006364871515,3,1
synthetic_product,0.5,0.5,0.5,100.0,0.3237203771871913,2,0
synthetic_product,0.5,0.5,0.5,100.0,0.5527499599244343,2,1
synthetic_product,0.5,0.5,0.5,100.0,0.7522414290924146,2,1
synthetic_product,0.5,0.5,0.5,100.0,0.5803781506388689,1,0
synthetic_product,0.5,0.5,0.5,100.0,0.8992429664366394,1,0
synthetic_product,0.5,0.5,0.5,100.0,0.6743969654861338,2,1
synthetic_product,0.5,0.5,0.5,100.0,0.6056964187258743,1,0
synthetic_product,0.5,0.5,0.5,100.0,0.4420970981622997,1,0
synthetic_product,0.5,0.5,0.5,100.0,0.4908419811707117,2,0
synthetic_product,0.5,0.5,0.5,100.0,0.3928633066214924,2,0
synthetic_product,0.5,0.5,0.5,100.0,0.6393908930123556,1,0
synthetic_product,0.5,0.5,0.5,100.0,0.11650871134933663,1,0
synthetic_product,0.5,0.5,0.5,100.0,1.06780278811892,1,0
synthetic_product,0.5,0.5,0.5,100.0,1.1604630333102524,3,1
synthetic_product,0.5,0.5,0.5,100.0,0.873041517079177,3,1
synthetic_product,0.5,0.5,0.5,100.0,0.21839013958416553,2,1
synthetic_product,0.5,0.5,0.5,100.0,0.9264546557511587,1,1
synthetic_product,0.5,0.5,0.5,100.0,0.6189775971153094,1,0
synthetic_product,0.5,0.5,0.5,100.0,0.8468886217932927,3,1
synthetic_product,0.5,0.5,0.5,100.0,1.0366559485607956,2,0
synthetic_product,0.5,0.5,0.5,100.0,0.9856637790665083,2,0
synthetic_product,0.5,0.5,0.5,100.0,0.6243216098855258,3,0
synthetic_product,0.5,0.5,0.5,100.0,0.9885179829594051,3,0
synthetic_product,0.5,0.5,0.5,100.0,1.0109731526340966,3,1
synthetic_product,0.5,0.5,0.5,100.0,0.5557063953167962,2,1
synthetic_product,0.5,0.5,0.5,100.0,0.6576623172083558,1,1
synthetic_product,0.5,0.5,0.5,100.0,1.0878708580846983,2,1
synthetic_product,0.5,0.5,0.5,100.0,0.7555226361249445,2,1
synthetic_product,0.5,0.5,0.5,100.0,0.47469895769769177,3,1
synthetic_product,0.5,0.5,0.5,100.0,0.7088044701213575,3,0
synthetic_product,0.5,0.5,0.5,100.0,1.1109682253282982,2,0
synthetic_product,0.5,0.5,0.5,100.0,0.3839433875024301,2,1
synthetic_product,0.5,0.5,0.5,100.0,0.8881401776296995,2,0
synthetic_product,0.5,0.5,0.5,100.0,0.747694157724034,3,1
synthetic_product,0.5,0.5,0.5,100.0,0.9098682304228135,2,0
synthetic_product,0.5,0.5,0.5,100.0,0.44605259536184755,1,0
synthetic_product,0.5,0.5,0.5,100.0,0.4153372181163651,3,1
synthetic_product,0.5,0.5,0.5,100.0,0.26825951817983384,1,0
synthetic_product,0.5,0.5,0.5,100.0,0.49334737151856606,1,1
synthetic_product,0.5,0.5,0.5,100.0,0.9497817655602445,3,0
synthetic_product,0.5,0.5,0.5,100.0,0.5394206103326024,2,1
synthetic_product,0.5,0.5,0.5,100.0,0.9142036218565054,2,0
synthetic_product,0.5,0.5,0.5,100.0,0.38130212845541445,1,0
synthetic_product,0.5,0.5,0.5,100.0,0.4612076912959224,1,0
synthetic_product,0.5,0.5,0.5,100.0,0.3838247747311082,2,0
synthetic_product,0.5,0.5,0.5,100.0,0.3187403224759147,1,1
synthetic_product,0.5,0.5,0.5,100.0,1.035939884687698,2,0
synthetic_product,0.5,0.5,0.5,100.0,0.7811027380334451,1,0
synthetic_product,0.5,0.5,0.5,100.0,0.9631058326260895,2,1
synthetic_product,0.5,0.5,0.5,100.0,0.8670058592021196,2,1
synthetic_product,0.5,0.5,0.5,100.0,0.32382036572711814,2,1
synthetic_product,0.5,0.5,0.5,100.0,0.9262199236188203,1,0
synthetic_product,0.5,0.5,0.5,100.0,0.6391544871895842,1,0
synthetic_product,0.5,0.5,0.5,100.0,0.6792275940648203,3,1
synthetic_product,0.5,0.5,0.5,100.0,0.4815548077375542,2,0
synthetic_product,0.5,0.5,0.5,100.0,0.311231839025883,1,1
synthetic_product,0.5,0.5,0.5,100.0,0.5294444972390288,1,1
synthetic_product,0.5,0.5,0.5,100.0,0.4834255953554931,2,1
synthetic_product,0.5,0.5,0.5,100.0,0.4429150054456634,1,1
synthetic_product,0.5,0.5,0.5,100.0,0.7300741198287488,2,0
synthetic_product,0.5,0.5,0.5,100.0,0.4104276573233492,2,1
synthetic_product,0.5,0.5,0.5,100.0,0.9170998149315716,1,1
synthetic_product,0.5,0.5,0.5,100.0,0.7081225179179177,2,0
synthetic_product,0.5,0.5,0.5,100.0,0.6004081796006604,1,0
synthetic_product,0.5,0.5,0.5,100.0,0.5076168022720929,1,0
synthetic_product,0.5,0.5,0.5,100.0,0.32984483664179254,1,1
synthetic_product,0.5,0.5,0.5,100.0,0.26039258178488933,1,1
synthetic_product,0.5,0.5,0.5,100.0,0.5264650705741607,2,1
synthetic_product,0.5,0.5,0.5,100.0,0.2798920001628701,1,1
synthetic_product,0.5,0.5,0.5,100.0,0.5815854044677224,2,1
synthetic_product,0.5,0.5,0.5,100.0,1.1981459268059962,2,0
synthetic_product,0.5,0.5,0.5,100.0,0.9506085767875974,3,1
synthetic_product,0.5,0.5,0.5,100.0,0.5520575346233149,2,0
synthetic_product,0.5,0.5,0.5,100.0,0.43100475849009473,1,0
synthetic_product,0.5,0.5,0.5,100.0,0.7182178695011375,1,0
synthetic_product,0.5,0.5,0.5,100.0,1.040652804298659,2,0
synthetic_product,0.5,0.5,0.5,100.0,0.3683019576339446,2,0
synthetic_product,0.5,0.5,0.5,100.0,0.8608602430839032,1,0
synthetic_product,0.5,0.5,0.5,100.0,0.37525366116302716,2,1
synthetic_product,0.5,0.5,0.5,100.0,0.6481047745344081,3,1
synthetic_product,0.5,0.5,0.5,100.0,0.4394680044324838,2,1
synthetic_product,0.5,0.5,0.5,100.0,1.1884065903968881,3,0
synthetic_product,0.5,0.5,0.5,100.0,0.5851369693072448,1,1
synthetic_product,0.5,0.5,0.5,100.0,0.8552559969159951,2,1
synthetic_product,0.5,0.5,0.5,100.0,1.018224276823942,2,0
synthetic_product,0.5,0.5,0.5,100.0,0.5585611307900443,2,1
synthetic_product,0.5,0.5,0.5,100.0,0.7382910919837049,2,0
synthetic_product,0.5,0.5,0.5,100.0,0.5795177883328295,2,0
synthetic_product,0.5,0.5,0.5,100.0,0.6548132886152468,1,1
synthetic_product,0.5,0.5,0.5,100.0,0.16068000919763847,1,1
synthetic_product,0.5,0.5,0.5,100.0,0.7241750660837896,1,1
synthetic_product,0.5,0.5,0.5,100.0,0.456924706580301,1,0
synthetic_product,0.5,0.5,0.5,100.0,0.5927034320257419,2,1
synthetic_product,0.5,0.5,0.5,100.0,0.7475380389268165,3,0
synthetic_product,0.5,0.5,0.5,100.0,0.5004098379532086,2,1
synthetic_product,0.5,0.5,0.5,100.0,1.066765337720838,3,0
synthetic_product,0.5,0.5,0.5,100.0,0.41439264053293884,1,0
synthetic_product,0.5,0.5,0.5,100.0,0.5024673704993257,1,1
synthetic_product,0.5,0.5,0.5,100.0,0.5190293186528548,1,1
synthetic_product,0.5,0.5,0.5,100.0,0.7091107724603968,3,1
synthetic_product,0.5,0.5,0.5,100.0,0.7527992963295024,2,1
synthetic_product,0.5,0.5,0.5,100.0,0.5437361585026255,1,0
synthetic_product,0.5,0.5,0.5,100.0,0.34263682298983894,1,1
synthetic_product,0.5,0.5,0.5,100.0,0.7833366249979727,3,0
synthetic_product,0.5,0.5,0.5,100.0,0.6663688940155887,2,0
synthetic_product,0.5,0.5,0.5,100.0,0.7196109338679733,1,1
synthetic_product,0.5,0.5,0.5,100.0,0.6981820267572366,3,1
synthetic_product,0.5,0.5,0.5,100.0,0.982816113742,2,1
synthetic_product,0.5,0.5,0.5,100.0,0.7876644196925546,3,1
synthetic_product,0.5,0.5,0.5,100.0,0.6491858723310724,2,0
synthetic_product,0.5,0.5,0.5,100.0,0.6462913405747672,2,1
synthetic_product,0.5,0.5,0.5,100.0,0.7668841433799222,2,0
synthetic_product,0.5,0.5,0.5,100.0,0.5200213276754855,1,1
synthetic_product,0.5,0.5,0.5,100.0,0.8857488730339971,3,1
synthetic_product,0.5,0.5,0.5,100.0,1.1619996707232254,2,1
synthetic_product,0.5,0.5,0.5,100.0,0.6859537842343318,3,0
synthetic_product,0.5,0.5,0.5,100.0,0.8544472441112587,2,0
synthetic_product,0.5,0.5,0.5,100.0,0.41791547828736336,2,1
synthetic_product,0.5,0.5,0.5,100.0,1.2667164276767986,3,0
synthetic_product,0.5,0.5,0.5,100.0,0.4885088171547533,3,0
synthetic_product,0.5,0.5,0.5,100.0,0.40646338125790027,3,0
synthetic_product,0.5,0.5,0.5,100.0,0.6088447674875873,1,1
synthetic_product,0.5,0.5,0.5,100.0,1.0776157134112645,2,1
synthetic_product,0.5,0.5,0.5,100.0,0.6723896143034948,2,1
synthetic_product,0.5,0.5,0.5,100.0,0.3683323369639152,3,1
synthetic_product,0.5,0.5,0.5,100.0,0.6341846917730376,2,1
synthetic_product,0.5,0.5,0.5,100.0,0.8811782662846643,3,1
synthetic_product,0.5,0.5,0.5,100.0,0.6236448857218357,3,0
synthetic_product,0.5,0.5,0.5,100.0,0.6316100565594766,1,1
synthetic_product,0.5,0.5,0.5,100.0,0.816321577067278,2,1
synthetic_product,0.5,0.5,0.5,100.0,0.2505475183354416,2,1
synthetic_product,0.5,0.5,0.5,100.0,0.4344665840802292,2,0
synthetic_product,0.5,0.5,0.5,100.0,0.744594699351659,2,1
synthetic_product,0.5,0.5,0.5,100.0,0.1522196815208559,1,0
synthetic_product,0.5,0.5,0.5,100.0,0.48898658099477477,2,1
synthetic_product,0.5,0.5,0.5,100.0,0.805940704571113,2,1
synthetic_product,0.5,0.5,0.5,100.0,0.6678149269035274,1,1
synthetic_product,0.5,0.5,0.5,100.0,0.36646695466863377,3,1
synthetic_product,0.5,0.5,0.5,100.0,0.8186526111139788,3,1
synthetic_product,0.5,0.5,0.5,100.0,0.3043441487501527,2,0
synthetic_product,0.5,0.5,0.5,100.0,0.4170588154019388,2,1
synthetic_product,0.5,0.5,0.5,100.0,0.15203509135086077,1,1
synthetic_product,0.5,0.5,0.5,100.0,0.5784538410213891,2,1
synthetic_product,0.5,0.5,0.5,100.0,1.0295257852961306,2,0
synthetic_product,0.5,0.5,0.5,100.0,0.5283970784485174,3,0
synthetic_product,0.5,0.5,0.5,100.0,0.4219140036371808,1,0
synthetic_product,0.5,0.5,0.5,100.0,0.5924094149140211,3,1
synthetic_product,0.5,0.5,0.5,100.0,0.669334209596907,2,1
synthetic_product,0.5,0.5,0.5,100.0,0.3961130378758296,1,1
synthetic_product,0.5,0.5,0.5,100.0,0.3962394204613427,1,1
synthetic_product,0.5,0.5,0.5,100.0,0.9117259959097205,3,0
synthetic_product,0.5,0.5,0.5,100.0,0.6671374384975415,1,0
synthetic_product,0.5,0.5,0.5,100.0,0.3239228394442452,2,1
synthetic_product,0.5,0.5,0.5,100.0,0.9714912715887718,2,0
synthetic_product,0.5,0.5,0.5,100.0,0.8486582508452306,2,0
synthetic_product,0.5,0.5,0.5,100.0,0.7215723112261614,3,1
synthetic_product,0.5,0.5,0.5,100.0,0.3784731290631045,1,1
synthetic_product,0.5,0.5,0.5,100.0,0.8001869150712175,2,1
synthetic_product,0.5,0.5,0.5,100.0,0.7622240492106617,2,0
synthetic_product,0.5,0.5,0.5,100.0,0.8582936788580147,1,1
synthetic_product,0.5,0.5,0.5,100.0,0.6031023727134293,2,1
synthetic_product,0.5,0.5,0.5,100.0,0.47011142166039876,2,1
synthetic_product,0.5,0.5,0.5,100.0,0.4438076848378334,2,1
synthetic_product,0.5,0.5,0.5,100.0,0.5363421731812708,1,1
synthetic_product,0.5,0.5,0.5,100.0,0.643509104744276,2,0
synthetic_product,0.5,0.5,0.5,100.0,0.4353450235359336,1,1
synthetic_product,0.5,0.5,0.5,100.0,0.8937860165235848,3,1
synthetic_product,0.5,0.5,0.5,100.0,0.587489436957296,3,0
synthetic_product,0.5,0.5,0.5,100.0,0.5959233803873605,2,0
synthetic_product,0.5,0.5,0.5,100.0,0.7236032186215526,2,0
synthetic_product,0.5,0.5,0.5,100.0,0.48078591085297284,1,1
synthetic_product,0.5,0.5,0.5,100.0,0.46140498355105125,1,0
synthetic_product,0.5,0.5,0.5,100.0,0.7717838302176504,3,1
synthetic_product,0.5,0.5,0.5,100.0,0.6598192136191483,2,1
synthetic_product,0.5,0.5,0.5,100.0,0.728667241015928,2,1
synthetic_product,0.5,0.5,0.5,100.0,0.5131303486721812,2,1
synthetic_product,0.5,0.5,0.5,100.0,0.6384492219362272,1,0
synthetic_product,0.5,0.5,0.5,100.0,0.8236792883658336,1,1
synthetic_product,0.5,0.5,0.5,100.0,0.5604663218307209,2,1
synthetic_product,0.5,0.5,0.5,100.0,0.13355514154593678,1,1
synthetic_product,0.5,0.5,0.5,100.0,0.6826422219764134,3,0
synthetic_product,0.5,0.5,0.5,100.0,0.7256217003535403,1,1
synthetic_product,0.5,0.5,0.5,100.0,0.5470997263827652,2,0
synthetic_product,0.5,0.5,0.5,100.0,0.8788474097872416,1,0
synthetic_product,0.5,0.5,0.5,100.0,0.7135850778592666,2,0
synthetic_product,0.5,0.5,0.5,100.0,0.500201202011413,3,0
synthetic_product,0.5,0.5,0.5,100.0,0.8111712903655638,2,0
synthetic_product,0.5,0.5,0.5,100.0,0.24209225805579182,1,1
synthetic_product,0.5,0.5,0.5,100.0,0.8765583619325799,2,1
synthetic_product,0.5,0.5,0.5,100.0,0.49832256794239277,3,1
synthetic_product,0.5,0.5,0.5,100.0,0.24979392209190607,2,1
synthetic_product,0.5,0.5,0.5,100.0,0.6817060062123942,2,1
synthetic_product,0.5,0.5,0.5,100.0,0.8179858994561109,2,0
synthetic_product,0.5,0.5,0.5,100.0,0.755363314755677,1,1
synthetic_product,0.5,0.5,0.5,100.0,0.4544709891790083,2,0
synthetic_product,0.5,0.5,0.5,100.0,0.3621043388291624,1,0
synthetic_product,0.5,0.5,0.5,100.0,0.3677844282466264,2,1
synthetic_product,0.5,0.5,0.5,100.0,0.4994714522868399,1,0
synthetic_product,0.5,0.5,0.5,100.0,0.6401414534756243,2,1
synthetic_product,0.5,0.5,0.5,100.0,0.6936823938482934,3,1
synthetic_product,0.5,0.5,0.5,100.0,0.802789514979247,3,0
synthetic_product,0.5,0.5,0.5,100.0,0.833213904859877,2,1
synthetic_product,0.5,0.5,0.5,100.0,1.0399461893105493,3,0
synthetic_product,0.5,0.5,0.5,100.0,0.4694315219122596,2,1
synthetic_product,0.5,0.5,0.5,100.0,0.31698919192135244,1,1
synthetic_product,0.5,0.5,0.5,100.0,0.38737730186857516,1,0
synthetic_product,0.5,0.5,0.5,100.0,0.4704886162919977,1,1
synthetic_product,0.5,0.5,0.5,100.0,0.5570600759632471,2,0
synthetic_product,0.5,0.5,0.5,100.0,1.0603014097136696,3,0
synthetic_product,0.5,0.5,0.5,100.0,0.7095651775781865,1,0
synthetic_product,0.5,0.5,0.5,100.0,0.7066872198900348,2,1
synthetic_product,0.5,0.5,0.5,100.0,0.5214100181919589,3,0
synthetic_product,0.5,0.5,0.5,100.0,0.6904163934880602,3,1
synthetic_product,0.5,0.5,0.5,100.0,0.6285040505056322,2,0
synthetic_product,0.5,0.5,0.5,100.0,0.28205864960943244,1,1
synthetic_product,0.5,0.5,0.5,100.0,0.4742985514692106,3,0
synthetic_product,0.5,0.5,0.5,100.0,0.6411358672346358,2,1
synthetic_product,0.5,0.5,0.5,100.0,0.9796717220291351,2,0
synthetic_product,0.5,0.5,0.5,100.0,0.8234201568587323,1,1
synthetic_product,0.5,0.5,0.5,100.0,0.8384280330300214,2,1
synthetic_product,0.5,0.5,0.5,100.0,0.4381651283104206,3,1
synthetic_product,0.5,0.5,0.5,100.0,0.5910119424776942,3,1
synthetic_product,0.5,0.5,0.5,100.0,1.031489270843981,2,0
synthetic_product,0.5,0.5,0.5,100.0,1.025985341467291,2,1
synthetic_product,0.5,0.5,0.5,100.0,0.3179452201565341,1,1
synthetic_product,0.5,0.5,0.5,100.0,0.5700931310660455,3,1
synthetic_product,0.5,0.5,0.5,100.0,0.5811507658385764,2,1
synthetic_product,0.5,0.5,0.5,100.0,0.4096565573217767,2,1
synthetic_product,0.5,0.5,0.5,100.0,0.6939646021552964,2,1
synthetic_product,0.5,0.5,0.5,100.0,0.4704217446694804,1,1
synthetic_product,0.5,0.5,0.5,100.0,1.0425886527005512,2,0
synthetic_product,0.5,0.5,0.5,100.0,0.9722415039259475,1,0
synthetic_product,0.5,0.5,0.5,100.0,0.41021131521772125,2,0
synthetic_product,0.5,0.5,0.5,100.0,0.39167293706265793,1,1
synthetic_product,0.5,0.5,0.5,100.0,0.7682606942669098,2,1
synthetic_product,0.5,0.5,0.5,100.0,0.6639287832148744,1,1
synthetic_product,0.5,0.5,0.5,100.0,0.841300234888111,3,0
synthetic_product,0.5,0.5,0.5,100.0,0.6713399941648939,2,1
synthetic_product,0.5,0.5,0.5,100.0,0.4140541417006365,3,1
synthetic_product,0.5,0.5,0.5,100.0,0.6886254011170388,3,1
synthetic_product,0.5,0.5,0.5,100.0,0.7645461015644505,2,0
synthetic_product,0.5,0.5,0.5,100.0,0.12389811216156203,1,1
synthetic_product,0.5,0.5,0.5,100.0,0.21900624095631954,1,1
synthetic_product,0.5,0.5,0.5,100.0,0.44956271204094994,2,1
synthetic_product,0.5,0.5,0.5,100.0,0.7150750308098759,3,1
synthetic_product,0.5,0.5,0.5,100.0,0.830124905627305,3,0
synthetic_product,0.5,0.5,0.5,100.0,0.9077355170995778,2,1
synthetic_product,0.5,0.5,0.5,100.0,0.7185082390036435,1,0
synthetic_product,0.5,0.5,0.5,100.0,1.0664908511222286,1,1
synthetic_product,0.5,0.5,0.5,100.0,0.5506528500742226,1,0
synthetic_product,0.5,0.5,0.5,100.0,0.6428315362326164,1,0
synthetic_product,0.5,0.5,0.5,100.0,0.587877859551026,1,1
synthetic_product,0.5,0.5,0.5,100.0,0.47435473588896193,1,0
synthetic_product,0.5,0.5,0.5,100.0,0.7095342178971056,2,1
synthetic_product,0.5,0.5,0.5,100.0,0.18521442228417842,1,0
synthetic_product,0.5,0.5,0.5,100.0,0.40752266473600157,1,0
synthetic_product,0.5,0.5,0.5,100.0,1.1206324765312308,2,1
synthetic_product,0.5,0.5,0.5,100.0,1.0789383076946168,2,1
synthetic_product,0.5,0.5,0.5,100.0,0.5221989516838614,1,1
synthetic_product,0.5,0.5,0.5,100.0,0.448099587677989,1,0
synthetic_product,0.5,0.5,0.5,100.0,0.2663900193952011,2,1
synthetic_product,0.5,0.5,0.5,100.0,0.6950814400391113,2,1
synthetic_product,0.5,0.5,0.5,100.0,0.24608378127663152,1,1
synthetic_product,0.5,0.5,0.5,100.0,0.7533645884381069,1,0
synthetic_product,0.5,0.5,0.5,100.0,0.18442778937767831,1,1
synthetic_product,0.5,0.5,0.5,100.0,0.6315711193837893,3,0
synthetic_product,0.5,0.5,0.5,100.0,0.8961947088526251,3,0
synthetic_product,0.5,0.5,0.5,100.0,0.9231361411446779,3,1
synthetic_product,0.5,0.5,0.5,100.0,0.6795684534971181,1,1
synthetic_product,0.5,0.5,0.5,100.0,0.8831593218150755,1,0
synthetic_product,0.5,0.5,0.5,100.0,0.6249846357507107,1,0
synthetic_product,0.5,0.5,0.5,100.0,0.2454889062209263,2,0
synthetic_product,0.5,0.5,0.5,100.0,0.7413932191589029,1,0
synthetic_product,0.5,0.5,0.5,100.0,0.3230449269443649,3,0
synthetic_product,0.5,0.5,0.5,100.0,0.3728928693652934,2,1
synthetic_product,0.5,0.5,0.5,100.0,0.6714562923816613,1,0
synthetic_product,0.5,0.5,0.5,100.0,0.6348463475214848,1,0
synthetic_product,0.5,0.5,0.5,100.0,0.9331824745333277,3,1
synthetic_product,0.5,0.5,0.5,100.0,0.7082029708518136,1,0
synthetic_product,0.5,0.5,0.5,100.0,0.8012716437085591,1,0
synthetic_product,0.5,0.5,0.5,100.0,0.8164277068994694,2,0
synthetic_product,0.5,0.5,0.5,100.0,0.8288795929238082,1,1
synthetic_product,0.5,0.5,0.5,100.0,0.36834735808642427,2,1
synthetic_product,0.5,0.5,0.5,100.0,1.0242741710678682,2,0
synthetic_product,0.5,0.5,0.5,100.0,0.6802178973676823,3,0
synthetic_product,0.5,0.5,0.5,100.0,0.3891776743282653,2,1
synthetic_product,0.5,0.5,0.5,100.0,0.8368344860911884,1,0
synthetic_product,0.5,0.5,0.5,100.0,0.42248909276664903,1,0
synthetic_product,0.5,0.5,0.5,100.0,0.4769487885905923,3,1
synthetic_product,0.5,0.5,0.5,100.0,0.475126205037134,1,1
synthetic_product,0.5,0.5,0.5,100.0,0.6766372631048367,2,1
synthetic_product,0.5,0.5,0.5,100.0,0.35368377518552047,2,1
synthetic_product,0.5,0.5,0.5,100.0,0.3205660195765867,3,1
synthetic_product,0.5,0.5,0.5,100.0,0.3969418069085508,2,1
synthetic_product,0.5,0.5,0.5,100.0,0.6669761890300077,1,0
synthetic_product,0.5,0.5,0.5,100.0,0.424403245039253,1,0
synthetic_product,0.5,0.5,0.5,100.0,0.976907591526589,1,1
synthetic_product,0.5,0.5,0.5,100.0,0.9407478619549218,3,1
synthetic_product,0.5,0.5,0.5,100.0,0.6888363346212315,2,1
synthetic_product,0.5,0.5,0.5,100.0,0.8525233387603999,2,1
synthetic_product,0.5,0.5,0.5,100.0,0.8653583390184131,2,1
synthetic_product,0.5,0.5,0.5,100.0,0.9247390497291582,3,0
synthetic_product,0.5,0.5,0.5,100.0,0.5339820704215748,1,0
synthetic_product,0.5,0.5,0.5,100.0,0.7266517440613238,2,1
synthetic_product,0.5,0.5,0.5,100.0,1.02847430441438,1,0
synthetic_product,0.5,0.5,0.5,100.0,1.1707124255887642,3,0
synthetic_product,0.5,0.5,0.5,100.0,0.3210879886867276,3,1
synthetic_product,0.5,0.5,0.5,100.0,0.6489716084737147,1,1
synthetic_product,0.5,0.5,0.5,100.0,0.8494730925100943,1,1
synthetic_product,0.5,0.5,0.5,100.0,1.015386380460663,3,0
synthetic_product,0.5,0.5,0.5,100.0,0.28047543832937966,2,1
synthetic_product,0.5,0.5,0.5,100.0,0.36592910258534644,2,1
synthetic_product,0.5,0.5,0.5,100.0,0.4292000931297178,1,0
synthetic_product,0.5,0.5,0.5,100.0,0.8131489253185884,3,0
synthetic_product,0.5,0.5,0.5,100.0,0.564840530910376,2,1
synthetic_product,0.5,0.5,0.5,100.0,0.521043907075599,1,1
synthetic_product,0.5,0.5,0.5,100.0,1.103421856044858,2,0
synthetic_product,0.5,0.5,0.5,100.0,0.9173331318322003,3,0
synthetic_product,0.5,0.5,0.5,100.0,0.3681707504928577,2,1
synthetic_product,0.5,0.5,0.5,100.0,0.9958680990883086,2,0
synthetic_product,0.5,0.5,0.5,100.0,0.35114110900564655,2,1
synthetic_product,0.5,0.5,0.5,100.0,0.6454142883038728,3,1
synthetic_product,0.5,0.5,0.5,100.0,0.6487202023698021,2,0
synthetic_product,0.5,0.5,0.5,100.0,0.6107629439800384,3,1
synthetic_product,0.5,0.5,0.5,100.0,0.7749136547624818,2,1
synthetic_product,0.5,0.5,0.5,100.0,0.8223173114496237,3,0
synthetic_product,0.5,0.5,0.5,100.0,0.4303509982537084,3,1
synthetic_product,0.5,0.5,0.5,100.0,0.4052921412805745,1,1
synthetic_product,0.5,0.5,0.5,100.0,0.545943327461083,1,0
synthetic_product,0.5,0.5,0.5,100.0,0.6542609929740028,1,1
synthetic_product,0.5,0.5,0.5,100.0,0.7530699682030739,1,0
synthetic_product,0.5,0.5,0.5,100.0,0.5569029757039081,2,1
synthetic_product,0.5,0.5,0.5,100.0,0.8712534512305948,2,0
synthetic_product,0.5,0.5,0.5,100.0,0.7775289662011197,1,1
synthetic_product,0.5,0.5,0.5,100.0,0.7490633902491624,2,0
synthetic_product,0.5,0.5,0.5,100.0,0.7381438760478763,2,1
synthetic_product,0.5,0.5,0.5,100.0,1.0720709312106058,1,0
synthetic_product,0.5,0.5,0.5,100.0,0.590952003246184,1,0
synthetic_product,0.5,0.5,0.5,100.0,0.6969763115770957,3,0
synthetic_product,0.5,0.5,0.5,100.0,0.2236605042555136,2,1
synthetic_product,0.5,0.5,0.5,100.0,0.7601335945344744,1,0
synthetic_product,0.5,0.5,0.5,100.0,0.720558479237367,1,0
synthetic_product,0.5,0.5,0.5,100.0,0.8128540959066861,2,1
synthetic_product,0.5,0.5,0.5,100.0,0.8377028620809641,1,1
synthetic_product,0.5,0.5,0.5,100.0,0.3921092813212555,2,0
synthetic_product,0.5,0.5,0.5,100.0,0.5633411053462098,2,0
synthetic_product,0.5,0.5,0.5,100.0,1.062387456305478,2,0
synthetic_product,0.5,0.5,0.5,100.0,0.8091752990686202,1,1
synthetic_product,0.5,0.5,0.5,100.0,0.5532208826421092,2,0
synthetic_product,0.5,0.5,0.5,100.0,0.5004554302521887,1,0
synthetic_product,0.5,0.5,0.5,100.0,0.9719606674975225,2,0
synthetic_product,0.5,0.5,0.5,100.0,0.34855153904437153,3,0
synthetic_product,0.5,0.5,0.5,100.0,0.46492433064959504,3,1
synthetic_product,0.5,0.5,0.5,100.0,1.0274706236181386,3,0
synthetic_product,0.5,0.5,0.5,100.0,0.779709649802271,1,1
synthetic_product,0.5,0.5,0.5,100.0,0.8484351977165773,1,0
synthetic_product,0.5,0.5,0.5,100.0,0.2367130605683057,1,1
synthetic_product,0.5,0.5,0.5,100.0,0.4121976738236502,2,1
synthetic_product,0.5,0.5,0.5,100.0,0.27056757611214827,2,1
synthetic_product,0.5,0.5,0.5,100.0,0.7291702810497396,1,0
synthetic_product,0.5,0.5,0.5,100.0,0.8970284565123972,1,0
synthetic_product,0.5,0.5,0.5,100.0,0.9136678874141344,3,1
synthetic_product,0.5,0.5,0.5,100.0,0.8240247190629459,3,0
synthetic_product,0.5,0.5,0.5,100.0,0.4583026732201003,1,1
synthetic_product,0.5,0.5,0.5,100.0,0.33441882052874344,1,1
synthetic_product,0.5,0.5,0.5,100.0,1.0008543240355436,2,1
synthetic_product,0.5,0.5,0.5,100.0,0.2051591098340799,1,1
synthetic_product,0.5,0.5,0.5,100.0,0.7963433103356445,1,0
synthetic_product,0.5,0.5,0.5,100.0,0.8028402964886918,2,0
synthetic_product,0.5,0.5,0.5,100.0,0.6498175273871195,1,1
synthetic_product,0.5,0.5,0.5,100.0,1.139103057946405,3,0
synthetic_product,0.5,0.5,0.5,100.0,0.5620365015053906,1,1
synthetic_product,0.5,0.5,0.5,100.0,0.35861807007159996,2,1
synthetic_product,0.5,0.5,0.5,100.0,0.8983259962165692,2,1
synthetic_product,0.5,0.5,0.5,100.0,0.4814681064926444,1,1
synthetic_product,0.5,0.5,0.5,100.0,0.6462387455672827,2,1
synthetic_product,0.5,0.5,0.5,100.0,0.9586153466905727,3,1
synthetic_product,0.5,0.5,0.5,100.0,0.6614272003701563,1,0
synthetic_product,0.5,0.5,0.5,100.0,0.7153020912895407,3,1
synthetic_product,0.5,0.5,0.5,100.0,0.8171785822504117,3,0
synthetic_product,0.5,0.5,0.5,100.0,0.8452122461017125,2,0
synthetic_product,0.5,0.5,0.5,100.0,0.49192226760637936,1,1
synthetic_product,0.5,0.5,0.5,100.0,0.4657748753406192,3,1
synthetic_product,0.5,0.5,0.5,100.0,0.3608195386468217,2,1
synthetic_product,0.5,0.5,0.5,100.0,0.8568144780632019,2,0
synthetic_product,0.5,0.5,0.5,100.0,0.2705797153119609,1,0
synthetic_product,0.5,0.5,0.5,100.0,0.9959857907252863,3,1
synthetic_product,0.5,0.5,0.5,100.0,0.6030639126842168,3,1
synthetic_product,0.5,0.5,0.5,100.0,0.7285894963810241,2,0
synthetic_product,0.5,0.5,0.5,100.0,0.2906481273334579,1,1
synthetic_product,0.5,0.5,0.5,100.0,1.009372933648548,2,1
synthetic_product,0.5,0.5,0.5,100.0,0.36488541290130927,1,1
synthetic_product,0.5,0.5,0.5,100.0,1.1374780476442117,2,0
synthetic_product,0.5,0.5,0.5,100.0,0.7275019191347869,1,1
synthetic_product,0.5,0.5,0.5,100.0,0.720581049631702,2,1
synthetic_product,0.5,0.5,0.5,100.0,0.4978847413923122,2,1
synthetic_product,0.5,0.5,0.5,100.0,0.8793226967147044,3,1
synthetic_product,0.5,0.5,0.5,100.0,0.745313279662769,1,0
synthetic_product,0.5,0.5,0.5,100.0,0.4596274932751728,2,1
synthetic_product,0.5,0.5,0.5,100.0,0.5937647374082906,2,0
synthetic_product,0.5,0.5,0.5,100.0,0.8409322599193564,3,1
synthetic_product,0.5,0.5,0.5,100.0,0.21230838960258233,2,1
synthetic_product,0.5,0.5,0.5,100.0,0.4893118022782573,1,1
synthetic_product,0.5,0.5,0.5,100.0,0.5273799149658995,3,1
synthetic_product,0.5,0.5,0.5,100.0,0.7961907701643036,2,0
synthetic_product,0.5,0.5,0.5,100.0,0.5301826772172663,2,0
synthetic_product,0.5,0.5,0.5,100.0,0.6478700734859391,2,1
synthetic_product,0.5,0.5,0.5,100.0,0.5822068555846168,3,1
synthetic_product,0.5,0.5,0.5,100.0,0.7217037651452242,1,0
synthetic_product,0.5,0.5,0.5,100.0,0.5813909160964522,2,1
synthetic_product,0.5,0.5,0.5,100.0,0.6999431699777928,3,1
synthetic_product,0.5,0.5,0.5,100.0,0.581308988747812,1,0
synthetic_product,0.5,0.5,0.5,100.0,0.24967719693955137,3,0
synthetic_product,0.5,0.5,0.5,100.0,0.9372012499633227,2,1
synthetic_product,0.5,0.5,0.5,100.0,0.7406400919289138,2,0
synthetic_product,0.5,0.5,0.5,100.0,0.5948932909678956,2,1
synthetic_product,0.5,0.5,0.5,100.0,0.28670560217837787,3,1
synthetic_product,0.5,0.5,0.5,100.0,0.8327798673023196,1,1
synthetic_product,0.5,0.5,0.5,100.0,0.6457380307368215,1,0
synthetic_product,0.5,0.5,0.5,100.0,0.6289274231837862,3,1
synthetic_product,0.5,0.5,0.5,100.0,0.8259038925852141,2,0
synthetic_product,0.5,0.5,0.5,100.0,0.4073743593762707,1,0
synthetic_product,0.5,0.5,0.5,100.0,0.4372371720022771,1,1
synthetic_product,0.5,0.5,0.5,100.0,0.6209726309409815,2,0
synthetic_product,0.5,0.5,0.5,100.0,0.7321675521218192,2,0
synthetic_product,0.5,0.5,0.5,100.0,0.5809730449059348,1,1
synthetic_product,0.5,0.5,0.5,100.0,0.5465368190644774,3,0
synthetic_product,0.5,0.5,0.5,100.0,0.8610974059029263,1,0
synthetic_product,0.5,0.5,0.5,100.0,0.07979243111286806,1,0
synthetic_product,0.5,0.5,0.5,100.0,0.7137261817090655,2,0
synthetic_product,0.5,0.5,0.5,100.0,0.2527726729681074,1,1
synthetic_product,0.5,0.5,0.5,100.0,0.5214033151835626,3,0
synthetic_product,0.5,0.5,0.5,100.0,0.5521094286230708,2,0
synthetic_product,0.5,0.5,0.5,100.0,0.7475588517076117,1,1
synthetic_product,0.5,0.5,0.5,100.0,0.8909174337058874,3,1
synthetic_product,0.5,0.5,0.5,100.0,0.388016305693387,1,1
synthetic_product,0.5,0.5,0.5,100.0,0.5171403358662885,1,0
synthetic_product,0.5,0.5,0.5,100.0,0.26728434588404504,2,1
synthetic_product,0.5,0.5,0.5,100.0,0.9107830585736386,2,1
synthetic_product,0.5,0.5,0.5,100.0,0.6026787211408023,1,0
synthetic_product,0.5,0.5,0.5,100.0,0.6789952402751729,2,0
synthetic_product,0.5,0.5,0.5,100.0,0.7898848821199541,3,1
synthetic_product,0.5,0.5,0.5,100.0,0.7788950162567726,1,0
synthetic_product,0.5,0.5,0.5,100.0,0.841987152394763,2,1
synthetic_product,0.5,0.5,0.5,100.0,0.7360524685709797,2,1
synthetic_product,0.5,0.5,0.5,100.0,0.46200507975872973,1,1
synthetic_product,0.5,0.5,0.5,100.0,0.992577428273739,3,1
synthetic_product,0.5,0.5,0.5,100.0,1.1906093951220815,3,1
synthetic_product,0.5,0.5,0.5,100.0,0.42017880515577755,1,0
synthetic_product,0.5,0.5,0.5,100.0,0.2887808332592067,1,1
synthetic_product,0.5,0.5,0.5,100.0,0.439825117632457,1,0
synthetic_product,0.5,0.5,0.5,100.0,0.5843972771448267,1,1
synthetic_product,0.5,0.5,0.5,100.0,0.6766430094988563,2,1
synthetic_product,0.5,0.5,0.5,100.0,0.6501746707767652,2,1
synthetic_product,0.5,0.5,0.5,100.0,0.6621494662322729,1,0
synthetic_product,0.5,0.5,0.5,100.0,0.5229717114597204,2,0
synthetic_product,0.5,0.5,0.5,100.0,0.5713622351755865,2,0
synthetic_product,0.5,0.5,0.5,100.0,0.334685019563861,2,1
synthetic_product,0.5,0.5,0.5,100.0,0.4356803510073395,3,0
synthetic_product,0.5,0.5,0.5,100.0,0.12605245097665518,1,1
synthetic_product,0.5,0.5,0.5,100.0,0.5900731913249526,3,0
synthetic_product,0.5,0.5,0.5,100.0,0.5319086211784682,2,1
synthetic_product,0.5,0.5,0.5,100.0,0.7135200964779632,2,0
synthetic_product,0.5,0.5,0.5,100.0,0.14141145079802983,1,1
synthetic_product,0.5,0.5,0.5,100.0,0.4586412508626651,2,1
synthetic_product,0.5,0.5,0.5,100.0,0.601169402011392,2,1
synthetic_product,0.5,0.5,0.5,100.0,0.689892404793126,2,1
synthetic_product,0.5,0.5,0.5,100.0,0.48219684621309167,1,1
synthetic_product,0.5,0.5,0.5,100.0,0.5637130642296169,2,1
synthetic_product,0.5,0.5,0.5,100.0,0.8776098094454859,2,0
synthetic_product,0.5,0.5,0.5,100.0,0.7754354332912308,3,0
synthetic_product,0.5,0.5,0.5,100.0,0.7158766172165769,2,0
synthetic_product,0.5,0.5,0.5,100.0,0.26724832908760476,3,1
synthetic_product,0.5,0.5,0.5,100.0,0.7001413113616893,1,0
synthetic_product,0.5,0.5,0.5,100.0,0.49013742496891016,2,0
synthetic_product,0.5,0.5,0.5,100.0,0.9010833138193304,1,0
synthetic_product,0.5,0.5,0.5,100.0,0.6567236522021056,3,1
synthetic_product,0.5,0.5,0.5,100.0,0.5961723654099098,1,1
synthetic_product,0.5,0.5,0.5,100.0,0.26122313353453125,1,1
synthetic_product,0.5,0.5,0.5,100.0,0.4497415093514199,1,0
synthetic_product,0.5,0.5,0.5,100.0,0.33847486939080634,3,1
synthetic_product,0.5,0.5,0.5,100.0,0.3049763737248601,3,0
synthetic_product,0.5,0.5,0.5,100.0,1.003126283562147,3,0
synthetic_product,0.5,0.5,0.5,100.0,0.42955748846621433,1,1
synthetic_product,0.5,0.5,0.5,100.0,1.0597020128966081,2,1
synthetic_product,0.5,0.5,0.5,100.0,0.7692258487427162,2,0
synthetic_product,0.5,0.5,0.5,100.0,1.1161992296823966,2,0
synthetic_product,0.5,0.5,0.5,100.0,0.6620716123406305,1,0
synthetic_product,0.5,0.5,0.5,100.0,0.5879032321768511,1,1
synthetic_product,0.5,0.5,0.5,100.0,0.8560285437329078,3,0
synthetic_product,0.5,0.5,0.5,100.0,0.7898832558530479,2,0
synthetic_product,0.5,0.5,0.5,100.0,0.8861619066304672,2,1
synthetic_product,0.5,0.5,0.5,100.0,0.4278829581698776,1,0
synthetic_product,0.5,0.5,0.5,100.0,0.8384630688200336,3,1
synthetic_product,0.5,0.5,0.5,100.0,0.7583887163299206,2,0
synthetic_product,0.5,0.5,0.5,100.0,0.9631584287980716,3,1
synthetic_product,0.5,0.5,0.5,100.0,0.5364006332534008,2,0
synthetic_product,0.5,0.5,0.5,100.0,0.36884329744706396,3,0
synthetic_product,0.5,0.5,0.5,100.0,0.20739451544045093,1,1
synthetic_product,0.5,0.5,0.5,100.0,0.5386689044134487,2,1
synthetic_product,0.5,0.5,0.5,100.0,0.3446668686670792,2,1
synthetic_product,0.5,0.5,0.5,100.0,0.18303267127180037,1,1
synthetic_product,0.5,0.5,0.5,100.0,0.5934704577818122,1,1
synthetic_product,0.5,0.5,0.5,100.0,0.9912999741706614,3,0
synthetic_product,0.5,0.5,0.5,100.0,0.8897044252416744,1,0
synthetic_product,0.5,0.5,0.5,100.0,0.42787643306716394,2,1
synthetic_product,0.5,0.5,0.5,100.0,0.6834582521424799,1,1
synthetic_product,0.5,0.5,0.5,100.0,0.6440390084538592,3,0
synthetic_product,0.5,0.5,0.5,100.0,1.0412944819324754,1,0
synthetic_product,0.5,0.5,0.5,100.0,0.6652380125863226,1,0
synthetic_product,0.5,0.5,0.5,100.0,0.5965212745129833,2,1
synthetic_product,0.5,0.5,0.5,100.0,0.4851352086470056,2,1
synthetic_product,0.5,0.5,0.5,100.0,0.75327445027268,2,0
synthetic_product,0.5,0.5,0.5,100.0,0.5810293948697267,2,1
synthetic_product,0.5,0.5,0.5,100.0,0.6275141266314069,3,1
synthetic_product,0.5,0.5,0.5,100.0,0.5541613122444543,2,1
synthetic_product,0.5,0.5,0.5,100.0,0.26267294332026564,2,1
synthetic_product,0.5,0.5,0.5,100.0,0.3300125989972311,2,1
synthetic_product,0.5,0.5,0.5,100.0,0.5142786506456295,1,0
synthetic_product,0.5,0.5,0.5,100.0,0.5113370774735542,2,1
synthetic_product,0.5,0.5,0.5,100.0,0.9778040821631468,3,0
synthetic_product,0.5,0.5,0.5,100.0,0.8176117877335114,2,0
synthetic_product,0.5,0.5,0.5,100.0,0.2880245704379919,2,0
synthetic_product,0.5,0.5,0.5,100.0,0.7364627640279873,2,0
synthetic_product,0.5,0.5,0.5,100.0,0.6739028928495856,1,0
synthetic_product,0.5,0.5,0.5,100.0,0.7192966020743149,3,0
synthetic_product,0.5,0.5,0.5,100.0,0.5622736973691261,2,1
synthetic_product,0.5,0.5,0.5,100.0,0.5482695865590266,3,0
synthetic_product,0.5,0.5,0.5,100.0,0.7302420196736662,2,1
synthetic_product,0.5,0.5,0.5,100.0,0.24600826726129071,2,0
synthetic_product,0.5,0.5,0.5,100.0,0.8202451753474268,2,1
synthetic_product,0.5,0.5,0.5,100.0,0.4558506075295388,2,0
synthetic_product,0.5,0.5,0.5,100.0,0.8843858514147046,2,0
synthetic_product,0.5,0.5,0.5,100.0,0.23675336104904277,1,0
synthetic_product,0.5,0.5,0.5,100.0,0.9797079805314328,3,0
synthetic_product,0.5,0.5,0.5,100.0,0.5057172316260161,2,0
synthetic_product,0.5,0.5,0.5,100.0,0.7998174486788318,3,1
synthetic_product,0.5,0.5,0.5,100.0,0.8969037810716897,3,1
synthetic_product,0.5,0.5,0.5,100.0,0.9177797808826534,2,1
synthetic_product,0.5,0.5,0.5,100.0,0.5356594920699903,2,1
synthetic_product,0.5,0.5,0.5,100.0,0.9716061926846793,1,1
synthetic_product,0.5,0.5,0.5,100.0,0.9653678716825134,1,0
synthetic_product,0.5,0.5,0.5,100.0,0.9043310648906775,2,0
synthetic_product,0.5,0.5,0.5,100.0,0.8485393782168978,2,1
synthetic_product,0.5,0.5,0.5,100.0,0.5444412531359404,3,1
synthetic_product,0.5,0.5,0.5,100.0,0.5004421996771496,1,1
synthetic_product,0.5,0.5,0.5,100.0,0.5837690084708701,2,1
synthetic_product,0.5,0.5,0.5,100.0,0.7753433429514086,1,0
synthetic_product,0.5,0.5,0.5,100.0,0.4207035709109065,2,1
synthetic_product,0.5,0.5,0.5,100.0,0.6503427545204793,3,0
synthetic_product,0.5,0.5,0.5,100.0,0.8405435665785391,2,1
synthetic_product,0.5,0.5,0.5,100.0,0.5719673173991746,1,0
synthetic_product,0.5,0.5,0.5,100.0,0.8810463822844714,2,0
synthetic_product,0.5,0.5,0.5,100.0,0.29392431333058605,1,1
synthetic_product,0.5,0.5,0.5,100.0,0.7888646822223366,1,0
synthetic_product,0.5,0.5,0.5,100.0,0.3402661219750451,1,0
synthetic_product,0.5,0.5,0.5,100.0,0.7857904248722394,2,0
synthetic_product,0.5,0.5,0.5,100.0,0.6959930607552257,2,0
synthetic_product,0.5,0.5,0.5,100.0,0.4639901354219545,1,0
synthetic_product,0.5,0.5,0.5,100.0,0.4119036054175287,1,1
synthetic_product,0.5,0.5,0.5,100.0,0.5544018891473363,2,1
synthetic_product,0.5,0.5,0.5,100.0,0.7186262924803662,2,1
synthetic_product,0.5,0.5,0.5,100.0,0.723111453185518,2,1
synthetic_product,0.5,0.5,0.5,100.0,0.3356713197753165,3,0
synthetic_product,0.5,0.5,0.5,100.0,0.7017217282674781,1,1
synthetic_product,0.5,0.5,0.5,100.0,0.7102011539559897,1,1
synthetic_product,0.5,0.5,0.5,100.0,0.6065567879692142,3,0
synthetic_product,0.5,0.5,0.5,100.0,0.5512423504842694,1,1
synthetic_product,0.5,0.5,0.5,100.0,1.1104624796647051,2,1
synthetic_product,0.5,0.5,0.5,100.0,0.5877929645166862,2,1
synthetic_product,0.5,0.5,0.5,100.0,0.8114240886063498,3,1
synthetic_product,0.5,0.5,0.5,100.0,0.4563242509673905,2,0
synthetic_product,0.5,0.5,0.5,100.0,0.6772724490958242,2,0
synthetic_product,0.5,0.5,0.5,100.0,0.2158904377149673,2,1
synthetic_product,0.5,0.5,0.5,100.0,0.4399498314930952,2,1
synthetic_product,0.5,0.5,0.5,100.0,0.7797493944454337,3,0
synthetic_product,0.5,0.5,0.5,100.0,1.0634976986243543,3,0
synthetic_product,0.5,0.5,0.5,100.0,0.4309018171974159,2,1
synthetic_product,0.5,0.5,0.5,100.0,0.8507168303680281,2,0
synthetic_product,0.5,0.5,0.5,100.0,0.6545537402381982,2,0
synthetic_product,0.5,0.5,0.5,100.0,0.8576263129395039,3,1
synthetic_product,0.5,0.5,0.5,100.0,0.5221614161012529,2,1
synthetic_product,0.5,0.5,0.5,100.0,0.7691543037023203,2,1
synthetic_product,0.5,0.5,0.5,100.0,0.353194821327485,2,0
synthetic_product,0.5,0.5,0.5,100.0,0.4503940979089674,2,1
synthetic_product,0.5,0.5,0.5,100.0,0.4593601467594316,2,0
synthetic_product,0.5,0.5,0.5,100.0,0.6931161641191256,2,1
synthetic_product,0.5,0.5,0.5,100.0,0.7910539519197767,2,1
synthetic_product,0.5,0.5,0.5,100.0,0.936150753327058,2,1
synthetic_product,0.5,0.5,0.5,100.0,0.41797321798300524,2,1
synthetic_product,0.5,0.5,0.5,100.0,0.4962901396390662,2,1
synthetic_product,0.5,0.5,0.5,100.0,0.7048912309577808,2,1
synthetic_product,0.5,0.5,0.5,100.0,0.9823197015255488,1,1
synthetic_product,0.5,0.5,0.5,100.0,0.6490818338207014,2,0
synthetic_product,0.5,0.5,0.5,100.0,1.0425979793211297,1,1
synthetic_product,0.5,0.5,0.5,100.0,0.7130289627860658,1,0
synthetic_product,0.5,0.5,0.5,100.0,0.6507542182551409,2,0
synthetic_product,0.5,0.5,0.5,100.0,0.5718774880976439,3,1
synthetic_product,0.5,0.5,0.5,100.0,0.6498203567894655,2,1
synthetic_product,0.5,0.5,0.5,100.0,0.9215149628660332,1,1
synthetic_product,0.5,0.5,0.5,100.0,0.7780932527862882,1,0
synthetic_product,0.5,0.5,0.5,100.0,0.9749631444723778,2,1
synthetic_product,0.5,0.5,0.5,100.0,0.23041763636450566,1,1
synthetic_product,0.5,0.5,0.5,100.0,0.6412510326320306,2,1
synthetic_product,0.5,0.5,0.5,100.0,0.46980708380251873,1,1
synthetic_product,0.5,0.5,0.5,100.0,0.3741918944159998,1,0
synthetic_product,0.5,0.5,0.5,100.0,0.5641359896971099,3,1
synthetic_product,0.5,0.5,0.5,100.0,0.8219450006617317,2,1
synthetic_product,0.5,0.5,0.5,100.0,0.2948453006117426,2,0
synthetic_product,0.5,0.5,0.5,100.0,0.9212113226953415,3,1
synthetic_product,0.5,0.5,0.5,100.0,0.7100982440967036,2,0
synthetic_product,0.5,0.5,0.5,100.0,0.37408142274419953,3,1
synthetic_product,0.5,0.5,0.5,100.0,0.24536983207881044,2,1
synthetic_product,0.5,0.5,0.5,100.0,0.6475105059824257,3,0
synthetic_product,0.5,0.5,0.5,100.0,0.7860208879961018,1,0
synthetic_product,0.5,0.5,0.5,100.0,0.712198027598096,2,0
synthetic_product,0.5,0.5,0.5,100.0,0.7633143122779281,2,1
synthetic_product,0.5,0.5,0.5,100.0,0.44048674763524076,2,0
synthetic_product,0.5,0.5,0.5,100.0,0.9487510497883056,1,0
synthetic_product,0.5,0.5,0.5,100.0,0.5598311024222029,3,1
synthetic_product,0.5,0.5,0.5,100.0,0.8788338068376089,3,1
synthetic_product,0.5,0.5,0.5,100.0,0.6126474021731594,1,0
synthetic_product,0.5,0.5,0.5,100.0,0.3266238421917899,2,0
synthetic_product,0.5,0.5,0.5,100.0,0.7415922604698606,3,1
synthetic_product,0.5,0.5,0.5,100.0,0.4574389110898325,3,0
synthetic_product,0.5,0.5,0.5,100.0,0.26795743412520145,2,1
synthetic_product,0.5,0.5,0.5,100.0,0.9597572664803362,2,1
synthetic_product,0.5,0.5,0.5,100.0,0.8699282092318659,2,1
synthetic_product,0.5,0.5,0.5,100.0,0.9723485307550797,1,0
synthetic_product,0.5,0.5,0.5,100.0,0.39680468870534125,2,1
synthetic_product,0.5,0.5,0.5,100.0,0.6543600866829875,2,1
synthetic_product,0.5,0.5,0.5,100.0,0.5545613854541231,2,0
synthetic_product,0.5,0.5,0.5,100.0,0.8053398390476817,1,0
synthetic_product,0.5,0.5,0.5,100.0,0.3044819206800503,2,0
synthetic_product,0.5,0.5,0.5,100.0,0.5046087667776522,3,1
synthetic_product,0.5,0.5,0.5,100.0,0.7794746192288311,2,0
synthetic_product,0.5,0.5,0.5,100.0,0.49836068178685095,2,1
synthetic_product,0.5,0.5,0.5,100.0,0.4339707890632668,2,0
synthetic_product,0.5,0.5,0.5,100.0,0.8724803170966834,1,0
synthetic_product,0.5,0.5,0.5,100.0,0.5981507494255399,2,0
synthetic_product,0.5,0.5,0.5,100.0,0.9080445171369351,2,0
synthetic_product,0.5,0.5,0.5,100.0,0.5613902796715164,3,0
synthetic_product,0.5,0.5,0.5,100.0,1.123837143700954,2,0
synthetic_product,0.5,0.5,0.5,100.0,0.798449886598483,2,1
synthetic_product,0.5,0.5,0.5,100.0,0.8156718678120086,2,1
synthetic_product,0.5,0.5,0.5,100.0,0.4201772208664055,2,1
synthetic_product,0.5,0.5,0.5,100.0,0.5854357229581538,1,1
synthetic_product,0.5,0.5,0.5,100.0,0.23570574487163184,1,0
synthetic_product,0.5,0.5,0.5,100.0,0.6093079872681877,2,1
synthetic_product,0.5,0.5,0.5,100.0,0.4161183175173526,1,0
synthetic_product,0.5,0.5,0.5,100.0,0.8365227077237647,3,1
synthetic_product,0.5,0.5,0.5,100.0,0.21861647845948956,1,1
synthetic_product,0.5,0.5,0.5,100.0,0.7143491323959094,1,1
synthetic_product,0.5,0.5,0.5,100.0,0.7393073397708121,3,0
synthetic_product,0.5,0.5,0.5,100.0,0.28297740706913377,1,0
synthetic_product,0.5,0.5,0.5,100.0,1.0432385831713908,1,0
synthetic_product,0.5,0.5,0.5,100.0,0.6724393904799207,2,1
synthetic_product,0.5,0.5,0.5,100.0,1.0198343127393925,2,0
synthetic_product,0.5,0.5,0.5,100.0,0.1653344138473604,2,1
synthetic_product,0.5,0.5,0.5,100.0,0.3701064808687294,1,1
synthetic_product,0.5,0.5,0.5,100.0,0.4613774831415694,3,1
synthetic_product,0.5,0.5,0.5,100.0,0.7003784160992562,1,0
synthetic_product,0.5,0.5,0.5,100.0,0.5355215616368727,1,1
synthetic_product,0.5,0.5,0.5,100.0,0.16931453639507257,1,0
synthetic_product,0.5,0.5,0.5,100.0,0.5611921720707987,2,0
synthetic_product,0.5,0.5,0.5,100.0,0.882741237987763,2,1
synthetic_product,0.5,0.5,0.5,100.0,0.8772183273862848,3,1
synthetic_product,0.5,0.5,0.5,100.0,0.793940070028518,2,1
synthetic_product,0.5,0.5,0.5,100.0,0.7939863664554647,2,1
synthetic_product,0.5,0.5,0.5,100.0,0.6368831837767871,2,0
synthetic_product,0.5,0.5,0.5,100.0,0.9748603718326814,2,1
synthetic_product,0.5,0.5,0.5,100.0,0.6076900012205508,1,0
synthetic_product,0.5,0.5,0.5,100.0,0.5778120817757789,3,0
synthetic_product,0.5,0.5,0.5,100.0,0.7965424532336063,2,1
synthetic_product,0.5,0.5,0.5,100.0,0.5732474293799334,1,1
synthetic_product,0.5,0.5,0.5,100.0,0.4324970321710103,1,0
synthetic_product,0.5,0.5,0.5,100.0,0.315801361272788,2,1
synthetic_product,0.5,0.5,0.5,100.0,0.20683697923070715,1,1
synthetic_product,0.5,0.5,0.5,100.0,0.7122080191577885,1,0
synthetic_product,0.5,0.5,0.5,100.0,0.3826735894451814,1,1
synthetic_product,0.5,0.5,0.5,100.0,0.7976726250353852,3,1
synthetic_product,0.5,0.5,0.5,100.0,0.5738434096357359,2,0
synthetic_product,0.5,0.5,0.5,100.0,0.44736856441824385,2,1
synthetic_product,0.5,0.5,0.5,100.0,0.6554796573825309,1,0
synthetic_product,0.5,0.5,0.5,100.0,0.6845784843779382,2,0
synthetic_product,0.5,0.5,0.5,100.0,0.8747018921436096,2,1
synthetic_product,0.5,0.5,0.5,100.0,0.28501446085355364,1,1
synthetic_product,0.5,0.5,0.5,100.0,1.03057425532356,1,0
synthetic_product,0.5,0.5,0.5,100.0,0.3938567553589384,1,0
synthetic_product,0.5,0.5,0.5,100.0,0.776931896796728,1,0
synthetic_product,0.5,0.5,0.5,100.0,0.6970006867439194,1,0
synthetic_product,0.5,0.5,0.5,100.0,0.3517892573589971,3,0
synthetic_product,0.5,0.5,0.5,100.0,1.0038003167059144,2,0
synthetic_product,0.5,0.5,0.5,100.0,0.6750581275622787,2,1
synthetic_product,0.5,0.5,0.5,100.0,1.2129707968023538,3,0
synthetic_product,0.5,0.5,0.5,100.0,0.9610183993576717,2,0
synthetic_product,0.5,0.5,0.5,100.0,1.1124757521405195,2,1
synthetic_product,0.5,0.5,0.5,100.0,0.6928349759662353,1,0
synthetic_product,0.5,0.5,0.5,100.0,0.5746612824543545,1,0
synthetic_product,0.5,0.5,0.5,100.0,0.6116152423948624,1,0
synthetic_product,0.5,0.5,0.5,100.0,0.6629142811821223,2,1
synthetic_product,0.5,0.5,0.5,100.0,0.6779587828211326,3,1
synthetic_product,0.5,0.5,0.5,100.0,0.38896695675337284,1,0
synthetic_product,0.5,0.5,0.5,100.0,0.4328583322505312,1,1
synthetic_product,0.5,0.5,0.5,100.0,0.7064633652901718,1,0
synthetic_product,0.5,0.5,0.5,100.0,0.43128927293873465,3,1
synthetic_product,0.5,0.5,0.5,100.0,0.4876654189866324,3,1
synthetic_product,0.5,0.5,0.5,100.0,0.902661151824847,3,1
synthetic_product,0.5,0.5,0.5,100.0,0.7557579980833762,2,0
synthetic_product,0.5,0.5,0.5,100.0,0.609246209832379,2,0
synthetic_product,0.5,0.5,0.5,100.0,0.8260378674453449,1,1
synthetic_product,0.5,0.5,0.5,100.0,0.6619922379540557,2,1
synthetic_product,0.5,0.5,0.5,100.0,0.28947571579563397,2,1
synthetic_product,0.5,0.5,0.5,100.0,0.3351559773056643,2,1
synthetic_product,0.5,0.5,0.5,100.0,1.0016515675270237,3,1
synthetic_product,0.5,0.5,0.5,100.0,0.6658976666089512,2,0
synthetic_product,0.5,0.5,0.5,100.0,0.9293168453797298,3,0
synthetic_product,0.5,0.5,0.5,100.0,0.5712955034589857,1,1
synthetic_product,0.5,0.5,0.5,100.0,0.6490525696469588,1,1
synthetic_product,0.5,0.5,0.5,100.0,0.8936753108134516,2,0
synthetic_product,0.5,0.5,0.5,100.0,0.6345246626496983,2,0
synthetic_product,0.5,0.5,0.5,100.0,0.665570151983023,1,1
synthetic_product,0.5,0.5,0.5,100.0,1.1793407530877207,2,0
synthetic_product,0.5,0.5,0.5,100.0,0.26885222553077426,1,1
synthetic_product,0.5,0.5,0.5,100.0,0.8151044624676282,1,0
synthetic_product,0.5,0.5,0.5,100.0,1.1251487357498982,3,0
synthetic_product,0.5,0.5,0.5,100.0,0.3008708738558755,1,0
synthetic_product,0.5,0.5,0.5,100.0,0.6879905108007437,2,0
synthetic_product,0.5,0.5,0.5,100.0,0.797526175575425,2,0
synthetic_product,0.5,0.5,0.5,100.0,0.7644647721835605,3,0
synthetic_product,0.5,0.5,0.5,100.0,0.26787972946764455,1,1
synthetic_product,0.5,0.5,0.5,100.0,0.3551822458099443,1,0
synthetic_product,0.5,0.5,0.5,100.0,0.841483739009857,2,0
synthetic_product,0.5,0.5,0.5,100.0,0.9432914461440366,1,0
synthetic_product,0.5,0.5,0.5,100.0,0.342524729914267,2,0
synthetic_product,0.5,0.5,0.5,100.0,0.505181919477494,3,0
synthetic_product,0.5,0.5,0.5,100.0,0.8226107890916098,1,0
synthetic_product,0.5,0.5,0.5,100.0,0.5618474793588675,1,0
synthetic_product,0.5,0.5,0.5,100.0,1.0223138405702044,2,1
synthetic_product,0.5,0.5,0.5,100.0,0.8896343231856776,3,1
synthetic_product,0.5,0.5,0.5,100.0,0.8960029655356494,2,0
synthetic_product,0.5,0.5,0.5,100.0,0.32905519126308136,2,0
synthetic_product,0.5,0.5,0.5,100.0,0.3324027063483612,3,1
synthetic_product,0.5,0.5,0.5,100.0,0.9508773899097075,1,1
synthetic_product,0.5,0.5,0.5,100.0,0.4311790884520433,2,0
synthetic_product,0.5,0.5,0.5,100.0,0.7596305470537335,2,0
synthetic_product,0.5,0.5,0.5,100.0,0.7372163790594907,1,1
synthetic_product,0.5,0.5,0.5,100.0,0.5903375284426691,3,0
synthetic_product,0.5,0.5,0.5,100.0,0.2769477119460596,2,1
synthetic_product,0.5,0.5,0.5,100.0,0.19850376379912904,1,1
synthetic_product,0.5,0.5,0.5,100.0,1.0380714219544322,1,1
synthetic_product,0.5,0.5,0.5,100.0,0.9164015542754285,2,1
synthetic_product,0.5,0.5,0.5,100.0,0.7688101417427936,2,1
synthetic_product,0.5,0.5,0.5,100.0,0.536372964428672,1,0
synthetic_product,0.5,0.5,0.5,100.0,0.7858478584819966,2,1
synthetic_product,0.5,0.5,0.5,100.0,0.907408836924317,1,0
synthetic_product,0.5,0.5,0.5,100.0,0.6801666102544176,2,1
synthetic_product,0.5,0.5,0.5,100.0,0.6655683889185666,3,0
synthetic_product,0.5,0.5,0.5,100.0,0.33009087640179197,2,1
synthetic_product,0.5,0.5,0.5,100.0,0.7930761943114097,2,0
synthetic_product,0.5,0.5,0.5,100.0,0.8804233321438601,2,0
synthetic_product,0.5,0.5,0.5,100.0,0.6250645296224095,3,0
synthetic_product,0.5,0.5,0.5,100.0,0.6558522100967712,1,1
synthetic_product,0.5,0.5,0.5,100.0,0.7390925551571934,2,0
synthetic_product,0.5,0.5,0.5,100.0,0.7814973841559271,1,1
synthetic_product,0.5,0.5,0.5,100.0,0.28890677663725733,1,1
synthetic_product,0.5,0.5,0.5,100.0,0.5880479372818351,2,1
synthetic_product,0.5,0.5,0.5,100.0,0.5319901911536856,2,1
synthetic_product,0.5,0.5,0.5,100.0,1.0119407866451504,2,0
synthetic_product,0.5,0.5,0.5,100.0,0.32841643070951193,1,0
synthetic_product,0.5,0.5,0.5,100.0,0.6957306608183889,2,1
synthetic_product,0.5,0.5,0.5,100.0,0.3645929927400283,2,1
synthetic_product,0.5,0.5,0.5,100.0,0.5560701115149902,1,0
synthetic_product,0.5,0.5,0.5,100.0,0.8751222735057095,1,0
synthetic_product,0.5,0.5,0.5,100.0,0.7246121412385906,2,1
synthetic_product,0.5,0.5,0.5,100.0,0.5994559555539795,2,0
synthetic_product,0.5,0.5,0.5,100.0,0.7384463620221943,3,0
synthetic_product,0.5,0.5,0.5,100.0,0.4920440744902516,1,1
synthetic_product,0.5,0.5,0.5,100.0,0.8903896025041268,3,0
synthetic_product,0.5,0.5,0.5,100.0,0.734172358966452,1,1
synthetic_product,0.5,0.5,0.5,100.0,0.7164723572663322,3,0
synthetic_product,0.5,0.5,0.5,100.0,0.5005171108973687,2,0
synthetic_product,0.5,0.5,0.5,100.0,0.8954566083814604,3,1
synthetic_product,0.5,0.5,0.5,100.0,0.870010303378202,3,1
synthetic_product,0.5,0.5,0.5,100.0,0.6394271549849811,2,0
synthetic_product,0.5,0.5,0.5,100.0,0.8410801969488467,2,1
synthetic_product,0.5,0.5,0.5,100.0,0.4545385232870353,2,0
synthetic_product,0.5,0.5,0.5,100.0,0.7341921993274341,1,0
synthetic_product,0.5,0.5,0.5,100.0,0.7693334408640597,2,1
synthetic_product,0.5,0.5,0.5,100.0,0.13100304162282783,1,1
synthetic_product,0.5,0.5,0.5,100.0,0.33679998120594035,1,1
synthetic_product,0.5,0.5,0.5,100.0,0.3584921347330307,2,1
synthetic_product,0.5,0.5,0.5,100.0,0.4609066745810604,1,0
synthetic_product,0.5,0.5,0.5,100.0,0.9513990439947662,2,0
synthetic_product,0.5,0.5,0.5,100.0,0.8889067412954785,3,1
synthetic_product,0.5,0.5,0.5,100.0,0.7774686949347079,2,0
synthetic_product,0.5,0.5,0.5,100.0,0.4156373373808594,2,1
synthetic_product,0.5,0.5,0.5,100.0,0.3654767221319588,1,1
synthetic_product,0.5,0.5,0.5,100.0,0.5260481126501897,1,1
synthetic_product,0.5,0.5,0.5,100.0,0.9074103401799691,3,1
synthetic_product,0.5,0.5,0.5,100.0,0.9029378496137332,3,1
synthetic_product,0.5,0.5,0.5,100.0,0.6329283875226486,2,0
synthetic_product,0.5,0.5,0.5,100.0,1.08077383042618,2,0
synthetic_product,0.5,0.5,0.5,100.0,0.5004257798982948,2,1
synthetic_product,0.5,0.5,0.5,100.0,0.4785112247726267,2,1
synthetic_product,0.5,0.5,0.5,100.0,0.7653992520057946,1,1
synthetic_product,0.5,0.5,0.5,100.0,0.65079398121611,2,0
synthetic_product,0.5,0.5,0.5,100.0,0.2288957365083464,2,1
synthetic_product,0.5,0.5,0.5,100.0,0.47946801903534997,3,0
synthetic_product,0.5,0.5,0.5,100.0,0.9036485899237663,2,1
synthetic_product,0.5,0.5,0.5,100.0,0.8979154519724586,2,0
synthetic_product,0.5,0.5,0.5,100.0,0.5525337477366141,3,0
synthetic_product,0.5,0.5,0.5,100.0,0.99210368812611,2,1
synthetic_product,0.5,0.5,0.5,100.0,0.38686592694115407,1,1
synthetic_product,0.5,0.5,0.5,100.0,0.49307007755031035,3,0
synthetic_product,0.5,0.5,0.5,100.0,0.28046699562085686,2,0
synthetic_product,0.5,0.5,0.5,100.0,0.7873722866844565,2,1
synthetic_product,0.5,0.5,0.5,100.0,0.7979926641251481,1,1
synthetic_product,0.5,0.5,0.5,100.0,0.38033792520393644,3,0
synthetic_product,0.5,0.5,0.5,100.0,1.0726962004923832,3,0
synthetic_product,0.5,0.5,0.5,100.0,0.6045264197037405,1,0
synthetic_product,0.5,0.5,0.5,100.0,0.5595073699028209,1,1
synthetic_product,0.5,0.5,0.5,100.0,0.8651304256439418,2,0
synthetic_product,0.5,0.5,0.5,100.0,0.5252474421004294,2,1
synthetic_product,0.5,0.5,0.5,100.0,0.531903274908431,1,0
synthetic_product,0.5,0.5,0.5,100.0,0.42256748901850594,1,0
synthetic_product,0.5,0.5,0.5,100.0,0.8699583255499754,2,0
synthetic_product,0.5,0.5,0.5,100.0,0.903992424774352,1,0
synthetic_product,0.5,0.5,0.5,100.0,0.5260531311819812,2,1
synthetic_product,0.5,0.5,0.5,100.0,0.5402933057502528,1,0
synthetic_product,0.5,0.5,0.5,100.0,0.5215791726096317,2,1
synthetic_product,0.5,0.5,0.5,100.0,0.562069850264262,2,0
synthetic_product,0.5,0.5,0.5,100.0,0.8309906113734288,1,0
synthetic_product,0.5,0.5,0.5,100.0,0.29633355018529167,1,1
synthetic_product,0.5,0.5,0.5,100.0,1.103446710189144,2,0
synthetic_product,0.5,0.5,0.5,100.0,0.5385929126591104,2,1
synthetic_product,0.5,0.5,0.5,100.0,0.9161298836276294,1,0
synthetic_product,0.5,0.5,0.5,100.0,0.9570813468073934,2,0
synthetic_product,0.5,0.5,0.5,100.0,0.35838458410106133,1,0
synthetic_product,0.5,0.5,0.5,100.0,0.49192300393810445,2,1
synthetic_product,0.5,0.5,0.5,100.0,0.2709207647332199,3,1
synthetic_product,0.5,0.5,0.5,100.0,0.32950497677852947,2,1
synthetic_product,0.5,0.5,0.5,100.0,0.7702225285254292,2,1
synthetic_product,0.5,0.5,0.5,100.0,0.6889598940231977,1,1
synthetic_product,0.5,0.5,0.5,100.0,0.8632184704905776,1,0
synthetic_product,0.5,0.5,0.5,100.0,0.6162235988680995,1,1
synthetic_product,0.5,0.5,0.5,100.0,0.4811050874787479,2,1
synthetic_product,0.5,0.5,0.5,100.0,0.5555352997616378,2,0
synthetic_product,0.5,0.5,0.5,100.0,0.4839661094598377,1,0
synthetic_product,0.5,0.5,0.5,100.0,0.17449326175759136,1,1
synthetic_product,0.5,0.5,0.5,100.0,0.3978646705911081,2,1
synthetic_product,0.5,0.5,0.5,100.0,0.3339830095118852,1,1
synthetic_product,0.5,0.5,0.5,100.0,0.4147562217939751,1,0
synthetic_product,0.5,0.5,0.5,100.0,0.4034352866108918,2,1
synthetic_product,0.5,0.5,0.5,100.0,0.26136519190818935,2,0
synthetic_product,0.5,0.5,0.5,100.0,0.38601362201529466,1,1
synthetic_product,0.5,0.5,0.5,100.0,0.8162084979038596,3,0
synthetic_product,0.5,0.5,0.5,100.0,0.8558983415652297,1,0
synthetic_product,0.5,0.5,0.5,100.0,0.7507121748232178,2,0
synthetic_product,0.5,0.5,0.5,100.0,0.6339649085783079,1,0
synthetic_product,0.5,0.5,0.5,100.0,0.8346808205771491,1,0
synthetic_product,0.5,0.5,0.5,100.0,0.6425034230595366,3,0
synthetic_product,0.5,0.5,0.5,100.0,0.938413853960582,3,1
synthetic_product,0.5,0.5,0.5,100.0,0.9068733648396677,1,0
synthetic_product,0.5,0.5,0.5,100.0,0.8001534661717253,2,0
synthetic_product,0.5,0.5,0.5,100.0,1.0784386085825106,2,0
synthetic_product,0.5,0.5,0.5,100.0,0.815171563124791,2,0
synthetic_product,0.5,0.5,0.5,100.0,0.3757357078475256,2,1
synthetic_product,0.5,0.5,0.5,100.0,0.4943612620193743,1,0
synthetic_product,0.5,0.5,0.5,100.0,0.2783491463634327,2,1
synthetic_product,0.5,0.5,0.5,100.0,0.6627213073159858,2,1
synthetic_product,0.5,0.5,0.5,100.0,0.9632771732786881,3,1
synthetic_product,0.5,0.5,0.5,100.0,0.34901482561906283,2,1
synthetic_product,0.5,0.5,0.5,100.0,0.7091933670402204,2,1
synthetic_product,0.5,0.5,0.5,100.0,1.02743859572737,3,0
synthetic_product,0.5,0.5,0.5,100.0,0.6176127453277245,1,1
synthetic_product,0.5,0.5,0.5,100.0,0.5098161556252191,2,1
synthetic_product,0.5,0.5,0.5,100.0,0.09794430398646731,1,1
synthetic_product,0.5,0.5,0.5,100.0,1.0095664867293874,3,0
synthetic_product,0.5,0.5,0.5,100.0,0.8822217978931592,2,0
synthetic_product,0.5,0.5,0.5,100.0,0.3728029377912571,2,0
synthetic_product,0.5,0.5,0.5,100.0,1.115383151702698,3,1
synthetic_product,0.5,0.5,0.5,100.0,0.5383593797249133,3,0
synthetic_product,0.5,0.5,0.5,100.0,0.6370911337604136,1,1
synthetic_product,0.5,0.5,0.5,100.0,0.7087025788984195,1,0
synthetic_product,0.5,0.5,0.5,100.0,0.8594574315838348,2,1
synthetic_product,0.5,0.5,0.5,100.0,0.38077404623028926,2,1
synthetic_product,0.5,0.5,0.5,100.0,0.7131807581998859,3,0
synthetic_product,0.5,0.5,0.5,100.0,0.8360961200416898,2,0
synthetic_product,0.5,0.5,0.5,100.0,0.8724454290627492,2,0
synthetic_product,0.5,0.5,0.5,100.0,0.945919189824032,3,1
synthetic_product,0.5,0.5,0.5,100.0,1.1208649433249285,3,0
synthetic_product,0.5,0.5,0.5,100.0,0.9034336857700034,2,1
synthetic_product,0.5,0.5,0.5,100.0,1.1225382043898267,3,1
synthetic_product,0.5,0.5,0.5,100.0,0.35834266498361694,2,0
synthetic_product,0.5,0.5,0.5,100.0,0.4984978331615101,2,1
synthetic_product,0.5,0.5,0.5,100.0,0.44827224192973025,1,0
synthetic_product,0.5,0.5,0.5,100.0,0.8640542757161581,2,0
synthetic_product,0.5,0.5,0.5,100.0,1.2275421052066744,3,1
synthetic_product,0.5,0.5,0.5,100.0,0.2763225999382085,1,0
synthetic_product,0.5,0.5,0.5,100.0,0.5837287589704131,3,1
synthetic_product,0.5,0.5,0.5,100.0,0.4736731207772534,2,1
synthetic_product,0.5,0.5,0.5,100.0,0.44883790728449663,3,1
synthetic_product,0.5,0.5,0.5,100.0,0.5276044390450656,1,1
synthetic_product,0.5,0.5,0.5,100.0,0.9293957611774726,1,0
synthetic_product,0.5,0.5,0.5,100.0,0.7971077326784366,1,1
synthetic_product,0.5,0.5,0.5,100.0,0.263542862551662,1,0
synthetic_product,0.5,0.5,0.5,100.0,0.9787110445057849,3,1
synthetic_product,0.5,0.5,0.5,100.0,0.4166124761737795,1,1
synthetic_product,0.5,0.5,0.5,100.0,0.40394896537316005,3,1
synthetic_product,0.5,0.5,0.5,100.0,0.19770162258762805,1,1
synthetic_product,0.5,0.5,0.5,100.0,0.36209921182224925,1,0
synthetic_product,0.5,0.5,0.5,100.0,0.7709799150767405,1,0
synthetic_product,0.5,0.5,0.5,100.0,1.1521285280903328,2,0
synthetic_product,0.5,0.5,0.5,100.0,0.7253419486347004,2,0
synthetic_product,0.5,0.5,0.5,100.0,0.573868725299762,3,0
synthetic_product,0.5,0.5,0.5,100.0,0.9756302961711038,3,1
synthetic_product,0.5,0.5,0.5,100.0,0.42162241280931884,1,0
synthetic_product,0.5,0.5,0.5,100.0,0.391391710648705,2,1
synthetic_product,0.5,0.5,0.5,100.0,0.7243975580156753,2,1
synthetic_product,0.5,0.5,0.5,100.0,0.6501844917612396,1,0
synthetic_product,0.5,0.5,0.5,100.0,0.7012548868491546,1,0
synthetic_product,0.5,0.5,0.5,100.0,0.8682454740592536,3,0
synthetic_product,0.5,0.5,0.5,100.0,0.955735360128511,1,0
synthetic_product,0.5,0.5,0.5,100.0,0.4122743765247558,3,1
synthetic_product,0.5,0.5,0.5,100.0,0.30196762280687334,2,0
synthetic_product,0.5,0.5,0.5,100.0,0.7464692807091503,2,1
synthetic_product,0.5,0.5,0.5,100.0,0.19669187312157835,1,1
synthetic_product,0.5,0.5,0.5,100.0,0.4968355411233505,1,1
synthetic_product,0.5,0.5,0.5,100.0,0.5115528652525689,2,1
synthetic_product,0.5,0.5,0.5,100.0,0.6501608963435055,1,0
synthetic_product,0.5,0.5,0.5,100.0,0.732837132001412,3,1
synthetic_product,0.5,0.5,0.5,100.0,0.1865040075966242,2,1
synthetic_product,0.5,0.5,0.5,100.0,0.7460600254140638,1,0
synthetic_product,0.5,0.5,0.5,100.0,0.41871209846822294,2,1
synthetic_product,0.5,0.5,0.5,100.0,0.5826874520169993,3,1
synthetic_product,0.5,0.5,0.5,100.0,0.7852919925890777,1,1
synthetic_product,0.5,0.5,0.5,100.0,1.0743202467735142,3,1
synthetic_product,0.5,0.5,0.5,100.0,0.5926274145918897,2,1
synthetic_product,0.5,0.5,0.5,100.0,0.41436041277190305,1,0
synthetic_product,0.5,0.5,0.5,100.0,0.4347921230269553,1,0
synthetic_product,0.5,0.5,0.5,100.0,0.6972247855127329,1,1
synthetic_product,0.5,0.5,0.5,100.0,0.5859141768970235,2,1
synthetic_product,0.5,0.5,0.5,100.0,0.5689250481108518,2,0
synthetic_product,0.5,0.5,0.5,100.0,0.31992991044057184,3,0
synthetic_product,0.5,0.5,0.5,100.0,0.7910310532443487,1,0
synthetic_product,0.5,0.5,0.5,100.0,0.5465570432077316,2,0
synthetic_product,0.5,0.5,0.5,100.0,1.0029808413720853,1,0
synthetic_product,0.5,0.5,0.5,100.0,0.21823338755664481,2,1
synthetic_product,0.5,0.5,0.5,100.0,0.412817995611062,1,1
synthetic_product,0.5,0.5,0.5,100.0,0.9989871060261022,1,1
synthetic_product,0.5,0.5,0.5,100.0,0.4805419485549346,1,1
synthetic_product,0.5,0.5,0.5,100.0,0.7710516876390112,1,0
synthetic_product,0.5,0.5,0.5,100.0,0.41997085806599804,1,0
synthetic_product,0.5,0.5,0.5,100.0,0.7603887285598491,3,1
synthetic_product,0.5,0.5,0.5,100.0,1.000052059463149,3,1
synthetic_product,0.5,0.5,0.5,100.0,0.3244145141963551,1,1
synthetic_product,0.5,0.5,0.5,100.0,0.3389164858457206,1,1
synthetic_product,0.5,0.5,0.5,100.0,0.3357033978399248,1,1
synthetic_product,0.5,0.5,0.5,100.0,0.455543335606841,2,0
synthetic_product,0.5,0.5,0.5,100.0,0.5339698268469367,1,1
synthetic_product,0.5,0.5,0.5,100.0,0.48778354710528776,2,1
synthetic_product,0.5,0.5,0.5,100.0,0.5849940263666976,1,0
synthetic_product,0.5,0.5,0.5,100.0,0.35749563388505406,2,1
synthetic_product,0.5,0.5,0.5,100.0,0.1135102491747429,1,0
synthetic_product,0.5,0.5,0.5,100.0,0.3971496173363434,2,1
synthetic_product,0.5,0.5,0.5,100.0,0.2683491729607005,3,1
synthetic_product,0.5,0.5,0.5,100.0,0.7332302532206283,2,1
synthetic_product,0.5,0.5,0.5,100.0,0.5174777609369411,3,0
synthetic_product,0.5,0.5,0.5,100.0,0.4532813349516349,2,1
synthetic_product,0.5,0.5,0.5,100.0,0.7627586498845391,2,0
synthetic_product,0.5,0.5,0.5,100.0,0.504144973647918,1,0
synthetic_product,0.5,0.5,0.5,100.0,0.31617028170209727,2,1
synthetic_product,0.5,0.5,0.5,100.0,0.5129268409778489,1,0
synthetic_product,0.5,0.5,0.5,100.0,1.0089378825220578,3,0
synthetic_product,0.5,0.5,0.5,100.0,0.5814048196761618,1,0
synthetic_product,0.5,0.5,0.5,100.0,0.5470472260023965,2,1
synthetic_product,0.5,0.5,0.5,100.0,0.6032199093395878,1,0
synthetic_product,0.5,0.5,0.5,100.0,0.5291073176907325,3,1
synthetic_product,0.5,0.5,0.5,100.0,0.7197795211465701,2,1
synthetic_product,0.5,0.5,0.5,100.0,0.7067642672173189,1,1
synthetic_product,0.5,0.5,0.5,100.0,0.3679319885852803,1,1
synthetic_product,0.5,0.5,0.5,100.0,1.0305160354770386,3,0
synthetic_product,0.5,0.5,0.5,100.0,0.3030513079153531,1,1
synthetic_product,0.5,0.5,0.5,100.0,0.6942237449630713,2,0
synthetic_product,0.5,0.5,0.5,100.0,0.5616961878601862,1,1
synthetic_product,0.5,0.5,0.5,100.0,0.46179413757742294,3,1
synthetic_product,0.5,0.5,0.5,100.0,0.4077274645401006,2,1
synthetic_product,0.5,0.5,0.5,100.0,0.26695723811908645,1,1
synthetic_product,0.5,0.5,0.5,100.0,1.2604678875383564,2,1
synthetic_product,0.5,0.5,0.5,100.0,0.6597164053473185,1,0
synthetic_product,0.5,0.5,0.5,100.0,0.759567027449153,2,0
synthetic_product,0.5,0.5,0.5,100.0,0.2823861755345225,1,1
synthetic_product,0.5,0.5,0.5,100.0,1.0117473879108865,3,0
synthetic_product,0.5,0.5,0.5,100.0,0.924149674880147,2,1
synthetic_product,0.5,0.5,0.5,100.0,0.7208259613964803,2,0
synthetic_product,0.5,0.5,0.5,100.0,0.41027585203486205,1,1
synthetic_product,0.5,0.5,0.5,100.0,0.42519275027441206,1,0
synthetic_product,0.5,0.5,0.5,100.0,0.5629095910766537,1,1
synthetic_product,0.5,0.5,0.5,100.0,0.6994469452235924,1,1
synthetic_product,0.5,0.5,0.5,100.0,0.9148139803126001,2,0
synthetic_product,0.5,0.5,0.5,100.0,0.5453103767140848,1,0
synthetic_product,0.5,0.5,0.5,100.0,0.7084964892992955,1,0
synthetic_product,0.5,0.5,0.5,100.0,0.7548158057316403,2,1
synthetic_product,0.5,0.5,0.5,100.0,0.6311130352619815,2,1
synthetic_product,0.5,0.5,0.5,100.0,0.09783598870143742,1,1
synthetic_product,0.5,0.5,0.5,100.0,0.5947619918688244,2,1
synthetic_product,0.5,0.5,0.5,100.0,0.7394281105792269,1,0
synthetic_product,0.5,0.5,0.5,100.0,0.36010547065626863,2,1
synthetic_product,0.5,0.5,0.5,100.0,0.5225022238874771,1,1
synthetic_product,0.5,0.5,0.5,100.0,1.0059504309325313,2,1
synthetic_product,0.5,0.5,0.5,100.0,0.6080883911057291,1,0
synthetic_product,0.5,0.5,0.5,100.0,0.7552534729308217,1,1
synthetic_product,0.5,0.5,0.5,100.0,0.45902023116854945,1,1
synthetic_product,0.5,0.5,0.5,100.0,0.5605898117052407,2,0
synthetic_product,0.5,0.5,0.5,100.0,0.730001620595442,1,1
synthetic_product,0.5,0.5,0.5,100.0,0.491359301022008,1,1
synthetic_product,0.5,0.5,0.5,100.0,0.42078474232053237,1,1
synthetic_product,0.5,0.5,0.5,100.0,0.9794590464448198,2,0
synthetic_product,0.5,0.5,0.5,100.0,0.607818526900872,2,1
synthetic_product,0.5,0.5,0.5,100.0,1.0886708800334646,3,0
synthetic_product,0.5,0.5,0.5,100.0,0.8664858580344716,1,1
synthetic_product,0.5,0.5,0.5,100.0,0.6335131829447828,2,1
synthetic_product,0.5,0.5,0.5,100.0,0.9864615181227432,2,0
synthetic_product,0.5,0.5,0.5,100.0,0.7709053170544587,1,1
synthetic_product,0.5,0.5,0.5,100.0,0.6614855503224795,3,0
synthetic_product,0.5,0.5,0.5,100.0,0.9109422306007607,1,0
synthetic_product,0.5,0.5,0.5,100.0,1.0507963437576773,2,0
synthetic_product,0.5,0.5,0.5,100.0,0.6371637463653047,2,0
synthetic_product,0.5,0.5,0.5,100.0,0.7001070786941762,1,0
synthetic_product,0.5,0.5,0.5,100.0,0.19181000288266298,1,1
synthetic_product,0.5,0.5,0.5,100.0,0.8145893003927451,3,0
synthetic_product,0.5,0.5,0.5,100.0,0.7072048869808898,1,0
synthetic_product,0.5,0.5,0.5,100.0,0.6779567960815693,2,0
synthetic_product,0.5,0.5,0.5,100.0,0.7629155167642644,1,0
synthetic_product,0.5,0.5,0.5,100.0,0.8085100171671046,2,1
synthetic_product,0.5,0.5,0.5,100.0,0.2512044666610618,1,0
synthetic_product,0.5,0.5,0.5,100.0,0.45507620197157583,1,1
synthetic_product,0.5,0.5,0.5,100.0,1.0032597917220365,3,0
synthetic_product,0.5,0.5,0.5,100.0,0.5351317029172018,1,0
synthetic_product,0.5,0.5,0.5,100.0,0.2989939074741302,3,1
synthetic_product,0.5,0.5,0.5,100.0,0.5323933284068789,1,1
synthetic_product,0.5,0.5,0.5,100.0,0.9924823793677171,2,0
synthetic_product,0.5,0.5,0.5,100.0,0.9749006173148371,3,0
synthetic_product,0.5,0.5,0.5,100.0,0.6637923776726766,2,1
synthetic_product,0.5,0.5,0.5,100.0,0.8171492097647841,2,0
synthetic_product,0.5,0.5,0.5,100.0,1.2123539955607616,3,0
synthetic_product,0.5,0.5,0.5,100.0,0.871111916312283,3,0
synthetic_product,0.5,0.5,0.5,100.0,0.4597038759340621,2,1
synthetic_product,0.5,0.5,0.5,100.0,0.32139622793330036,2,1
synthetic_product,0.5,0.5,0.5,100.0,0.6650647026670143,2,1
synthetic_product,0.5,0.5,0.5,100.0,0.2397627047169997,1,0
synthetic_product,0.5,0.5,0.5,100.0,0.6442969969039881,2,0
synthetic_product,0.5,0.5,0.5,100.0,1.0143884190154093,3,0
synthetic_product,0.5,0.5,0.5,100.0,0.7188114107980026,1,1
synthetic_product,0.5,0.5,0.5,100.0,0.571638401609059,3,0
synthetic_product,0.5,0.5,0.5,100.0,0.2932390106498234,1,1
synthetic_product,0.5,0.5,0.5,100.0,0.502169054921566,2,1
synthetic_product,0.5,0.5,0.5,100.0,0.5455114443998684,2,1
synthetic_product,0.5,0.5,0.5,100.0,0.48627066511384387,2,1
synthetic_product,0.5,0.5,0.5,100.0,0.7282394564790697,1,0
synthetic_product,0.5,0.5,0.5,100.0,0.6263351613927886,1,1
synthetic_product,0.5,0.5,0.5,100.0,0.5490566979942517,2,0
synthetic_product,0.5,0.5,0.5,100.0,0.8455468470126675,1,1
synthetic_product,0.5,0.5,0.5,100.0,0.32660631890777675,2,1
synthetic_product,0.5,0.5,0.5,100.0,0.4825630400140866,3,1
synthetic_product,0.5,0.5,0.5,100.0,0.810045639399397,2,1
synthetic_product,0.5,0.5,0.5,100.0,0.6964566096029733,3,1
synthetic_product,0.5,0.5,0.5,100.0,0.9041861156775737,3,0
synthetic_product,0.5,0.5,0.5,100.0,0.7610672037379558,3,1
synthetic_product,0.5,0.5,0.5,100.0,0.97356830846802,2,0
synthetic_product,0.5,0.5,0.5,100.0,0.40585618491543457,2,1
synthetic_product,0.5,0.5,0.5,100.0,0.3813826404578146,2,1
synthetic_product,0.5,0.5,0.5,100.0,0.471954758515222,1,1
synthetic_product,0.5,0.5,0.5,100.0,0.6220703855869782,2,0
synthetic_product,0.5,0.5,0.5,100.0,0.2892586934838993,2,1
synthetic_product,0.5,0.5,0.5,100.0,0.6158125438908603,1,1
synthetic_product,0.5,0.5,0.5,100.0,0.526532881576938,2,1
synthetic_product,0.5,0.5,0.5,100.0,0.46737959277420704,2,1
synthetic_product,0.5,0.5,0.5,100.0,0.8856239458961238,3,0
synthetic_product,0.5,0.5,0.5,100.0,0.5872403919763092,3,1
synthetic_product,0.5,0.5,0.5,100.0,0.4129067110547021,2,1
synthetic_product,0.5,0.5,0.5,100.0,0.5099919423542768,2,1
synthetic_product,0.5,0.5,0.5,100.0,0.5933336981637326,2,0
synthetic_product,0.5,0.5,0.5,100.0,0.7398950547444699,3,1
synthetic_product,0.5,0.5,0.5,100.0,0.6637106434051614,1,1
synthetic_product,0.5,0.5,0.5,100.0,0.4600281714086609,1,1
synthetic_product,0.5,0.5,0.5,100.0,0.7525152928982503,1,0
synthetic_product,0.5,0.5,0.5,100.0,1.01737895286193,3,1
synthetic_product,0.5,0.5,0.5,100.0,0.503178735887407,3,0
synthetic_product,0.5,0.5,0.5,100.0,0.5912237813535843,3,1
synthetic_product,0.5,0.5,0.5,100.0,0.4849233779971475,2,1
synthetic_product,0.5,0.5,0.5,100.0,1.1105039521500837,2,1
synthetic_product,0.5,0.5,0.5,100.0,0.47709355344027116,2,1
synthetic_product,0.5,0.5,0.5,100.0,0.957089496857269,2,0
synthetic_product,0.5,0.5,0.5,100.0,0.7156011079193111,1,0
synthetic_product,0.5,0.5,0.5,100.0,0.5148448421882182,2,0
synthetic_product,0.5,0.5,0.5,100.0,0.5542424105080199,2,1
synthetic_product,0.5,0.5,0.5,100.0,0.1529860852107579,1,1
synthetic_product,0.5,0.5,0.5,100.0,0.326036434353797,2,1
synthetic_product,0.5,0.5,0.5,100.0,0.6618671114365469,1,1
synthetic_product,0.5,0.5,0.5,100.0,0.8374027409619,1,0
synthetic_product,0.5,0.5,0.5,100.0,1.005430566672905,2,0
synthetic_product,0.5,0.5,0.5,100.0,0.8680335185047675,2,0
synthetic_product,0.5,0.5,0.5,100.0,0.33387854297968594,2,0
synthetic_product,0.5,0.5,0.5,100.0,1.092897467970565,3,1
synthetic_product,0.5,0.5,0.5,100.0,0.8528447068306194,2,0
synthetic_product,0.5,0.5,0.5,100.0,0.5810157003755627,2,1
synthetic_product,0.5,0.5,0.5,100.0,0.5730394038112356,1,1
synthetic_product,0.5,0.5,0.5,100.0,0.48015574720815074,3,0
synthetic_product,0.5,0.5,0.5,100.0,0.9460700158721262,2,0
synthetic_product,0.5,0.5,0.5,100.0,1.026242725234976,2,0
synthetic_product,0.5,0.5,0.5,100.0,0.4733421540010161,2,1
synthetic_product,0.5,0.5,0.5,100.0,0.6093970629872127,2,1
synthetic_product,0.5,0.5,0.5,100.0,0.5465133425629884,2,1
synthetic_product,0.5,0.5,0.5,100.0,0.3501915515044584,2,1
synthetic_product,0.5,0.5,0.5,100.0,0.4959050363655257,1,1
synthetic_product,0.5,0.5,0.5,100.0,0.5987718009910612,1,0
synthetic_product,0.5,0.5,0.5,100.0,0.26457596067431566,3,1
synthetic_product,0.5,0.5,0.5,100.0,0.618374211062648,2,1
synthetic_product,0.5,0.5,0.5,100.0,0.8770928933878783,3,0
synthetic_product,0.5,0.5,0.5,100.0,0.3137415508144801,1,1
synthetic_product,0.5,0.5,0.5,100.0,0.45005505356844216,2,1
synthetic_product,0.5,0.5,0.5,100.0,0.9092093391183507,1,0
synthetic_product,0.5,0.5,0.5,100.0,0.5485081186762925,1,1
synthetic_product,0.5,0.5,0.5,100.0,0.7236652139276896,3,0
synthetic_product,0.5,0.5,0.5,100.0,0.5808869336995516,3,0
synthetic_product,0.5,0.5,0.5,100.0,0.7336032062805078,2,0
synthetic_product,0.5,0.5,0.5,100.0,0.521380148729131,1,1
synthetic_product,0.5,0.5,0.5,100.0,0.9957278080996238,1,0
synthetic_product,0.5,0.5,0.5,100.0,0.46120815763119644,3,1
synthetic_product,0.5,0.5,0.5,100.0,0.6804338712418101,1,0
synthetic_product,0.5,0.5,0.5,100.0,0.7555621046981006,1,0
synthetic_product,0.5,0.5,0.5,100.0,1.06786885263237,2,1
synthetic_product,0.5,0.5,0.5,100.0,0.6864709397996396,2,0
synthetic_product,0.5,0.5,0.5,100.0,0.5435170808520502,3,1
synthetic_product,0.5,0.5,0.5,100.0,0.6373911943667476,2,1
synthetic_product,0.5,0.5,0.5,100.0,0.8218865824673164,2,0
synthetic_product,0.5,0.5,0.5,100.0,0.35056515552639916,1,0
synthetic_product,0.5,0.5,0.5,100.0,0.7311466975013953,2,0
synthetic_product,0.5,0.5,0.5,100.0,0.6749370758746225,1,1
synthetic_product,0.5,0.5,0.5,100.0,0.4656678325660534,2,0
synthetic_product,0.5,0.5,0.5,100.0,0.8085905235177855,3,1
synthetic_product,0.5,0.5,0.5,100.0,0.23119503903099503,1,1
synthetic_product,0.5,0.5,0.5,100.0,0.8606086479902328,2,1
synthetic_product,0.5,0.5,0.5,100.0,0.6523992348655248,3,0
synthetic_product,0.5,0.5,0.5,100.0,0.7866855671838578,3,0
synthetic_product,0.5,0.5,0.5,100.0,0.8212698649543798,3,1
synthetic_product,0.5,0.5,0.5,100.0,0.5446420748032549,2,1
synthetic_product,0.5,0.5,0.5,100.0,0.728397565080546,2,0
synthetic_product,0.5,0.5,0.5,100.0,0.35387431016799953,2,0
synthetic_product,0.5,0.5,0.5,100.0,0.6452093901188791,1,0
synthetic_product,0.5,0.5,0.5,100.0,0.5913513677102822,1,0
synthetic_product,0.5,0.5,0.5,100.0,0.6372665986681131,2,0
synthetic_product,0.5,0.5,0.5,100.0,0.3295571815662744,2,1
synthetic_product,0.5,0.5,0.5,100.0,0.8740870861610708,2,1
synthetic_product,0.5,0.5,0.5,100.0,0.6747961563720928,1,0
synthetic_product,0.5,0.5,0.5,100.0,0.4875498077168977,2,1
synthetic_product,0.5,0.5,0.5,100.0,0.6854249532115023,1,0
synthetic_product,0.5,0.5,0.5,100.0,0.43497491803244426,3,0
synthetic_product,0.5,0.5,0.5,100.0,0.604855418329598,3,1
synthetic_product,0.5,0.5,0.5,100.0,0.706044084474683,1,1
synthetic_product,0.5,0.5,0.5,100.0,0.9033242457683507,2,1
synthetic_product,0.5,0.5,0.5,100.0,0.5372328056492457,1,0
synthetic_product,0.5,0.5,0.5,100.0,0.5392983093193954,3,1
synthetic_product,0.5,0.5,0.5,100.0,0.6662072306590577,1,1
synthetic_product,0.5,0.5,0.5,100.0,0.9435318133366464,3,1
synthetic_product,0.5,0.5,0.5,100.0,0.3753285063651723,3,1
synthetic_product,0.5,0.5,0.5,100.0,1.0379342334361519,2,1
synthetic_product,0.5,0.5,0.5,100.0,1.141626591866399,3,0
synthetic_product,0.5,0.5,0.5,100.0,0.9844052911091538,2,0
synthetic_product,0.5,0.5,0.5,100.0,0.5155455031753239,3,1
synthetic_product,0.5,0.5,0.5,100.0,0.5717453638457586,1,1
synthetic_product,0.5,0.5,0.5,100.0,0.8514382377591111,3,1
synthetic_product,0.5,0.5,0.5,100.0,0.6044461148979231,2,0
synthetic_product,0.5,0.5,0.5,100.0,0.3094449787477842,2,1
synthetic_product,0.5,0.5,0.5,100.0,1.1010480642421903,3,1
synthetic_product,0.5,0.5,0.5,100.0,0.5856392968027785,3,0
synthetic_product,0.5,0.5,0.5,100.0,0.6131414424073971,3,0
synthetic_product,0.5,0.5,0.5,100.0,0.8175300383568574,2,0
synthetic_product,0.5,0.5,0.5,100.0,0.8085431660344102,2,0
synthetic_product,0.5,0.5,0.5,100.0,0.6555730624678432,3,1
synthetic_product,0.5,0.5,0.5,100.0,1.0699394402191444,3,0
synthetic_product,0.5,0.5,0.5,100.0,0.7124557613877696,1,0
synthetic_product,0.5,0.5,0.5,100.0,0.7059296702192047,2,1
synthetic_product,0.5,0.5,0.5,100.0,0.3685903723283389,1,0
synthetic_product,0.5,0.5,0.5,100.0,0.7898264521132354,1,1
synthetic_product,0.5,0.5,0.5,100.0,0.7083548476917447,2,1
synthetic_product,0.5,0.5,0.5,100.0,0.7157256110953518,2,1
synthetic_product,0.5,0.5,0.5,100.0,0.8092115828422209,1,1
synthetic_product,0.5,0.5,0.5,100.0,0.9326691609728412,1,1
synthetic_product,0.5,0.5,0.5,100.0,0.5124313211337945,1,0
synthetic_product,0.5,0.5,0.5,100.0,0.3133859085023963,1,1
synthetic_product,0.5,0.5,0.5,100.0,0.46191657591307234,1,1
synthetic_product,0.5,0.5,0.5,100.0,0.324806730378349,1,1
synthetic_product,0.5,0.5,0.5,100.0,0.23259639708195098,1,1
synthetic_product,0.5,0.5,0.5,100.0,0.8446598784115462,2,1
synthetic_product,0.5,0.5,0.5,100.0,0.8772642036509113,2,0
synthetic_product,0.5,0.5,0.5,100.0,0.23773148645958989,1,0
synthetic_product,0.5,0.5,0.5,100.0,0.9670843501025665,3,0
synthetic_product,0.5,0.5,0.5,100.0,0.42393234567931126,3,0
synthetic_product,0.5,0.5,0.5,100.0,0.5608574685304805,2,1
synthetic_product,0.5,0.5,0.5,100.0,0.8215937119570353,2,1
synthetic_product,0.5,0.5,0.5,100.0,0.8606966304221784,2,0
synthetic_product,0.5,0.5,0.5,100.0,1.0736642527002838,1,0
synthetic_product,0.5,0.5,0.5,100.0,0.6946546591034224,1,1
synthetic_product,0.5,0.5,0.5,100.0,0.6409907610788638,1,1
synthetic_product,0.5,0.5,0.5,100.0,0.6759141780804576,2,0
synthetic_product,0.5,0.5,0.5,100.0,0.6298382144083816,1,0
synthetic_product,0.5,0.5,0.5,100.0,0.8217013141205168,3,1
synthetic_product,0.5,0.5,0.5,100.0,0.23466833302241608,1,1
synthetic_product,0.5,0.5,0.5,100.0,0.6350503901471238,2,0
synthetic_product,0.5,0.5,0.5,100.0,0.822698322171855,2,0
synthetic_product,0.5,0.5,0.5,100.0,0.6600410966575592,1,1
synthetic_product,0.5,0.5,0.5,100.0,0.4995137705311691,2,0
synthetic_product,0.5,0.5,0.5,100.0,0.8558901238957228,1,0
synthetic_product,0.5,0.5,0.5,100.0,0.6189413325627531,2,1
synthetic_product,0.5,0.5,0.5,100.0,0.2112398045244323,2,1
synthetic_product,0.5,0.5,0.5,100.0,0.8467593219779411,1,1
synthetic_product,0.5,0.5,0.5,100.0,0.8200705836512876,2,0
synthetic_product,0.5,0.5,0.5,100.0,0.6289164066740279,3,0
synthetic_product,0.5,0.5,0.5,100.0,0.34898941141803264,1,1
synthetic_product,0.5,0.5,0.5,100.0,0.7606455925222418,3,1
synthetic_product,0.5,0.5,0.5,100.0,0.7394318739769554,1,1
synthetic_product,0.5,0.5,0.5,100.0,0.7968335687026051,2,0
synthetic_product,0.5,0.5,0.5,100.0,0.4953825296896084,2,1
synthetic_product,0.5,0.5,0.5,100.0,0.8410383168405695,1,0
synthetic_product,0.5,0.5,0.5,100.0,0.3222168626663653,2,0
synthetic_product,0.5,0.5,0.5,100.0,1.0247939789297533,1,1
synthetic_product,0.5,0.5,0.5,100.0,0.6294248254361783,1,1
synthetic_product,0.5,0.5,0.5,100.0,0.6777948797561076,2,0
synthetic_product,0.5,0.5,0.5,100.0,0.8331809899297148,3,0
synthetic_product,0.5,0.5,0.5,100.0,0.5833410666335342,2,1
synthetic_product,0.5,0.5,0.5,100.0,0.27088269736911696,2,1
synthetic_product,0.5,0.5,0.5,100.0,0.8629462112652915,1,0
synthetic_product,0.5,0.5,0.5,100.0,0.5147780591418536,1,1
synthetic_product,0.5,0.5,0.5,100.0,0.5386344844304889,1,1
synthetic_product,0.5,0.5,0.5,100.0,0.39487179771077285,2,0
synthetic_product,0.5,0.5,0.5,100.0,0.8298035837568768,3,1
synthetic_product,0.5,0.5,0.5,100.0,0.8219993125358597,2,1
synthetic_product,0.5,0.5,0.5,100.0,0.9113811624622726,2,0
synthetic_product,0.5,0.5,0.5,100.0,0.5935622375345864,3,0
synthetic_product,0.5,0.5,0.5,100.0,0.38064176956416557,1,1
synthetic_product,0.5,0.5,0.5,100.0,0.2883418241381736,2,1
synthetic_product,0.5,0.5,0.5,100.0,0.6733758893439804,2,0
synthetic_product,0.5,0.5,0.5,100.0,0.4573679641319871,3,0
synthetic_product,0.5,0.5,0.5,100.0,0.3699718815817381,2,1
synthetic_product,0.5,0.5,0.5,100.0,0.3012378948105659,1,1
synthetic_product,0.5,0.5,0.5,100.0,0.3401616122679008,2,0
synthetic_product,0.5,0.5,0.5,100.0,0.6849227197149403,1,0
synthetic_product,0.5,0.5,0.5,100.0,0.6807511228812514,2,0
synthetic_product,0.5,0.5,0.5,100.0,0.38716223974876424,3,1
synthetic_product,0.5,0.5,0.5,100.0,0.8813344317262461,1,0
synthetic_product,0.5,0.5,0.5,100.0,0.6602662968146631,1,1
synthetic_product,0.5,0.5,0.5,100.0,0.8970800116342869,2,1
synthetic_product,0.5,0.5,0.5,100.0,0.5374476663585402,2,0
synthetic_product,0.5,0.5,0.5,100.0,0.4712818876860075,2,1
synthetic_product,0.5,0.5,0.5,100.0,0.3507220181597184,1,1
synthetic_product,0.5,0.5,0.5,100.0,1.0568831455913776,2,0
synthetic_product,0.5,0.5,0.5,100.0,1.0949399030667553,2,1
synthetic_product,0.5,0.5,0.5,100.0,0.7975305852195602,2,1
synthetic_product,0.5,0.5,0.5,100.0,0.8667304121838317,3,1
synthetic_product,0.5,0.5,0.5,100.0,0.4953500045765976,1,0
synthetic_product,0.5,0.5,0.5,100.0,0.852878654586365,2,0
synthetic_product,0.5,0.5,0.5,100.0,0.6974878736267973,2,1
synthetic_product,0.5,0.5,0.5,100.0,0.3117828776311657,1,1
synthetic_product,0.5,0.5,0.5,100.0,0.6114488074118952,3,0
synthetic_product,0.5,0.5,0.5,100.0,0.752763012289396,2,0
synthetic_product,0.5,0.5,0.5,100.0,1.0661770766916847,2,1
synthetic_product,0.5,0.5,0.5,100.0,0.7222112586548703,3,1
synthetic_product,0.5,0.5,0.5,100.0,0.6021565108185576,1,1
synthetic_product,0.5,0.5,0.5,100.0,0.5732923414845323,2,0
synthetic_product,0.5,0.5,0.5,100.0,0.6614492850030705,1,0
synthetic_product,0.5,0.5,0.5,100.0,0.6325498729638324,3,1
synthetic_product,0.5,0.5,0.5,100.0,0.9629878788770281,2,0
synthetic_product,0.5,0.5,0.5,100.0,0.3880425726534289,2,0
synthetic_product,0.5,0.5,0.5,100.0,0.9606631879891352,3,0
synthetic_product,0.5,0.5,0.5,100.0,0.5112737720917695,2,0
synthetic_product,0.5,0.5,0.5,100.0,0.6787681861420803,1,1
synthetic_product,0.5,0.5,0.5,100.0,0.5647295953135123,3,1
synthetic_product,0.5,0.5,0.5,100.0,0.4117208939381445,1,0
synthetic_product,0.5,0.5,0.5,100.0,0.30313751439387204,1,0
synthetic_product,0.5,0.5,0.5,100.0,0.7884390542904977,2,1
synthetic_product,0.5,0.5,0.5,100.0,0.12024790283516,1,1
synthetic_product,0.5,0.5,0.5,100.0,0.7735488782884768,2,0
synthetic_product,0.5,0.5,0.5,100.0,0.549869183916118,1,0
synthetic_product,0.5,0.5,0.5,100.0,0.6566300673663655,1,0
synthetic_product,0.5,0.5,0.5,100.0,0.6094732084447531,1,1
synthetic_product,0.5,0.5,0.5,100.0,0.30938602652237496,1,1
synthetic_product,0.5,0.5,0.5,100.0,0.48574810169751115,2,1
synthetic_product,0.5,0.5,0.5,100.0,0.7666527718748848,2,0
synthetic_product,0.5,0.5,0.5,100.0,0.4476498021379197,1,0
synthetic_product,0.5,0.5,0.5,100.0,0.4455000382164152,2,1
synthetic_product,0.5,0.5,0.5,100.0,0.8766135206639755,3,0
synthetic_product,0.5,0.5,0.5,100.0,0.8281075365446041,1,0
synthetic_product,0.5,0.5,0.5,100.0,0.45615304149537345,2,0
synthetic_product,0.5,0.5,0.5,100.0,0.2921068893108898,1,0
synthetic_product,0.5,0.5,0.5,100.0,0.4931329684468963,1,0
synthetic_product,0.5,0.5,0.5,100.0,0.5524983451392005,3,1
synthetic_product,0.5,0.5,0.5,100.0,0.3341777747993344,1,1
synthetic_product,0.5,0.5,0.5,100.0,1.148357316246882,3,0
synthetic_product,0.5,0.5,0.5,100.0,0.9231814829483954,2,0
synthetic_product,0.5,0.5,0.5,100.0,0.34068973179667544,2,1
synthetic_product,0.5,0.5,0.5,100.0,0.4208653859466259,2,1
synthetic_product,0.5,0.5,0.5,100.0,0.6864642717382099,2,1
synthetic_product,0.5,0.5,0.5,100.0,0.5224121074610893,2,1
synthetic_product,0.5,0.5,0.5,100.0,0.3707914142175774,2,1
synthetic_product,0.5,0.5,0.5,100.0,0.6357571840904531,1,0
synthetic_product,0.5,0.5,0.5,100.0,0.4919365998588827,3,0
synthetic_product,0.5,0.5,0.5,100.0,0.8511468085137417,1,1
synthetic_product,0.5,0.5,0.5,100.0,0.5214469856131411,2,0
synthetic_product,0.5,0.5,0.5,100.0,0.6750967010812462,2,1
synthetic_product,0.5,0.5,0.5,100.0,0.7371355397992505,1,1
synthetic_product,0.5,0.5,0.5,100.0,0.24050067148207066,1,1
synthetic_product,0.5,0.5,0.5,100.0,0.5747788760531096,3,0
synthetic_product,0.5,0.5,0.5,100.0,0.7639675358822176,2,0
synthetic_product,0.5,0.5,0.5,100.0,0.5930254402976226,2,0
synthetic_product,0.5,0.5,0.5,100.0,0.8856144003034213,1,0
synthetic_product,0.5,0.5,0.5,100.0,0.47624022832119295,1,1
synthetic_product,0.5,0.5,0.5,100.0,0.6149033020445533,3,1
synthetic_product,0.5,0.5,0.5,100.0,0.4852289382647356,2,0
synthetic_product,0.5,0.5,0.5,100.0,1.0155175560626835,2,0
synthetic_product,0.5,0.5,0.5,100.0,0.3304041498969316,1,1
synthetic_product,0.5,0.5,0.5,100.0,0.5073292592581451,3,0
synthetic_product,0.5,0.5,0.5,100.0,0.45846778587374254,2,1
synthetic_product,0.5,0.5,0.5,100.0,0.4091581327801936,1,1
synthetic_product,0.5,0.5,0.5,100.0,0.8758868409715304,1,1
synthetic_product,0.5,0.5,0.5,100.0,0.5743324713799113,2,1
synthetic_product,0.5,0.5,0.5,100.0,0.7516726322592425,2,1
synthetic_product,0.5,0.5,0.5,100.0,0.3749584805514864,2,1
synthetic_product,0.5,0.5,0.5,100.0,0.8552482447678458,2,1
synthetic_product,0.5,0.5,0.5,100.0,0.7264749348558944,3,0
synthetic_product,0.5,0.5,0.5,100.0,0.8440289612202552,3,0
synthetic_product,0.5,0.5,0.5,100.0,0.4838364424948508,1,0
synthetic_product,0.5,0.5,0.5,100.0,0.4598042997866853,1,1
synthetic_product,0.5,0.5,0.5,100.0,0.8541503762421399,3,1
synthetic_product,0.5,0.5,0.5,100.0,0.45730982701391254,2,1
synthetic_product,0.5,0.5,0.5,100.0,0.7342890159088903,2,1
synthetic_product,0.5,0.5,0.5,100.0,0.7039925054136666,3,0
synthetic_product,0.5,0.5,0.5,100.0,0.5873916007891802,2,0
synthetic_product,0.5,0.5,0.5,100.0,0.7214315037479864,1,0
synthetic_product,0.5,0.5,0.5,100.0,0.8029004545140047,1,0
synthetic_product,0.5,0.5,0.5,100.0,0.913073409618635,2,0
synthetic_product,0.5,0.5,0.5,100.0,0.7121641137782639,1,0
synthetic_product,0.5,0.5,0.5,100.0,0.5766557194149493,2,0
synthetic_product,0.5,0.5,0.5,100.0,0.5662165291079464,1,1
synthetic_product,0.5,0.5,0.5,100.0,0.3732528513214726,1,1
synthetic_product,0.5,0.5,0.5,100.0,0.2624951047280637,2,1
synthetic_product,0.5,0.5,0.5,100.0,0.5925169348513628,2,1
synthetic_product,0.5,0.5,0.5,100.0,1.0585285322834566,3,0
synthetic_product,0.5,0.5,0.5,100.0,0.45169514555711066,1,0
synthetic_product,0.5,0.5,0.5,100.0,0.6801806501974805,3,0
synthetic_product,0.5,0.5,0.5,100.0,1.0094492241885995,2,0
synthetic_product,0.5,0.5,0.5,100.0,1.0986959971732664,2,0
synthetic_product,0.5,0.5,0.5,100.0,0.834924646945042,3,0
synthetic_product,0.5,0.5,0.5,100.0,1.0954718984735827,3,1
synthetic_product,0.5,0.5,0.5,100.0,1.0237922373802097,2,1
synthetic_product,0.5,0.5,0.5,100.0,0.7366006871308411,3,0
synthetic_product,0.5,0.5,0.5,100.0,0.6028189405989103,3,1
synthetic_product,0.5,0.5,0.5,100.0,1.212010825248776,3,0
synthetic_product,0.5,0.5,0.5,100.0,0.7491307632535398,1,0
synthetic_product,0.5,0.5,0.5,100.0,0.21934287596667534,1,0
synthetic_product,0.5,0.5,0.5,100.0,0.3540700390802084,3,1
synthetic_product,0.5,0.5,0.5,100.0,0.8076291889296957,2,0
synthetic_product,0.5,0.5,0.5,100.0,0.3527525963302482,1,1
synthetic_product,0.5,0.5,0.5,100.0,0.5223421382288342,1,1
synthetic_product,0.5,0.5,0.5,100.0,0.6150212848135903,1,0
synthetic_product,0.5,0.5,0.5,100.0,0.25795163061399135,1,1
synthetic_product,0.5,0.5,0.5,100.0,0.3015823321631623,1,1
synthetic_product,0.5,0.5,0.5,100.0,0.4189365257610379,1,0
synthetic_product,0.5,0.5,0.5,100.0,0.7151849615688795,2,1
synthetic_product,0.5,0.5,0.5,100.0,0.6604062764803501,2,1
synthetic_product,0.5,0.5,0.5,100.0,0.8301074005034254,3,0
synthetic_product,0.5,0.5,0.5,100.0,0.9233319647850982,2,0
synthetic_product,0.5,0.5,0.5,100.0,0.41236107996235694,2,1
synthetic_product,0.5,0.5,0.5,100.0,0.34942650923382546,2,1
synthetic_product,0.5,0.5,0.5,100.0,0.9811709601103764,3,1
synthetic_product,0.5,0.5,0.5,100.0,0.43863583917934174,1,0
synthetic_product,0.5,0.5,0.5,100.0,0.6865569757091359,2,0
synthetic_product,0.5,0.5,0.5,100.0,0.6500093650404745,2,0
synthetic_product,0.5,0.5,0.5,100.0,0.7248541961120245,2,1
synthetic_product,0.5,0.5,0.5,100.0,0.3160782594241628,3,1
synthetic_product,0.5,0.5,0.5,100.0,0.5546553081096302,1,1
synthetic_product,0.5,0.5,0.5,100.0,0.40002545423002883,1,0
synthetic_product,0.5,0.5,0.5,100.0,0.41169366398036994,2,0
synthetic_product,0.5,0.5,0.5,100.0,0.5128387570822739,2,0
synthetic_product,0.5,0.5,0.5,100.0,0.5813732691827035,3,1
synthetic_product,0.5,0.5,0.5,100.0,0.5300439063036023,1,1
synthetic_product,0.5,0.5,0.5,100.0,0.7054324509987329,1,0
synthetic_product,0.5,0.5,0.5,100.0,0.4551354770622078,1,1
synthetic_product,0.5,0.5,0.5,100.0,0.996284843304179,2,1
synthetic_product,0.5,0.5,0.5,100.0,0.14177895768715898,1,0
synthetic_product,0.5,0.5,0.5,100.0,0.7068677457169089,2,0
synthetic_product,0.5,0.5,0.5,100.0,0.7453264922465419,2,1
synthetic_product,0.5,0.5,0.5,100.0,0.47338757767731926,2,0
synthetic_product,0.5,0.5,0.5,100.0,0.5006739130806115,1,0
synthetic_product,0.5,0.5,0.5,100.0,0.7630717485852753,3,1
synthetic_product,0.5,0.5,0.5,100.0,0.6141192000488205,1,0
synthetic_product,0.5,0.5,0.5,100.0,0.4805121163675227,2,0
synthetic_product,0.5,0.5,0.5,100.0,0.33062481173025005,2,0
synthetic_product,0.5,0.5,0.5,100.0,0.6611908314963588,2,1
synthetic_product,0.5,0.5,0.5,100.0,0.9739935286539684,1,1
synthetic_product,0.5,0.5,0.5,100.0,0.2906739674932354,2,1
synthetic_product,0.5,0.5,0.5,100.0,0.6768348634418703,1,0
synthetic_product,0.5,0.5,0.5,100.0,0.791693640482065,2,0
synthetic_product,0.5,0.5,0.5,100.0,0.6501163728552672,2,0
synthetic_product,0.5,0.5,0.5,100.0,0.573856199429252,1,0
synthetic_product,0.5,0.5,0.5,100.0,0.6745886014204294,1,0
synthetic_product,0.5,0.5,0.5,100.0,0.8026852091510651,3,0
synthetic_product,0.5,0.5,0.5,100.0,0.6270361057168922,2,0
synthetic_product,0.5,0.5,0.5,100.0,0.6856623018469882,1,0
synthetic_product,0.5,0.5,0.5,100.0,0.5975272406822165,3,0
synthetic_product,0.5,0.5,0.5,100.0,0.21819648077923284,2,1
synthetic_product,0.5,0.5,0.5,100.0,0.6715026847847018,3,1
synthetic_product,0.5,0.5,0.5,100.0,0.294040191874559,2,0
synthetic_product,0.5,0.5,0.5,100.0,0.40491530840993284,1,1
synthetic_product,0.5,0.5,0.5,100.0,0.48264203836364794,1,1
synthetic_product,0.5,0.5,0.5,100.0,0.8454289281074293,2,0
synthetic_product,0.5,0.5,0.5,100.0,0.3939867838149732,2,1
synthetic_product,0.5,0.5,0.5,100.0,0.5853600064804707,1,0
synthetic_product,0.5,0.5,0.5,100.0,0.37651255624833835,1,0
synthetic_product,0.5,0.5,0.5,100.0,1.138191141547787,2,0
synthetic_product,0.5,0.5,0.5,100.0,0.7435947934195949,2,0
synthetic_product,0.5,0.5,0.5,100.0,0.35952686083937185,2,1
synthetic_product,0.5,0.5,0.5,100.0,0.5303367699659554,1,0
synthetic_product,0.5,0.5,0.5,100.0,0.6070230916444873,3,0
synthetic_product,0.5,0.5,0.5,100.0,0.5185279638818705,3,1
synthetic_product,0.5,0.5,0.5,100.0,0.5520431710758095,1,1
synthetic_product,0.5,0.5,0.5,100.0,1.0423067333142433,3,0
synthetic_product,0.5,0.5,0.5,100.0,0.9466072941356741,1,1
synthetic_product,0.5,0.5,0.5,100.0,0.8979420866155685,2,1
synthetic_product,0.5,0.5,0.5,100.0,0.5166905949500571,2,1
synthetic_product,0.5,0.5,0.5,100.0,0.22960882041562375,1,1
synthetic_product,0.5,0.5,0.5,100.0,0.47175561907830543,1,1
synthetic_product,0.5,0.5,0.5,100.0,0.8479653856753021,2,0
synthetic_product,0.5,0.5,0.5,100.0,0.7071937063086098,1,0
synthetic_product,0.5,0.5,0.5,100.0,0.8649720127374375,2,1
synthetic_product,0.5,0.5,0.5,100.0,0.6691963582774142,1,1
synthetic_product,0.5,0.5,0.5,100.0,0.4356633203875192,1,1
synthetic_product,0.5,0.5,0.5,100.0,1.0612479154466903,2,0
synthetic_product,0.5,0.5,0.5,100.0,0.729655058650534,1,0
synthetic_product,0.5,0.5,0.5,100.0,0.6890133431524378,2,1
synthetic_product,0.5,0.5,0.5,100.0,0.901701091340647,2,0
synthetic_product,0.5,0.5,0.5,100.0,0.5321737199697457,1,1
synthetic_product,0.5,0.5,0.5,100.0,0.6817713756786757,2,0
synthetic_product,0.5,0.5,0.5,100.0,0.8031094932512577,3,1
synthetic_product,0.5,0.5,0.5,100.0,0.8973504710091753,2,1
synthetic_product,0.5,0.5,0.5,100.0,0.39800718758426884,2,1
synthetic_product,0.5,0.5,0.5,100.0,0.5640563212225059,2,1
synthetic_product,0.5,0.5,0.5,100.0,0.9053833106341973,1,1
synthetic_product,0.5,0.5,0.5,100.0,0.6333449385902465,3,1
synthetic_product,0.5,0.5,0.5,100.0,0.9301993992471931,2,1
synthetic_product,0.5,0.5,0.5,100.0,0.5958899884614163,2,1
synthetic_product,0.5,0.5,0.5,100.0,0.5842150334396133,2,1
synthetic_product,0.5,0.5,0.5,100.0,0.3671719813240153,1,1
synthetic_product,0.5,0.5,0.5,100.0,0.8111429618742396,3,1
synthetic_product,0.5,0.5,0.5,100.0,0.41887465909719684,2,0
synthetic_product,0.5,0.5,0.5,100.0,0.8641055109238309,2,0
synthetic_product,0.5,0.5,0.5,100.0,0.4049935869631358,1,1
synthetic_product,0.5,0.5,0.5,100.0,0.8363787915682513,1,1
synthetic_product,0.5,0.5,0.5,100.0,0.45386696838780044,1,0
synthetic_product,0.5,0.5,0.5,100.0,1.095670464742244,3,0
synthetic_product,0.5,0.5,0.5,100.0,1.0004640310013682,3,1
synthetic_product,0.5,0.5,0.5,100.0,0.9798611980924646,2,0
synthetic_product,0.5,0.5,0.5,100.0,0.7569451507107388,1,1
synthetic_product,0.5,0.5,0.5,100.0,0.9591454227348217,2,0
synthetic_product,0.5,0.5,0.5,100.0,0.5155335454173383,1,1
synthetic_product,0.5,0.5,0.5,100.0,0.8431379242954383,2,0
synthetic_product,0.5,0.5,0.5,100.0,0.7962845531680606,1,0
synthetic_product,0.5,0.5,0.5,100.0,0.8651123828163623,2,0
synthetic_product,0.5,0.5,0.5,100.0,0.5606757574375681,2,1
synthetic_product,0.5,0.5,0.5,100.0,0.6643547591060568,1,0
synthetic_product,0.5,0.5,0.5,100.0,0.425722131441415,1,1
synthetic_product,0.5,0.5,0.5,100.0,0.6919895003735073,2,1
synthetic_product,0.5,0.5,0.5,100.0,0.7838812198058445,1,1
synthetic_product,0.5,0.5,0.5,100.0,0.35012615216452075,1,0
synthetic_product,0.5,0.5,0.5,100.0,0.42960669951901587,2,0
synthetic_product,0.5,0.5,0.5,100.0,0.13778102305577253,1,1
synthetic_product,0.5,0.5,0.5,100.0,0.9672760396074211,1,1
synthetic_product,0.5,0.5,0.5,100.0,0.17603130664088767,1,1
synthetic_product,0.5,0.5,0.5,100.0,0.7746993033944906,1,0
synthetic_product,0.5,0.5,0.5,100.0,0.3338851430432614,2,1
synthetic_product,0.5,0.5,0.5,100.0,0.6898434569668359,1,1
synthetic_product,0.5,0.5,0.5,100.0,0.902458722645576,1,0
synthetic_product,0.5,0.5,0.5,100.0,0.53834563448518,3,1
synthetic_product,0.5,0.5,0.5,100.0,0.9117498000694386,2,0
synthetic_product,0.5,0.5,0.5,100.0,0.8640048094283138,2,1
synthetic_product,0.5,0.5,0.5,100.0,0.3921766421879006,1,1
synthetic_product,0.5,0.5,0.5,100.0,0.967913580423113,1,1
synthetic_product,0.5,0.5,0.5,100.0,0.6561044312356943,3,0
synthetic_product,0.5,0.5,0.5,100.0,0.5502289504933533,2,1
synthetic_product,0.5,0.5,0.5,100.0,0.9539446778678148,2,0
synthetic_product,0.5,0.5,0.5,100.0,0.5209185605865448,3,0
synthetic_product,0.5,0.5,0.5,100.0,0.9733137995803532,2,1
synthetic_product,0.5,0.5,0.5,100.0,0.6755971929298895,2,1
synthetic_product,0.5,0.5,0.5,100.0,0.38727595104904133,2,1
synthetic_product,0.5,0.5,0.5,100.0,0.811942962255899,1,0
synthetic_product,0.5,0.5,0.5,100.0,0.31957516072508846,3,1
synthetic_product,0.5,0.5,0.5,100.0,0.9819059249316627,1,1
synthetic_product,0.5,0.5,0.5,100.0,0.9699619763819953,3,1
synthetic_product,0.5,0.5,0.5,100.0,0.47103303527523593,1,0
synthetic_product,0.5,0.5,0.5,100.0,0.9071114921804646,1,0
synthetic_product,0.5,0.5,0.5,100.0,0.6851095719963328,2,0
synthetic_product,0.5,0.5,0.5,100.0,0.35425050144940406,2,1
synthetic_product,0.5,0.5,0.5,100.0,0.2383677580741294,1,1
synthetic_product,0.5,0.5,0.5,100.0,0.9552676143066353,1,0
synthetic_product,0.5,0.5,0.5,100.0,0.5882502474936714,2,0
synthetic_product,0.5,0.5,0.5,100.0,0.597531069871871,2,0
synthetic_product,0.5,0.5,0.5,100.0,0.836767608381299,2,1
synthetic_product,0.5,0.5,0.5,100.0,0.8629826772974775,1,0
synthetic_product,0.5,0.5,0.5,100.0,0.5778673502844023,2,0
synthetic_product,0.5,0.5,0.5,100.0,0.4053427329872038,1,1
synthetic_product,0.5,0.5,0.5,100.0,0.5361070297525494,3,0
synthetic_product,0.5,0.5,0.5,100.0,0.4322808420779944,1,1
synthetic_product,0.5,0.5,0.5,100.0,0.35010717299047467,3,0
synthetic_product,0.5,0.5,0.5,100.0,0.6254325469809081,2,0
synthetic_product,0.5,0.5,0.5,100.0,1.0160541431968702,1,0
synthetic_product,0.5,0.5,0.5,100.0,0.9390957684769813,3,0
synthetic_product,0.5,0.5,0.5,100.0,0.5114054234298935,2,0
synthetic_product,0.5,0.5,0.5,100.0,0.7889357865024761,1,1
synthetic_product,0.5,0.5,0.5,100.0,0.7856315615442666,2,1
synthetic_product,0.5,0.5,0.5,100.0,0.6728791782918022,1,0
synthetic_product,0.5,0.5,0.5,100.0,0.7936426128350813,2,0
synthetic_product,0.5,0.5,0.5,100.0,0.9323570384247181,1,1
synthetic_product,0.5,0.5,0.5,100.0,1.0601610857281025,3,1
synthetic_product,0.5,0.5,0.5,100.0,0.9121342207850207,3,0
synthetic_product,0.5,0.5,0.5,100.0,0.5938284699548331,2,1
synthetic_product,0.5,0.5,0.5,100.0,0.2658030816047653,1,0
synthetic_product,0.5,0.5,0.5,100.0,0.7336004548493863,1,1
synthetic_product,0.5,0.5,0.5,100.0,0.7745707027322141,1,0
synthetic_product,0.5,0.5,0.5,100.0,0.566083735601749,2,1
synthetic_product,0.5,0.5,0.5,100.0,0.5741705877974447,1,0
synthetic_product,0.5,0.5,0.5,100.0,1.1779981040684853,3,0
synthetic_product,0.5,0.5,0.5,100.0,0.43108680688178813,2,1
synthetic_product,0.5,0.5,0.5,100.0,0.6089595747347291,1,1
synthetic_product,0.5,0.5,0.5,100.0,0.5570793622542631,3,1
synthetic_product,0.5,0.5,0.5,100.0,0.774171492314643,2,1
synthetic_product,0.5,0.5,0.5,100.0,0.5843983824546296,2,0
synthetic_product,0.5,0.5,0.5,100.0,0.6794974132954132,1,0
synthetic_product,0.5,0.5,0.5,100.0,0.734632728319444,2,1
synthetic_product,0.5,0.5,0.5,100.0,0.9648378311012682,2,0
synthetic_product,0.5,0.5,0.5,100.0,0.2559392751428071,2,1
synthetic_product,0.5,0.5,0.5,100.0,1.1376481467398272,3,0
synthetic_product,0.5,0.5,0.5,100.0,0.64829537851914,1,0
synthetic_product,0.5,0.5,0.5,100.0,0.9647537369336936,1,1
synthetic_product,0.5,0.5,0.5,100.0,0.7138596001802069,3,1
synthetic_product,0.5,0.5,0.5,100.0,0.45694005366311125,3,1
synthetic_product,0.5,0.5,0.5,100.0,0.778577638361504,3,0
synthetic_product,0.5,0.5,0.5,100.0,0.8232752843024087,2,1
synthetic_product,0.5,0.5,0.5,100.0,0.30501134083782855,1,1
synthetic_product,0.5,0.5,0.5,100.0,0.5640526271797662,2,1
synthetic_product,0.5,0.5,0.5,100.0,0.35514475786800537,3,0
synthetic_product,0.5,0.5,0.5,100.0,1.0257594172659847,3,1
synthetic_product,0.5,0.5,0.5,100.0,0.7565135034194478,1,0
synthetic_product,0.5,0.5,0.5,100.0,0.5281262685078476,2,1
synthetic_product,0.5,0.5,0.5,100.0,0.33948485948676804,1,0
synthetic_product,0.5,0.5,0.5,100.0,0.6174010729451158,1,1
synthetic_product,0.5,0.5,0.5,100.0,0.7814519791250281,2,0
synthetic_product,0.5,0.5,0.5,100.0,0.7230692284064213,1,0
synthetic_product,0.5,0.5,0.5,100.0,0.76323138719954,3,0
synthetic_product,0.5,0.5,0.5,100.0,0.4890958575923081,3,1
synthetic_product,0.5,0.5,0.5,100.0,0.5524267450163687,3,1
synthetic_product,0.5,0.5,0.5,100.0,0.6639226368558148,3,0
synthetic_product,0.5,0.5,0.5,100.0,0.6268938875564174,1,0
synthetic_product,0.5,0.5,0.5,100.0,0.5268121620799187,2,0
synthetic_product,0.5,0.5,0.5,100.0,0.9393338175463857,2,0
synthetic_product,0.5,0.5,0.5,100.0,0.6137641009717345,3,0
synthetic_product,0.5,0.5,0.5,100.0,0.3477691440217574,1,1
synthetic_product,0.5,0.5,0.5,100.0,0.3744517337270671,2,0
synthetic_product,0.5,0.5,0.5,100.0,0.5950731796699856,2,1
synthetic_product,0.5,0.5,0.5,100.0,0.2798428941928487,1,1
synthetic_product,0.5,0.5,0.5,100.0,1.0124122432863703,2,0
synthetic_product,0.5,0.5,0.5,100.0,0.3374652382862524,1,1
synthetic_product,0.5,0.5,0.5,100.0,0.3007347187504335,3,1
synthetic_product,0.5,0.5,0.5,100.0,0.9534673213945349,3,0
synthetic_product,0.5,0.5,0.5,100.0,0.6028968354438305,1,1
synthetic_product,0.5,0.5,0.5,100.0,0.5745942027986323,2,1
synthetic_product,0.5,0.5,0.5,100.0,0.7253255060983769,2,1
synthetic_product,0.5,0.5,0.5,100.0,0.7201355460510779,3,0
synthetic_product,0.5,0.5,0.5,100.0,0.7883086110351873,1,1
synthetic_product,0.5,0.5,0.5,100.0,0.7668294966802213,2,0
synthetic_product,0.5,0.5,0.5,100.0,0.7152131575575287,2,0
synthetic_product,0.5,0.5,0.5,100.0,0.734002825275609,3,0
synthetic_product,0.5,0.5,0.5,100.0,0.49863684798656727,1,0
synthetic_product,0.5,0.5,0.5,100.0,0.685740794013833,2,1
synthetic_product,0.5,0.5,0.5,100.0,1.050993840145565,2,1
synthetic_product,0.5,0.5,0.5,100.0,0.379282052010809,2,1
synthetic_product,0.5,0.5,0.5,100.0,0.6601526473138414,2,1
synthetic_product,0.5,0.5,0.5,100.0,1.0456951230949743,1,0
synthetic_product,0.5,0.5,0.5,100.0,0.542292942947834,1,1
synthetic_product,0.5,0.5,0.5,100.0,0.4935107011524443,2,1
synthetic_product,0.5,0.5,0.5,100.0,0.45533459227340123,1,0
synthetic_product,0.5,0.5,0.5,100.0,0.9363293799272536,2,0
synthetic_product,0.5,0.5,0.5,100.0,0.5131342494852708,2,1
synthetic_product,0.5,0.5,0.5,100.0,0.4479147399360788,2,1
synthetic_product,0.5,0.5,0.5,100.0,0.6862824923388124,2,1
synthetic_product,0.5,0.5,0.5,100.0,0.9159383547614474,2,0
synthetic_product,0.5,0.5,0.5,100.0,0.6802112457767465,2,0
synthetic_product,0.5,0.5,0.5,100.0,0.6296171844093283,2,1
synthetic_product,0.5,0.5,0.5,100.0,0.6856419603896684,2,0
synthetic_product,0.5,0.5,0.5,100.0,0.8825333658552265,2,1
synthetic_product,0.5,0.5,0.5,100.0,0.2808566715485063,1,1
synthetic_product,0.5,0.5,0.5,100.0,0.8497918202073582,2,0
synthetic_product,0.5,0.5,0.5,100.0,0.5843305387068533,1,1
synthetic_product,0.5,0.5,0.5,100.0,1.2467064587159966,3,1
synthetic_product,0.5,0.5,0.5,100.0,0.976026243205456,2,1
synthetic_product,0.5,0.5,0.5,100.0,0.8110409623256917,2,1
synthetic_product,0.5,0.5,0.5,100.0,0.5113150663960997,1,1
synthetic_product,0.5,0.5,0.5,100.0,0.7382307532567146,2,0
synthetic_product,0.5,0.5,0.5,100.0,0.7536649178941662,2,0
synthetic_product,0.5,0.5,0.5,100.0,0.6769905960424681,3,1
synthetic_product,0.5,0.5,0.5,100.0,0.376393686462668,1,0
synthetic_product,0.5,0.5,0.5,100.0,0.2981457648747618,2,1
synthetic_product,0.5,0.5,0.5,100.0,0.9378841961971208,1,1
synthetic_product,0.5,0.5,0.5,100.0,0.4270083652208656,2,1
synthetic_product,0.5,0.5,0.5,100.0,0.839666304950261,2,1
synthetic_product,0.5,0.5,0.5,100.0,0.7109083930949724,2,0
synthetic_product,0.5,0.5,0.5,100.0,0.8745098823970998,1,0
synthetic_product,0.5,0.5,0.5,100.0,0.4037081281921907,3,1
synthetic_product,0.5,0.5,0.5,100.0,0.6683734034740888,3,1
synthetic_product,0.5,0.5,0.5,100.0,0.32199059873187946,2,1
synthetic_product,0.5,0.5,0.5,100.0,0.7961179207112872,3,1
synthetic_product,0.5,0.5,0.5,100.0,1.3515757825190293,3,0
synthetic_product,0.5,0.5,0.5,100.0,0.8621755886620438,1,1
synthetic_product,0.5,0.5,0.5,100.0,0.809159396344097,2,0
synthetic_product,0.5,0.5,0.5,100.0,0.26804132752530113,1,1
synthetic_product,0.5,0.5,0.5,100.0,0.9683558423493507,2,1
synthetic_product,0.5,0.5,0.5,100.0,0.799968259020537,2,1
synthetic_product,0.5,0.5,0.5,100.0,0.8013848399465339,3,0
synthetic_product,0.5,0.5,0.5,100.0,1.0591163513611075,3,0
synthetic_product,0.5,0.5,0.5,100.0,0.6753896179743726,1,0
synthetic_product,0.5,0.5,0.5,100.0,0.827644628274424,1,0
synthetic_product,0.5,0.5,0.5,100.0,0.17803767332373707,1,1
synthetic_product,0.5,0.5,0.5,100.0,0.42121077913286,2,1
synthetic_product,0.5,0.5,0.5,100.0,0.3761494635035924,1,0
synthetic_product,0.5,0.5,0.5,100.0,0.39439695384163176,2,1
synthetic_product,0.5,0.5,0.5,100.0,0.29702573226628215,1,1
synthetic_product,0.5,0.5,0.5,100.0,0.49064799200993114,1,0
synthetic_product,0.5,0.5,0.5,100.0,0.8867575057565192,1,0
synthetic_product,0.5,0.5,0.5,100.0,0.31512863404261166,1,0
synthetic_product,0.5,0.5,0.5,100.0,0.812784770672897,2,0
synthetic_product,0.5,0.5,0.5,100.0,0.9529902339522688,2,0
synthetic_product,0.5,0.5,0.5,100.0,0.6021281514151813,3,0
synthetic_product,0.5,0.5,0.5,100.0,0.6315626974442305,3,0
synthetic_product,0.5,0.5,0.5,100.0,0.7165312466973875,1,0
synthetic_product,0.5,0.5,0.5,100.0,0.2853042426885272,3,1
synthetic_product,0.5,0.5,0.5,100.0,0.7461575652816357,2,1
synthetic_product,0.5,0.5,0.5,100.0,0.7426477224150863,1,1
synthetic_product,0.5,0.5,0.5,100.0,0.3842285351325741,1,1
synthetic_product,0.5,0.5,0.5,100.0,0.6575055580651512,2,1
synthetic_product,0.5,0.5,0.5,100.0,0.7713590788328406,3,1
synthetic_product,0.5,0.5,0.5,100.0,0.6753722023443004,2,0
synthetic_product,0.5,0.5,0.5,100.0,0.6285207518310184,1,1
synthetic_product,0.5,0.5,0.5,100.0,0.2182137930880407,1,1
synthetic_product,0.5,0.5,0.5,100.0,0.7025163553518622,2,1
synthetic_product,0.5,0.5,0.5,100.0,0.7221685590897632,3,1
synthetic_product,0.5,0.5,0.5,100.0,1.1114867700115039,1,0
synthetic_product,0.5,0.5,0.5,100.0,0.47254926824389365,1,1
synthetic_product,0.5,0.5,0.5,100.0,0.4564250393919024,1,1
synthetic_product,0.5,0.5,0.5,100.0,0.6399659404302256,2,1
synthetic_product,0.5,0.5,0.5,100.0,0.7362029716725943,1,0
synthetic_product,0.5,0.5,0.5,100.0,0.09279611136146575,2,1
synthetic_product,0.5,0.5,0.5,100.0,0.5430884615798055,1,1
synthetic_product,0.5,0.5,0.5,100.0,0.5115776257092337,2,1
synthetic_product,0.5,0.5,0.5,100.0,0.8690739764031432,2,0
synthetic_product,0.5,0.5,0.5,100.0,0.42108345614907755,1,0
synthetic_product,0.5,0.5,0.5,100.0,0.5510140137985771,2,1
synthetic_product,0.5,0.5,0.5,100.0,0.3189366283851536,1,1
synthetic_product,0.5,0.5,0.5,100.0,0.5987971982370774,2,1
synthetic_product,0.5,0.5,0.5,100.0,0.2855071215179864,1,0
synthetic_product,0.5,0.5,0.5,100.0,0.3511016498048755,1,1
synthetic_product,0.5,0.5,0.5,100.0,0.43691646059219086,1,1
synthetic_product,0.5,0.5,0.5,100.0,0.9517881431575625,3,0
synthetic_product,0.5,0.5,0.5,100.0,0.7025899746780276,1,1
synthetic_product,0.5,0.5,0.5,100.0,0.8071819938460496,3,1
synthetic_product,0.5,0.5,0.5,100.0,0.9662693592707576,1,1
synthetic_product,0.5,0.5,0.5,100.0,0.6720363178215965,2,0
synthetic_product,0.5,0.5,0.5,100.0,0.2770858583428024,1,1
synthetic_product,0.5,0.5,0.5,100.0,1.1465986410529025,2,0
synthetic_product,0.5,0.5,0.5,100.0,0.5119733173165139,1,0
synthetic_product,0.5,0.5,0.5,100.0,1.002812548902595,2,1
synthetic_product,0.5,0.5,0.5,100.0,0.7212831521757063,1,0
synthetic_product,0.5,0.5,0.5,100.0,0.7893167544932425,2,1
synthetic_product,0.5,0.5,0.5,100.0,0.47312305988948355,1,0
synthetic_product,0.5,0.5,0.5,100.0,0.9517099320741194,2,0
synthetic_product,0.5,0.5,0.5,100.0,0.768557418869646,1,0
synthetic_product,0.5,0.5,0.5,100.0,0.41012824414636945,2,1
synthetic_product,0.5,0.5,0.5,100.0,0.5744801606166586,1,1
synthetic_product,0.5,0.5,0.5,100.0,1.0092715033994828,2,1
synthetic_product,0.5,0.5,0.5,100.0,0.585657981331577,3,0
synthetic_product,0.5,0.5,0.5,100.0,0.6579814364134955,3,0
synthetic_product,0.5,0.5,0.5,100.0,0.6954648055270375,1,1
synthetic_product,0.5,0.5,0.5,100.0,0.3069473610617795,1,1
synthetic_product,0.5,0.5,0.5,100.0,0.652956654091394,2,1
synthetic_product,0.5,0.5,0.5,100.0,1.0103401708654145,3,0
synthetic_product,0.5,0.5,0.5,100.0,1.0836600645586172,2,1
synthetic_product,0.5,0.5,0.5,100.0,0.6581660368188739,1,0
synthetic_product,0.5,0.5,0.5,100.0,0.6646350733363078,1,1
synthetic_product,0.5,0.5,0.5,100.0,0.3283261110694766,1,0
synthetic_product,0.5,0.5,0.5,100.0,0.478471280112317,2,1
synthetic_product,0.5,0.5,0.5,100.0,0.2620840913054619,1,1
synthetic_product,0.5,0.5,0.5,100.0,0.8571516746266151,3,1
synthetic_product,0.5,0.5,0.5,100.0,1.1109851981324335,2,1
synthetic_product,0.5,0.5,0.5,100.0,1.1500202428484916,2,0
synthetic_product,0.5,0.5,0.5,100.0,0.4866836606715453,1,1
synthetic_product,0.5,0.5,0.5,100.0,0.47672980638755075,2,1
synthetic_product,0.5,0.5,0.5,100.0,0.5990435139565571,2,1
synthetic_product,0.5,0.5,0.5,100.0,0.9972650845032307,3,0
synthetic_product,0.5,0.5,0.5,100.0,0.6815289918854205,1,1
synthetic_product,0.5,0.5,0.5,100.0,0.5774253023297247,3,1
synthetic_product,0.5,0.5,0.5,100.0,1.0652568231299864,3,0
synthetic_product,0.5,0.5,0.5,100.0,0.22251567716599566,1,0
synthetic_product,0.5,0.5,0.5,100.0,0.39010216029805767,2,1
synthetic_product,0.5,0.5,0.5,100.0,0.6755377057051618,1,0
synthetic_product,0.5,0.5,0.5,100.0,0.5151184712879914,1,1
synthetic_product,0.5,0.5,0.5,100.0,0.6334268146233696,2,0
synthetic_product,0.5,0.5,0.5,100.0,0.8056460531596079,2,1
synthetic_product,0.5,0.5,0.5,100.0,0.2604692221532687,1,1
synthetic_product,0.5,0.5,0.5,100.0,0.9039378220131845,2,1
synthetic_product,0.5,0.5,0.5,100.0,0.7526191495530434,1,1
synthetic_product,0.5,0.5,0.5,100.0,0.6092639332713061,2,1
synthetic_product,0.5,0.5,0.5,100.0,0.9273244918074653,3,1
synthetic_product,0.5,0.5,0.5,100.0,0.807650177726208,2,0
synthetic_product,0.5,0.5,0.5,100.0,0.29281489325933474,2,0
synthetic_product,0.5,0.5,0.5,100.0,0.9908192711451355,3,1
synthetic_product,0.5,0.5,0.5,100.0,0.7472072915690802,2,0
synthetic_product,0.5,0.5,0.5,100.0,0.7785910413206868,2,1
synthetic_product,0.5,0.5,0.5,100.0,0.5415228263588682,3,1
synthetic_product,0.5,0.5,0.5,100.0,0.3135697803526739,2,0
synthetic_product,0.5,0.5,0.5,100.0,0.9988332349163739,2,0
synthetic_product,0.5,0.5,0.5,100.0,0.5418803224926254,2,0
synthetic_product,0.5,0.5,0.5,100.0,0.23717255442087737,1,1
synthetic_product,0.5,0.5,0.5,100.0,0.7891200710248458,2,0
synthetic_product,0.5,0.5,0.5,100.0,0.5776128225256845,1,0
synthetic_product,0.5,0.5,0.5,100.0,0.49802444807710067,1,1
synthetic_product,0.5,0.5,0.5,100.0,0.5343428454246006,2,1
synthetic_product,0.5,0.5,0.5,100.0,0.5714378889478149,3,1
synthetic_product,0.5,0.5,0.5,100.0,0.6575941490366863,2,1
synthetic_product,0.5,0.5,0.5,100.0,0.3100574135922182,1,1
synthetic_product,0.5,0.5,0.5,100.0,0.7326814109135978,2,0
synthetic_product,0.5,0.5,0.5,100.0,0.2113098895774353,2,1
synthetic_product,0.5,0.5,0.5,100.0,0.43225577170215534,1,0
synthetic_product,0.5,0.5,0.5,100.0,0.3960479561153975,2,1
synthetic_product,0.5,0.5,0.5,100.0,0.3694439621929245,2,0
synthetic_product,0.5,0.5,0.5,100.0,0.9637711162006601,3,0
synthetic_product,0.5,0.5,0.5,100.0,0.8444131544841134,3,1
synthetic_product,0.5,0.5,0.5,100.0,0.5419815416436149,3,0
synthetic_product,0.5,0.5,0.5,100.0,0.5681299850546675,1,1
synthetic_product,0.5,0.5,0.5,100.0,0.4783582440623111,1,1
synthetic_product,0.5,0.5,0.5,100.0,0.6588870759998549,2,0
synthetic_product,0.5,0.5,0.5,100.0,0.5336245016645412,1,0
synthetic_product,0.5,0.5,0.5,100.0,0.7322907157166073,1,1
synthetic_product,0.5,0.5,0.5,100.0,0.765879633208228,2,0
synthetic_product,0.5,0.5,0.5,100.0,0.6572922672808301,1,1
synthetic_product,0.5,0.5,0.5,100.0,0.3365988883559755,2,1
synthetic_product,0.5,0.5,0.5,100.0,0.8425868694769527,3,0
synthetic_product,0.5,0.5,0.5,100.0,0.4131560073898654,3,1
synthetic_product,0.5,0.5,0.5,100.0,0.49054870787008054,1,1
synthetic_product,0.5,0.5,0.5,100.0,0.9963304026184717,3,0
synthetic_product,0.5,0.5,0.5,100.0,0.6351733400568306,1,1
synthetic_product,0.5,0.5,0.5,100.0,0.503938137941001,2,1
synthetic_product,0.5,0.5,0.5,100.0,0.3645571739025599,2,1
synthetic_product,0.5,0.5,0.5,100.0,0.7447146706022025,3,0
synthetic_product,0.5,0.5,0.5,100.0,0.8687892743847737,1,0
synthetic_product,0.5,0.5,0.5,100.0,0.3388778377706164,1,1
synthetic_product,0.5,0.5,0.5,100.0,0.36777975172872884,1,1
synthetic_product,0.5,0.5,0.5,100.0,0.39148508570359203,2,1
synthetic_product,0.5,0.5,0.5,100.0,0.7682948316186159,2,0
synthetic_product,0.5,0.5,0.5,100.0,0.6022024119740295,2,1
synthetic_product,0.5,0.5,0.5,100.0,0.5197020632792062,2,1
synthetic_product,0.5,0.5,0.5,100.0,0.8907821728236995,3,0
synthetic_product,0.5,0.5,0.5,100.0,0.9867453466268863,2,1
synthetic_product,0.5,0.5,0.5,100.0,0.644477251185805,2,0
synthetic_product,0.5,0.5,0.5,100.0,0.33867164679105555,1,0
synthetic_product,0.5,0.5,0.5,100.0,0.4860143491576751,1,1
synthetic_product,0.5,0.5,0.5,100.0,0.9517332486700261,2,0
synthetic_product,0.5,0.5,0.5,100.0,0.4600899580374535,3,1
synthetic_product,0.5,0.5,0.5,100.0,0.5001638740175546,1,0
synthetic_product,0.5,0.5,0.5,100.0,0.3703906720031134,1,1
synthetic_product,0.5,0.5,0.5,100.0,0.40588358843953126,2,0
synthetic_product,0.5,0.5,0.5,100.0,0.5207207091836573,3,1
synthetic_product,0.5,0.5,0.5,100.0,0.6190264527773236,1,1
synthetic_product,0.5,0.5,0.5,100.0,0.5567346715607246,1,1
synthetic_product,0.5,0.5,0.5,100.0,0.8694093324987042,2,1
synthetic_product,0.5,0.5,0.5,100.0,0.7273196981724951,1,1
synthetic_product,0.5,0.5,0.5,100.0,0.4690526994874967,2,1
synthetic_product,0.5,0.5,0.5,100.0,0.9508462739189518,3,1
synthetic_product,0.5,0.5,0.5,100.0,0.7524477393190305,2,0
synthetic_product,0.5,0.5,0.5,100.0,0.9530586787146158,2,0
synthetic_product,0.5,0.5,0.5,100.0,1.2397132803353115,3,1
synthetic_product,0.5,0.5,0.5,100.0,0.1389255203141045,1,1
synthetic_product,0.5,0.5,0.5,100.0,0.9621277973369996,2,0
synthetic_product,0.5,0.5,0.5,100.0,0.9728316896788421,2,1
synthetic_product,0.5,0.5,0.5,100.0,0.6445818764897813,3,1
synthetic_product,0.5,0.5,0.5,100.0,0.7616144505834702,3,1
synthetic_product,0.5,0.5,0.5,100.0,0.5427332861564427,1,1
synthetic_product,0.5,0.5,0.5,100.0,0.11249199031085763,1,1
synthetic_product,0.5,0.5,0.5,100.0,0.7065381014783986,2,0
synthetic_product,0.5,0.5,0.5,100.0,0.6266817044801234,2,1
synthetic_product,0.5,0.5,0.5,100.0,0.5237982153712719,2,1
synthetic_product,0.5,0.5,0.5,100.0,0.5972877594918042,2,0
synthetic_product,0.5,0.5,0.5,100.0,0.5986216624966496,1,0
synthetic_product,0.5,0.5,0.5,100.0,0.773517878084516,2,1
synthetic_product,0.5,0.5,0.5,100.0,0.8867883309477842,2,1
synthetic_product,0.5,0.5,0.5,100.0,1.0881642872801776,2,0
synthetic_product,0.5,0.5,0.5,100.0,0.3921079238632421,2,1
synthetic_product,0.5,0.5,0.5,100.0,0.48539101279304553,1,1
synthetic_product,0.5,0.5,0.5,100.0,0.7328003054282907,3,1
synthetic_product,0.5,0.5,0.5,100.0,0.6082075046613536,2,1
synthetic_product,0.5,0.5,0.5,100.0,0.6704893623906599,1,1
synthetic_product,0.5,0.5,0.5,100.0,0.8265214831825508,3,1
synthetic_product,0.5,0.5,0.5,100.0,0.5929241237106352,1,0
synthetic_product,0.5,0.5,0.5,100.0,0.19912097026583195,2,1
synthetic_product,0.5,0.5,0.5,100.0,0.7869124055080549,2,0
synthetic_product,0.5,0.5,0.5,100.0,0.42209749215431136,3,0
synthetic_product,0.5,0.5,0.5,100.0,0.4762190361760178,3,0
synthetic_product,0.5,0.5,0.5,100.0,0.4515410525441691,2,1
synthetic_product,0.5,0.5,0.5,100.0,0.25482321150540904,2,1
synthetic_product,0.5,0.5,0.5,100.0,0.6631301005317887,2,0
synthetic_product,0.5,0.5,0.5,100.0,0.6073987535089329,1,1
synthetic_product,0.5,0.5,0.5,100.0,0.7387466522448639,2,0
synthetic_product,0.5,0.5,0.5,100.0,0.5130102021854616,2,1
synthetic_product,0.5,0.5,0.5,100.0,0.8204981518890406,1,1
synthetic_product,0.5,0.5,0.5,100.0,0.9987276524384099,2,0
synthetic_product,0.5,0.5,0.5,100.0,0.8230584488317662,1,0
synthetic_product,0.5,0.5,0.5,100.0,0.552819783588068,3,1
synthetic_product,0.5,0.5,0.5,100.0,0.8468253794397852,3,1
synthetic_product,0.5,0.5,0.5,100.0,0.8943680968955304,2,1
synthetic_product,0.5,0.5,0.5,100.0,0.5041921184738729,1,1
synthetic_product,0.5,0.5,0.5,100.0,0.8112959641630639,3,0
synthetic_product,0.5,0.5,0.5,100.0,0.9554875592433406,2,1
synthetic_product,0.5,0.5,0.5,100.0,0.6227891235018295,2,1
synthetic_product,0.5,0.5,0.5,100.0,1.0009409302796302,3,1
synthetic_product,0.5,0.5,0.5,100.0,0.40552629418413844,1,1
synthetic_product,0.5,0.5,0.5,100.0,0.5980910696428814,1,1
synthetic_product,0.5,0.5,0.5,100.0,0.7154265726886568,2,0
synthetic_product,0.5,0.5,0.5,100.0,0.8076725747742558,3,1
synthetic_product,0.5,0.5,0.5,100.0,0.8003064273101403,2,1
synthetic_product,0.5,0.5,0.5,100.0,0.4329978060738121,3,1
synthetic_product,0.5,0.5,0.5,100.0,1.0199307794136239,3,1
synthetic_product,0.5,0.5,0.5,100.0,0.30847447729931105,2,1
synthetic_product,0.5,0.5,0.5,100.0,0.6009872825721406,1,0
synthetic_product,0.5,0.5,0.5,100.0,0.9283806406847714,3,0
synthetic_product,0.5,0.5,0.5,100.0,1.136220233631582,3,0
synthetic_product,0.5,0.5,0.5,100.0,0.6845385630385045,2,0
synthetic_product,0.5,0.5,0.5,100.0,0.722662003131576,3,0
synthetic_product,0.5,0.5,0.5,100.0,0.45165452335724343,3,1
synthetic_product,0.5,0.5,0.5,100.0,0.6812968039944728,2,1
synthetic_product,0.5,0.5,0.5,100.0,1.0304202528094066,3,1
synthetic_product,0.5,0.5,0.5,100.0,1.1313621580606512,2,0
synthetic_product,0.5,0.5,0.5,100.0,0.5485050964945531,2,1
synthetic_product,0.5,0.5,0.5,100.0,1.0870521288839727,3,0
synthetic_product,0.5,0.5,0.5,100.0,0.4178548793919781,2,1
synthetic_product,0.5,0.5,0.5,100.0,0.6569958562416731,1,0
synthetic_product,0.5,0.5,0.5,100.0,0.25824640555795925,1,0
synthetic_product,0.5,0.5,0.5,100.0,0.7413629041744442,2,1
synthetic_product,0.5,0.5,0.5,100.0,1.2016334852050856,3,1
synthetic_product,0.5,0.5,0.5,100.0,0.498660142375868,2,1
synthetic_product,0.5,0.5,0.5,100.0,0.926893374381749,2,0
synthetic_product,0.5,0.5,0.5,100.0,0.7912001095448059,1,1
synthetic_product,0.5,0.5,0.5,100.0,0.4453084529044678,1,0
synthetic_product,0.5,0.5,0.5,100.0,0.5913674842899437,3,1
synthetic_product,0.5,0.5,0.5,100.0,0.74434633585305,1,1
synthetic_product,0.5,0.5,0.5,100.0,0.9960971506123671,2,0
synthetic_product,0.5,0.5,0.5,100.0,0.34736370475872935,2,1
synthetic_product,0.5,0.5,0.5,100.0,0.5585121049374864,3,1
synthetic_product,0.5,0.5,0.5,100.0,0.6383189417244165,1,1
synthetic_product,0.5,0.5,0.5,100.0,0.6385123717417075,2,1
synthetic_product,0.5,0.5,0.5,100.0,0.8877314677966406,3,1
synthetic_product,0.5,0.5,0.5,100.0,0.21227133001572324,2,1
synthetic_product,0.5,0.5,0.5,100.0,0.595821201050428,3,0
synthetic_product,0.5,0.5,0.5,100.0,1.0978544598520115,3,0
synthetic_product,0.5,0.5,0.5,100.0,0.22611131353468078,1,1
synthetic_product,0.5,0.5,0.5,100.0,1.0509268649313084,1,0
synthetic_product,0.5,0.5,0.5,100.0,0.9109242028963394,1,1
synthetic_product,0.5,0.5,0.5,100.0,0.618408782734636,1,1
synthetic_product,0.5,0.5,0.5,100.0,0.2549717955610379,1,1
synthetic_product,0.5,0.5,0.5,100.0,0.43904264957727157,2,1
synthetic_product,0.5,0.5,0.5,100.0,0.9688634150313218,1,0
synthetic_product,0.5,0.5,0.5,100.0,0.5803423534423023,1,1
synthetic_product,0.5,0.5,0.5,100.0,0.2831929564159366,3,1
synthetic_product,0.5,0.5,0.5,100.0,0.815542760920174,1,0
synthetic_product,0.5,0.5,0.5,100.0,0.3623850887228749,1,1
synthetic_product,0.5,0.5,0.5,100.0,0.4997559496979584,2,1
synthetic_product,0.5,0.5,0.5,100.0,0.6610039851020515,1,1
synthetic_product,0.5,0.5,0.5,100.0,0.24183746574200615,1,1
synthetic_product,0.5,0.5,0.5,100.0,0.8311093059467282,2,1
synthetic_product,0.5,0.5,0.5,100.0,1.1655957242444792,2,1
synthetic_product,0.5,0.5,0.5,100.0,0.843997465424908,2,1
synthetic_product,0.5,0.5,0.5,100.0,0.8603164931193541,2,1
synthetic_product,0.5,0.5,0.5,100.0,1.051236012248534,3,0
synthetic_product,0.5,0.5,0.5,100.0,0.4932019833051375,2,1
synthetic_product,0.5,0.5,0.5,100.0,0.5409966625365503,3,1
synthetic_product,0.5,0.5,0.5,100.0,0.7805680348700575,3,0
synthetic_product,0.5,0.5,0.5,100.0,0.7678534307578343,2,1
synthetic_product,0.5,0.5,0.5,100.0,0.7783670445321074,2,0
synthetic_product,0.5,0.5,0.5,100.0,0.5994019180384533,3,0
synthetic_product,0.5,0.5,0.5,100.0,0.9504306879120622,2,0
synthetic_product,0.5,0.5,0.5,100.0,0.8371936086807774,2,1
synthetic_product,0.5,0.5,0.5,100.0,0.5827579218263316,2,1
synthetic_product,0.5,0.5,0.5,100.0,0.5541630465556583,1,1
synthetic_product,0.5,0.5,0.5,100.0,0.8906659528903405,3,0
synthetic_product,0.5,0.5,0.5,100.0,0.7909804367425017,2,1
synthetic_product,0.5,0.5,0.5,100.0,0.5044099493135764,3,1
synthetic_product,0.5,0.5,0.5,100.0,0.4637750762777971,2,1
synthetic_product,0.5,0.5,0.5,100.0,0.44612912442177893,1,1
synthetic_product,0.5,0.5,0.5,100.0,0.420066946257365,2,0
synthetic_product,0.5,0.5,0.5,100.0,0.6865348445710284,2,0
synthetic_product,0.5,0.5,0.5,100.0,0.6978685304543281,1,1
synthetic_product,0.5,0.5,0.5,100.0,0.7217137229842499,2,0
synthetic_product,0.5,0.5,0.5,100.0,0.8976269878104156,2,1
synthetic_product,0.5,0.5,0.5,100.0,0.6140704176931121,2,1
synthetic_product,0.5,0.5,0.5,100.0,0.7474829373816738,2,1
synthetic_product,0.5,0.5,0.5,100.0,0.5784066855132827,2,1
synthetic_product,0.5,0.5,0.5,100.0,0.5316032436194101,2,0
synthetic_product,0.5,0.5,0.5,100.0,1.1520841220660518,2,0
synthetic_product,0.5,0.5,0.5,100.0,0.6818004811659718,2,1
synthetic_product,0.5,0.5,0.5,100.0,0.7864551706506437,1,1
synthetic_product,0.5,0.5,0.5,100.0,0.6452094709766251,2,1
synthetic_product,0.5,0.5,0.5,100.0,0.37142315414208116,1,1
synthetic_product,0.5,0.5,0.5,100.0,0.4875247834570864,2,1
synthetic_product,0.5,0.5,0.5,100.0,0.35801569687648277,1,0
synthetic_product,0.5,0.5,0.5,100.0,0.3943455338383614,1,0
synthetic_product,0.5,0.5,0.5,100.0,0.6196537086415828,3,1
synthetic_product,0.5,0.5,0.5,100.0,0.7524446222094374,1,0
synthetic_product,0.5,0.5,0.5,100.0,0.6116059430198254,1,0
synthetic_product,0.5,0.5,0.5,100.0,0.7719757428188564,1,1
synthetic_product,0.5,0.5,0.5,100.0,0.6527059505900707,1,1
synthetic_product,0.5,0.5,0.5,100.0,0.5839386510525604,3,1
synthetic_product,0.5,0.5,0.5,100.0,0.30383759947544436,1,1
synthetic_product,0.5,0.5,0.5,100.0,0.8295593442504368,1,0
synthetic_product,0.5,0.5,0.5,100.0,0.637978493093457,2,1
synthetic_product,0.5,0.5,0.5,100.0,0.4897576059887947,3,1
synthetic_product,0.5,0.5,0.5,100.0,0.9315469400040677,3,0
synthetic_product,0.5,0.5,0.5,100.0,0.20184663451686152,1,1
synthetic_product,0.5,0.5,0.5,100.0,1.127216075004984,2,1
synthetic_product,0.5,0.5,0.5,100.0,0.22194843177590537,2,1
synthetic_product,0.5,0.5,0.5,100.0,0.4933476963906198,2,1
synthetic_product,0.5,0.5,0.5,100.0,0.6927579507726578,3,1
synthetic_product,0.5,0.5,0.5,100.0,0.46715445488956603,1,1
synthetic_product,0.5,0.5,0.5,100.0,0.37061459563011245,1,1
synthetic_product,0.5,0.5,0.5,100.0,0.8708577111140741,2,0
synthetic_product,0.5,0.5,0.5,100.0,0.754408182675239,2,0
synthetic_product,0.5,0.5,0.5,100.0,1.0311599714067887,3,0
synthetic_product,0.5,0.5,0.5,100.0,0.4424421406948653,1,1
synthetic_product,0.5,0.5,0.5,100.0,0.5899592645537701,2,0
synthetic_product,0.5,0.5,0.5,100.0,0.8014498186138616,2,1
synthetic_product,0.5,0.5,0.5,100.0,0.8197485288797031,2,0
synthetic_product,0.5,0.5,0.5,100.0,0.7033113764517451,3,1
synthetic_product,0.5,0.5,0.5,100.0,0.801088867962412,2,0
synthetic_product,0.5,0.5,0.5,100.0,0.45994034253204824,1,1
synthetic_product,0.5,0.5,0.5,100.0,0.9949382874596318,1,0
synthetic_product,0.5,0.5,0.5,100.0,0.7000181440056886,3,1
synthetic_product,0.5,0.5,0.5,100.0,0.5110569714794377,2,0
synthetic_product,0.5,0.5,0.5,100.0,0.7868236414008873,3,0
synthetic_product,0.5,0.5,0.5,100.0,0.573166493940561,1,0
synthetic_product,0.5,0.5,0.5,100.0,0.6852091692119575,2,1
synthetic_product,0.5,0.5,0.5,100.0,0.8196755139475344,2,0
synthetic_product,0.5,0.5,0.5,100.0,0.38266370528585425,2,1
synthetic_product,0.5,0.5,0.5,100.0,0.8684595494090792,3,1
synthetic_product,0.5,0.5,0.5,100.0,0.5149845039388609,2,0
synthetic_product,0.5,0.5,0.5,100.0,0.4637483675079278,3,1
synthetic_product,0.5,0.5,0.5,100.0,0.9112621263364683,1,1
synthetic_product,0.5,0.5,0.5,100.0,0.8287635058878683,2,1
synthetic_product,0.5,0.5,0.5,100.0,0.6963807520480718,1,1
synthetic_product,0.5,0.5,0.5,100.0,0.7324544043827936,3,1
synthetic_product,0.5,0.5,0.5,100.0,0.8921558626763708,2,1
synthetic_product,0.5,0.5,0.5,100.0,0.08891391792132088,1,1
synthetic_product,0.5,0.5,0.5,100.0,0.7325451466793587,2,1
synthetic_product,0.5,0.5,0.5,100.0,0.2749582220624418,1,1
synthetic_product,0.5,0.5,0.5,100.0,1.184722247724055,3,0
synthetic_product,0.5,0.5,0.5,100.0,0.7139724042883451,2,1
synthetic_product,0.5,0.5,0.5,100.0,0.8753582945700775,2,1
synthetic_product,0.5,0.5,0.5,100.0,0.4448374611100971,1,0
synthetic_product,0.5,0.5,0.5,100.0,0.4609002376204241,2,0
synthetic_product,0.5,0.5,0.5,100.0,0.7725325735142052,1,0
synthetic_product,0.5,0.5,0.5,100.0,0.4573762213998841,1,1
synthetic_product,0.5,0.5,0.5,100.0,0.48300874809868033,2,1
synthetic_product,0.5,0.5,0.5,100.0,0.7938163366365477,2,1
synthetic_product,0.5,0.5,0.5,100.0,0.972013149524745,3,0
synthetic_product,0.5,0.5,0.5,100.0,0.5079038532561148,3,1
synthetic_product,0.5,0.5,0.5,100.0,1.1930849513639135,2,1
synthetic_product,0.5,0.5,0.5,100.0,0.5915964085512107,2,1
synthetic_product,0.5,0.5,0.5,100.0,0.628475661273478,3,0
synthetic_product,0.5,0.5,0.5,100.0,0.35985855447345866,2,0
synthetic_product,0.5,0.5,0.5,100.0,0.24865736894756946,1,0
synthetic_product,0.5,0.5,0.5,100.0,0.6079418309693052,2,0
synthetic_product,0.5,0.5,0.5,100.0,0.7559130529333221,3,1
synthetic_product,0.5,0.5,0.5,100.0,0.42533685220277956,2,1
synthetic_product,0.5,0.5,0.5,100.0,1.0445055352066188,2,1
synthetic_product,0.5,0.5,0.5,100.0,0.45170177701073416,1,0
synthetic_product,0.5,0.5,0.5,100.0,0.5736458711240644,1,1
synthetic_product,0.5,0.5,0.5,100.0,1.0087700762209946,1,0
synthetic_product,0.5,0.5,0.5,100.0,0.8631273494057572,1,0
synthetic_product,0.5,0.5,0.5,100.0,0.5972625614812098,1,1
synthetic_product,0.5,0.5,0.5,100.0,0.7607446425077806,1,1
synthetic_product,0.5,0.5,0.5,100.0,0.7153109572303306,2,1
synthetic_product,0.5,0.5,0.5,100.0,0.7768337697870507,1,1
synthetic_product,0.5,0.5,0.5,100.0,0.86219881150058,3,0
synthetic_product,0.5,0.5,0.5,100.0,0.5539371298309425,2,0
synthetic_product,0.5,0.5,0.5,100.0,0.9533373286265057,3,0
synthetic_product,0.5,0.5,0.5,100.0,0.7420266086730998,2,1
synthetic_product,0.5,0.5,0.5,100.0,0.6316214692619033,2,1
synthetic_product,0.5,0.5,0.5,100.0,0.6592698350897591,2,0
synthetic_product,0.5,0.5,0.5,100.0,0.4015832730505411,2,0
synthetic_product,0.5,0.5,0.5,100.0,0.6555726586693582,1,1
synthetic_product,0.5,0.5,0.5,100.0,0.5573495763165617,2,1
synthetic_product,0.5,0.5,0.5,100.0,0.6230107928848791,1,1
synthetic_product,0.5,0.5,0.5,100.0,0.2755880336006541,1,1
synthetic_product,0.5,0.5,0.5,100.0,0.5749919030756933,2,0
synthetic_product,0.5,0.5,0.5,100.0,0.4484468722243346,1,1
synthetic_product,0.5,0.5,0.5,100.0,0.38267503741756476,3,0
synthetic_product,0.5,0.5,0.5,100.0,0.8094541073649059,1,1
synthetic_product,0.5,0.5,0.5,100.0,0.22020226459816186,1,1
synthetic_product,0.5,0.5,0.5,100.0,1.0632348377038197,2,0
synthetic_product,0.5,0.5,0.5,100.0,0.9870690897720357,2,1
synthetic_product,0.5,0.5,0.5,100.0,0.32752142256312033,1,1
synthetic_product,0.5,0.5,0.5,100.0,0.6184370819119269,3,1
synthetic_product,0.5,0.5,0.5,100.0,0.8377018896274324,2,0
synthetic_product,0.5,0.5,0.5,100.0,0.7427139938986609,1,0
synthetic_product,0.5,0.5,0.5,100.0,0.38788688239061775,3,1
synthetic_product,0.5,0.5,0.5,100.0,0.5873764664120534,3,0
synthetic_product,0.5,0.5,0.5,100.0,0.14449789543224958,1,1
synthetic_product,0.5,0.5,0.5,100.0,0.5507615359999004,1,0
synthetic_product,0.5,0.5,0.5,100.0,0.34994757606127685,1,0
synthetic_product,0.5,0.5,0.5,100.0,0.29582456124791506,2,1
synthetic_product,0.5,0.5,0.5,100.0,0.9334800587458935,1,1
synthetic_product,0.5,0.5,0.5,100.0,0.9136210601489307,1,0
synthetic_product,0.5,0.5,0.5,100.0,0.7288821429380261,2,1
synthetic_product,0.5,0.5,0.5,100.0,0.7159796723411196,1,0
synthetic_product,0.5,0.5,0.5,100.0,0.34926261309798246,1,0
synthetic_product,0.5,0.5,0.5,100.0,0.5987881171288785,3,1
synthetic_product,0.5,0.5,0.5,100.0,0.3566156145743931,1,1
synthetic_product,0.5,0.5,0.5,100.0,0.6701357670439833,1,0
synthetic_product,0.5,0.5,0.5,100.0,0.7683132057127943,1,0
synthetic_product,0.5,0.5,0.5,100.0,0.6521755937440972,1,0
synthetic_product,0.5,0.5,0.5,100.0,0.39101853182319835,1,0
synthetic_product,0.5,0.5,0.5,100.0,0.5053902116590022,3,1
synthetic_product,0.5,0.5,0.5,100.0,0.8038263466280565,2,1
synthetic_product,0.5,0.5,0.5,100.0,0.4020358515710084,3,1
synthetic_product,0.5,0.5,0.5,100.0,0.7698115767674317,3,1
synthetic_product,0.5,0.5,0.5,100.0,0.1492526983268711,1,1
synthetic_product,0.5,0.5,0.5,100.0,1.009991634329415,2,1
synthetic_product,0.5,0.5,0.5,100.0,0.3789415722577454,1,1
synthetic_product,0.5,0.5,0.5,100.0,0.3665991930036808,1,1
synthetic_product,0.5,0.5,0.5,100.0,0.79623226374768,1,1
synthetic_product,0.5,0.5,0.5,100.0,0.9794463382640258,3,0
synthetic_product,0.5,0.5,0.5,100.0,0.3999182705757045,3,1
synthetic_product,0.5,0.5,0.5,100.0,0.2899302997326364,1,1
synthetic_product,0.5,0.5,0.5,100.0,0.47781927881686964,1,0
synthetic_product,0.5,0.5,0.5,100.0,0.3157433459687884,2,1
synthetic_product,0.5,0.5,0.5,100.0,0.5348580103281095,2,0
synthetic_product,0.5,0.5,0.5,100.0,0.31314284574637224,3,1
synthetic_product,0.5,0.5,0.5,100.0,0.8654533827172944,1,0
synthetic_product,0.5,0.5,0.5,100.0,0.7080779908457207,2,1
synthetic_product,0.5,0.5,0.5,100.0,0.5800218020303259,2,1
synthetic_product,0.5,0.5,0.5,100.0,0.3786360323200845,2,0
synthetic_product,0.5,0.5,0.5,100.0,0.4515749424519542,2,0
synthetic_product,0.5,0.5,0.5,100.0,0.8181540188623884,2,0
synthetic_product,0.5,0.5,0.5,100.0,0.43511096000886323,3,1
synthetic_product,0.5,0.5,0.5,100.0,0.6988813674374877,3,1
synthetic_product,0.5,0.5,0.5,100.0,0.9704171064720288,2,1
synthetic_product,0.5,0.5,0.5,100.0,0.6738848357143946,2,1
synthetic_product,0.5,0.5,0.5,100.0,1.1327530734676405,3,0
synthetic_product,0.5,0.5,0.5,100.0,0.7108873905546651,2,1
synthetic_product,0.5,0.5,0.5,100.0,0.4418184215723988,3,1
synthetic_product,0.5,0.5,0.5,100.0,0.462248048966844,3,1
synthetic_product,0.5,0.5,0.5,100.0,0.7475407053407084,2,0
synthetic_product,0.5,0.5,0.5,100.0,0.9904275651347363,2,1
synthetic_product,0.5,0.5,0.5,100.0,0.2936811798292519,1,1
synthetic_product,0.5,0.5,0.5,100.0,0.39885598227346236,2,0
synthetic_product,0.5,0.5,0.5,100.0,0.40955539148614084,1,1
synthetic_product,0.5,0.5,0.5,100.0,0.4145316449858031,2,0
synthetic_product,0.5,0.5,0.5,100.0,0.9633911247266417,2,1
synthetic_product,0.5,0.5,0.5,100.0,0.7257619109530767,3,1
synthetic_product,0.5,0.5,0.5,100.0,0.22491168788845778,1,1
synthetic_product,0.5,0.5,0.5,100.0,1.0541712946618258,2,1
synthetic_product,0.5,0.5,0.5,100.0,0.41043659526606424,2,0
synthetic_product,0.5,0.5,0.5,100.0,0.1944569471562036,2,1
synthetic_product,0.5,0.5,0.5,100.0,1.0640219068157226,3,0
synthetic_product,0.5,0.5,0.5,100.0,0.7188280809946422,2,1
synthetic_product,0.5,0.5,0.5,100.0,1.0365239549164633,3,0
synthetic_product,0.5,0.5,0.5,100.0,0.5118334768094265,2,1
synthetic_product,0.5,0.5,0.5,100.0,0.8987685633851943,1,0
synthetic_product,0.5,0.5,0.5,100.0,0.8120377465550442,1,0
synthetic_product,0.5,0.5,0.5,100.0,0.8343342702585317,2,0
synthetic_product,0.5,0.5,0.5,100.0,0.6690781514567022,1,1
synthetic_product,0.5,0.5,0.5,100.0,0.5025943706219519,1,1
synthetic_product,0.5,0.5,0.5,100.0,0.6422841079850952,3,1
synthetic_product,0.5,0.5,0.5,100.0,0.44174565785457537,2,1
synthetic_product,0.5,0.5,0.5,100.0,0.806436293993171,3,0
synthetic_product,0.5,0.5,0.5,100.0,0.31955977207285013,2,0
synthetic_product,0.5,0.5,0.5,100.0,1.1683739505567634,2,0
synthetic_product,0.5,0.5,0.5,100.0,0.4153654706154691,2,0
synthetic_product,0.5,0.5,0.5,100.0,0.1860540516575409,1,1
synthetic_product,0.5,0.5,0.5,100.0,0.3198038583213405,1,0
synthetic_product,0.5,0.5,0.5,100.0,0.4944333799201115,1,1
synthetic_product,0.5,0.5,0.5,100.0,0.3386985395843509,3,1
synthetic_product,0.5,0.5,0.5,100.0,0.5042088249526048,1,1
synthetic_product,0.5,0.5,0.5,100.0,0.3275000860176507,1,0
synthetic_product,0.5,0.5,0.5,100.0,0.5706723275178968,2,1
synthetic_product,0.5,0.5,0.5,100.0,1.0678397279561604,3,0
synthetic_product,0.5,0.5,0.5,100.0,0.7523991586045654,3,1
synthetic_product,0.5,0.5,0.5,100.0,0.4453617149793133,2,0
synthetic_product,0.5,0.5,0.5,100.0,0.3569296240899768,1,0
synthetic_product,0.5,0.5,0.5,100.0,0.5776279187740325,3,0
synthetic_product,0.5,0.5,0.5,100.0,0.46739500454388033,2,0
synthetic_product,0.5,0.5,0.5,100.0,0.8290689629371315,1,1
synthetic_product,0.5,0.5,0.5,100.0,0.2997457886954122,2,1
synthetic_product,0.5,0.5,0.5,100.0,0.41733382325075824,1,1
synthetic_product,0.5,0.5,0.5,100.0,0.5554995236360497,2,1
synthetic_product,0.5,0.5,0.5,100.0,0.5988192880076587,2,0
synthetic_product,0.5,0.5,0.5,100.0,0.597578072183499,2,0
synthetic_product,0.5,0.5,0.5,100.0,0.5297214470837616,2,0
synthetic_product,0.5,0.5,0.5,100.0,0.6369883137823356,2,1
synthetic_product,0.5,0.5,0.5,100.0,0.7023216836448857,1,0
synthetic_product,0.5,0.5,0.5,100.0,0.7597108360696785,2,0
synthetic_product,0.5,0.5,0.5,100.0,0.6473997094679348,3,1
synthetic_product,0.5,0.5,0.5,100.0,0.5908438880668874,3,1
synthetic_product,0.5,0.5,0.5,100.0,0.18629180080946237,1,0
synthetic_product,0.5,0.5,0.5,100.0,0.3551618765160855,2,1
synthetic_product,0.5,0.5,0.5,100.0,0.5589023332479492,2,1
synthetic_product,0.5,0.5,0.5,100.0,0.8713694894283728,1,0
synthetic_product,0.5,0.5,0.5,100.0,0.6991369776570542,1,0
synthetic_product,0.5,0.5,0.5,100.0,0.6410979637182369,2,1
synthetic_product,0.5,0.5,0.5,100.0,0.5297734051812578,3,1
synthetic_product,0.5,0.5,0.5,100.0,0.7153486474080812,2,0
synthetic_product,0.5,0.5,0.5,100.0,0.8789069434149257,1,0
synthetic_product,0.5,0.5,0.5,100.0,0.40792119633599827,3,0
synthetic_product,0.5,0.5,0.5,100.0,0.9325704630110637,3,0
synthetic_product,0.5,0.5,0.5,100.0,0.26452710178886385,3,1
synthetic_product,0.5,0.5,0.5,100.0,0.6966490049299319,2,0
synthetic_product,0.5,0.5,0.5,100.0,0.8748677169995156,2,1
synthetic_product,0.5,0.5,0.5,100.0,0.47867095647157504,3,1
synthetic_product,0.5,0.5,0.5,100.0,0.30213000446510124,1,1
synthetic_product,0.5,0.5,0.5,100.0,0.36691934074640276,2,1
synthetic_product,0.5,0.5,0.5,100.0,0.6741013882891296,1,0
synthetic_product,0.5,0.5,0.5,100.0,0.8366366047198676,2,0
synthetic_product,0.5,0.5,0.5,100.0,0.20953256175998874,1,0
synthetic_product,0.5,0.5,0.5,100.0,0.9954220014857899,3,0
synthetic_product,0.5,0.5,0.5,100.0,0.4896706848462228,3,1
synthetic_product,0.5,0.5,0.5,100.0,0.8204817175414653,2,0
synthetic_product,0.5,0.5,0.5,100.0,0.6826356257522246,2,1
synthetic_product,0.5,0.5,0.5,100.0,0.8267400798968665,2,1
synthetic_product,0.5,0.5,0.5,100.0,0.4154411899281042,1,1
synthetic_product,0.5,0.5,0.5,100.0,0.45043215092509264,1,1
synthetic_product,0.5,0.5,0.5,100.0,0.5861292057358736,1,1
synthetic_product,0.5,0.5,0.5,100.0,0.794822173300692,3,0
synthetic_product,0.5,0.5,0.5,100.0,0.9153910617266137,2,0
synthetic_product,0.5,0.5,0.5,100.0,0.7178144271392968,1,0
synthetic_product,0.5,0.5,0.5,100.0,0.716545336149013,2,0
synthetic_product,0.5,0.5,0.5,100.0,0.9169375377071322,3,0
synthetic_product,0.5,0.5,0.5,100.0,0.599831917037214,1,1
synthetic_product,0.5,0.5,0.5,100.0,0.4490299509173259,1,0
synthetic_product,0.5,0.5,0.5,100.0,0.35808602841261206,2,0
synthetic_product,0.5,0.5,0.5,100.0,0.8006053890941978,2,1
synthetic_product,0.5,0.5,0.5,100.0,1.0501957753119684,3,1
synthetic_product,0.5,0.5,0.5,100.0,0.21279283672014954,1,1
synthetic_product,0.5,0.5,0.5,100.0,0.9378796044134914,2,1
synthetic_product,0.5,0.5,0.5,100.0,1.019421320860598,3,0
synthetic_product,0.5,0.5,0.5,100.0,0.4452430796983017,3,1
synthetic_product,0.5,0.5,0.5,100.0,0.9221807010244224,2,0
synthetic_product,0.5,0.5,0.5,100.0,0.5942282918470777,1,1
synthetic_product,0.5,0.5,0.5,100.0,0.5202241984036305,2,0
synthetic_product,0.5,0.5,0.5,100.0,1.182120399354298,3,1
synthetic_product,0.5,0.5,0.5,100.0,1.0485835847990117,3,0
synthetic_product,0.5,0.5,0.5,100.0,0.5286669062908028,2,0
synthetic_product,0.5,0.5,0.5,100.0,0.32450487824907087,2,1
synthetic_product,0.5,0.5,0.5,100.0,0.30404471734218486,1,1
synthetic_product,0.5,0.5,0.5,100.0,0.6160914096792502,2,1
synthetic_product,0.5,0.5,0.5,100.0,0.5371369729078028,2,1
synthetic_product,0.5,0.5,0.5,100.0,0.963537953137694,3,0
synthetic_product,0.5,0.5,0.5,100.0,0.9526525114099212,2,0
synthetic_product,0.5,0.5,0.5,100.0,0.5038708324333481,2,0
synthetic_product,0.5,0.5,0.5,100.0,0.8127692128251034,2,0
synthetic_product,0.5,0.5,0.5,100.0,0.47047990520922256,3,1
synthetic_product,0.5,0.5,0.5,100.0,0.27408691624448417,3,1
synthetic_product,0.5,0.5,0.5,100.0,0.530111244300644,1,0
synthetic_product,0.5,0.5,0.5,100.0,0.34256862732564586,2,1
synthetic_product,0.5,0.5,0.5,100.0,0.3731336602441193,2,1
synthetic_product,0.5,0.5,0.5,100.0,0.1837045930810952,2,1
synthetic_product,0.5,0.5,0.5,100.0,0.5247767037746317,1,1
synthetic_product,0.5,0.5,0.5,100.0,0.8296796350069082,2,0
synthetic_product,0.5,0.5,0.5,100.0,0.7596541400381356,1,1
synthetic_product,0.5,0.5,0.5,100.0,1.226986818274369,2,1
synthetic_product,0.5,0.5,0.5,100.0,1.1386340595033688,3,1
synthetic_product,0.5,0.5,0.5,100.0,0.4702432349304132,2,0
synthetic_product,0.5,0.5,0.5,100.0,0.5905443930289781,3,1
synthetic_product,0.5,0.5,0.5,100.0,0.5300936604736441,1,1
synthetic_product,0.5,0.5,0.5,100.0,0.5732207048283092,2,1
synthetic_product,0.5,0.5,0.5,100.0,1.0196511232464869,3,1
synthetic_product,0.5,0.5,0.5,100.0,0.5880490782441753,3,1
synthetic_product,0.5,0.5,0.5,100.0,0.8267937472524095,1,1
synthetic_product,0.5,0.5,0.5,100.0,0.867282848873084,2,0
synthetic_product,0.5,0.5,0.5,100.0,0.775214970552774,2,0
synthetic_product,0.5,0.5,0.5,100.0,0.5526072746675958,2,1
synthetic_product,0.5,0.5,0.5,100.0,0.8104797859422747,1,1
synthetic_product,0.5,0.5,0.5,100.0,0.2310963293798028,1,1
synthetic_product,0.5,0.5,0.5,100.0,0.470817457867443,1,0
synthetic_product,0.5,0.5,0.5,100.0,1.2261757838269487,3,1
synthetic_product,0.5,0.5,0.5,100.0,0.9268823428745583,2,1
synthetic_product,0.5,0.5,0.5,100.0,0.5104938191471907,3,1
synthetic_product,0.5,0.5,0.5,100.0,0.5275316988395268,1,1
synthetic_product,0.5,0.5,0.5,100.0,0.8011627097179711,2,1
synthetic_product,0.5,0.5,0.5,100.0,0.76754206738211,1,0
synthetic_product,0.5,0.5,0.5,100.0,1.1601382458261573,3,0
synthetic_product,0.5,0.5,0.5,100.0,0.7655073297782647,3,1
synthetic_product,0.5,0.5,0.5,100.0,0.8500533155899592,2,1
synthetic_product,0.5,0.5,0.5,100.0,1.0876460860464074,3,0
synthetic_product,0.5,0.5,0.5,100.0,0.2631196733961805,2,1
synthetic_product,0.5,0.5,0.5,100.0,1.1450905995088547,3,1
synthetic_product,0.5,0.5,0.5,100.0,0.32278650321881025,1,1
synthetic_product,0.5,0.5,0.5,100.0,0.9127925851531631,2,0
synthetic_product,0.5,0.5,0.5,100.0,0.6960418379636599,2,0
synthetic_product,0.5,0.5,0.5,100.0,0.8487847689025244,2,1
synthetic_product,0.5,0.5,0.5,100.0,0.6350423647158081,2,1
synthetic_product,0.5,0.5,0.5,100.0,0.2934575576216252,2,1
synthetic_product,0.5,0.5,0.5,100.0,0.15405519446233157,2,1
synthetic_product,0.5,0.5,0.5,100.0,0.6130467835601021,3,1
synthetic_product,0.5,0.5,0.5,100.0,0.3117473732394195,2,0
synthetic_product,0.5,0.5,0.5,100.0,0.37877096416625633,1,0
synthetic_product,0.5,0.5,0.5,100.0,0.9601326281076985,1,1
synthetic_product,0.5,0.5,0.5,100.0,0.22673703129803685,2,1
synthetic_product,0.5,0.5,0.5,100.0,0.355271421993461,2,0
synthetic_product,0.5,0.5,0.5,100.0,0.6737651347307387,2,0
synthetic_product,0.5,0.5,0.5,100.0,0.6247517312991441,2,1
synthetic_product,0.5,0.5,0.5,100.0,0.9206260229503875,1,1
synthetic_product,0.5,0.5,0.5,100.0,0.7407816915483834,2,0
synthetic_product,0.5,0.5,0.5,100.0,0.37709875632700046,1,1
synthetic_product,0.5,0.5,0.5,100.0,0.9191242043464579,2,0
synthetic_product,0.5,0.5,0.5,100.0,0.3746177000567038,2,0
synthetic_product,0.5,0.5,0.5,100.0,0.39554037949219173,2,1
synthetic_product,0.5,0.5,0.5,100.0,0.45458907183312314,2,0
synthetic_product,0.5,0.5,0.5,100.0,0.9520698931654054,2,0
synthetic_product,0.5,0.5,0.5,100.0,0.5256747992415332,1,1
synthetic_product,0.5,0.5,0.5,100.0,0.900657156227008,3,0
synthetic_product,0.5,0.5,0.5,100.0,0.5147912390041482,3,1
synthetic_product,0.5,0.5,0.5,100.0,0.959824228407098,3,1
synthetic_product,0.5,0.5,0.5,100.0,0.9744133822335539,3,1
synthetic_product,0.5,0.5,0.5,100.0,1.0083549107868572,2,1
synthetic_product,0.5,0.5,0.5,100.0,0.31861230038254973,2,1
synthetic_product,0.5,0.5,0.5,100.0,0.7275416230225676,1,0
synthetic_product,0.5,0.5,0.5,100.0,0.759533421910052,1,0
synthetic_product,0.5,0.5,0.5,100.0,0.39873901173050963,2,0
synthetic_product,0.5,0.5,0.5,100.0,0.9604249180837339,3,0
synthetic_product,0.5,0.5,0.5,100.0,0.25687559371772034,1,1
synthetic_product,0.5,0.5,0.5,100.0,0.8634589814202863,3,0
synthetic_product,0.5,0.5,0.5,100.0,0.5608713999762753,2,1
synthetic_product,0.5,0.5,0.5,100.0,0.5609594103381002,3,1
synthetic_product,0.5,0.5,0.5,100.0,0.585980195142159,3,1
synthetic_product,0.5,0.5,0.5,100.0,0.4646450775198159,3,1
synthetic_product,0.5,0.5,0.5,100.0,0.32134339727026084,2,1
synthetic_product,0.5,0.5,0.5,100.0,0.8961133686161628,1,1
synthetic_product,0.5,0.5,0.5,100.0,0.59003528169094,1,0
synthetic_product,0.5,0.5,0.5,100.0,0.59946977916029,2,0
synthetic_product,0.5,0.5,0.5,100.0,0.9924139205139122,1,0
synthetic_product,0.5,0.5,0.5,100.0,0.7201100197187031,2,0
synthetic_product,0.5,0.5,0.5,100.0,0.5510699235829014,1,1
synthetic_product,0.5,0.5,0.5,100.0,0.8326408539831243,2,1
synthetic_product,0.5,0.5,0.5,100.0,0.9370954452036222,3,1
synthetic_product,0.5,0.5,0.5,100.0,0.8564789663711044,1,0
synthetic_product,0.5,0.5,0.5,100.0,0.38517913815099947,1,1
synthetic_product,0.5,0.5,0.5,100.0,0.5082731968194002,1,1
synthetic_product,0.5,0.5,0.5,100.0,0.7410657253124773,2,0
synthetic_product,0.5,0.5,0.5,100.0,1.101572441662968,2,1
synthetic_product,0.5,0.5,0.5,100.0,0.627698994411912,1,0
synthetic_product,0.5,0.5,0.5,100.0,0.45447798741099127,2,1
synthetic_product,0.5,0.5,0.5,100.0,0.5715707185839857,1,0
synthetic_product,0.5,0.5,0.5,100.0,1.0938072210803773,3,0
synthetic_product,0.5,0.5,0.5,100.0,1.2175231896180332,3,0
synthetic_product,0.5,0.5,0.5,100.0,0.7217875533286965,2,1
synthetic_product,0.5,0.5,0.5,100.0,0.6744479288261611,1,1
synthetic_product,0.5,0.5,0.5,100.0,0.6541394953161112,2,1
synthetic_product,0.5,0.5,0.5,100.0,0.9781786628471271,3,1
synthetic_product,0.5,0.5,0.5,100.0,0.6073942781234392,2,1
synthetic_product,0.5,0.5,0.5,100.0,0.3329087042856649,2,1
synthetic_product,0.5,0.5,0.5,100.0,0.4921079298384289,2,0
synthetic_product,0.5,0.5,0.5,100.0,0.3662202910273564,1,1
synthetic_product,0.5,0.5,0.5,100.0,0.748834459768761,3,1
synthetic_product,0.5,0.5,0.5,100.0,0.8213394109611993,1,0
synthetic_product,0.5,0.5,0.5,100.0,0.6359675196119857,1,1
synthetic_product,0.5,0.5,0.5,100.0,0.9461660340546083,1,0
synthetic_product,0.5,0.5,0.5,100.0,0.64695930092427,1,0
synthetic_product,0.5,0.5,0.5,100.0,0.5014312023539231,3,1
synthetic_product,0.5,0.5,0.5,100.0,1.005798264042156,3,1
synthetic_product,0.5,0.5,0.5,100.0,0.6597235511648951,3,0
synthetic_product,0.5,0.5,0.5,100.0,0.9032428910544622,2,1
synthetic_product,0.5,0.5,0.5,100.0,0.28546542041452583,2,0
synthetic_product,0.5,0.5,0.5,100.0,0.6864423841340526,3,0
synthetic_product,0.5,0.5,0.5,100.0,0.7622808944542027,3,1
synthetic_product,0.5,0.5,0.5,100.0,0.8120344268689801,3,1
synthetic_product,0.5,0.5,0.5,100.0,0.6115514230439799,3,1
synthetic_product,0.5,0.5,0.5,100.0,0.6275245106427436,2,1
synthetic_product,0.5,0.5,0.5,100.0,0.5293143916510027,3,1
synthetic_product,0.5,0.5,0.5,100.0,0.4819576182088763,2,0
synthetic_product,0.5,0.5,0.5,100.0,0.5516412652349215,2,1
synthetic_product,0.5,0.5,0.5,100.0,0.22876038157672116,2,1
synthetic_product,0.5,0.5,0.5,100.0,1.0421047759058089,3,0
synthetic_product,0.5,0.5,0.5,100.0,0.2686516821574842,1,1
synthetic_product,0.5,0.5,0.5,100.0,0.43118217318264257,3,0
synthetic_product,0.5,0.5,0.5,100.0,0.5534031690526583,2,1
synthetic_product,0.5,0.5,0.5,100.0,1.0180132751581024,2,0
synthetic_product,0.5,0.5,0.5,100.0,0.8222575179841721,2,1
synthetic_product,0.5,0.5,0.5,100.0,0.9459311748014309,3,1
synthetic_product,0.5,0.5,0.5,100.0,0.30848348315290375,1,1
synthetic_product,0.5,0.5,0.5,100.0,0.30878805550008476,1,1
synthetic_product,0.5,0.5,0.5,100.0,0.7968338041525209,2,0
synthetic_product,0.5,0.5,0.5,100.0,0.5589024244651535,1,1
synthetic_product,0.5,0.5,0.5,100.0,0.659515056689183,3,0
synthetic_product,0.5,0.5,0.5,100.0,0.5612169919663055,3,0
synthetic_product,0.5,0.5,0.5,100.0,0.7110246505461022,1,0
synthetic_product,0.5,0.5,0.5,100.0,0.644218936374943,3,0
synthetic_product,0.5,0.5,0.5,100.0,0.7980369859609076,2,0
synthetic_product,0.5,0.5,0.5,100.0,0.8512527371729077,2,1
synthetic_product,0.5,0.5,0.5,100.0,0.4660439903855863,1,1
synthetic_product,0.5,0.5,0.5,100.0,0.7402085965099227,2,1
synthetic_product,0.5,0.5,0.5,100.0,0.23580374774133034,2,1
synthetic_product,0.5,0.5,0.5,100.0,0.28575728128248523,2,1
synthetic_product,0.5,0.5,0.5,100.0,0.5895035676391268,2,0
synthetic_product,0.5,0.5,0.5,100.0,0.9490510226363483,2,0
synthetic_product,0.5,0.5,0.5,100.0,0.5223243104328544,1,0
synthetic_product,0.5,0.5,0.5,100.0,0.23960188203906302,2,0
synthetic_product,0.5,0.5,0.5,100.0,0.41990822317254317,3,1
synthetic_product,0.5,0.5,0.5,100.0,0.6096556424140921,1,0
synthetic_product,0.5,0.5,0.5,100.0,0.7098013491066862,1,1
synthetic_product,0.5,0.5,0.5,100.0,0.01,1,1
synthetic_product,0.5,0.5,0.5,100.0,0.9679027649455153,3,0
synthetic_product,0.5,0.5,0.5,100.0,0.7999141572092573,3,1
synthetic_product,0.5,0.5,0.5,100.0,0.6142487017026771,2,1
synthetic_product,0.5,0.5,0.5,100.0,0.9328846248049412,2,1
synthetic_product,0.5,0.5,0.5,100.0,0.5985694212079854,1,1
synthetic_product,0.5,0.5,0.5,100.0,0.7880437456123093,3,1
synthetic_product,0.5,0.5,0.5,100.0,0.7859085418072279,1,0
synthetic_product,0.5,0.5,0.5,100.0,0.771991468844157,1,0
synthetic_product,0.5,0.5,0.5,100.0,0.8301055454991598,3,1
synthetic_product,0.5,0.5,0.5,100.0,0.8818121013814946,1,0
synthetic_product,0.5,0.5,0.5,100.0,0.9404523710291061,3,1
synthetic_product,0.5,0.5,0.5,100.0,0.6978696717911557,3,1
synthetic_product,0.5,0.5,0.5,100.0,0.6813242864939856,2,0
synthetic_product,0.5,0.5,0.5,100.0,0.6219146696715442,2,1
synthetic_product,0.5,0.5,0.5,100.0,0.4674138115257199,2,0
synthetic_product,0.5,0.5,0.5,100.0,0.388304287109443,1,0
synthetic_product,0.5,0.5,0.5,100.0,0.7617383016435901,1,0
synthetic_product,0.5,0.5,0.5,100.0,0.44238700807693,3,0
synthetic_product,0.5,0.5,0.5,100.0,0.4254447628127256,2,0
synthetic_product,0.5,0.5,0.5,100.0,0.8296427029671053,3,0
synthetic_product,0.5,0.5,0.5,100.0,0.28182272321614,1,1
synthetic_product,0.5,0.5,0.5,100.0,0.401053488482655,3,1
synthetic_product,0.5,0.5,0.5,100.0,0.8795772667097339,2,0
synthetic_product,0.5,0.5,0.5,100.0,0.4190064573829178,1,1
synthetic_product,0.5,0.5,0.5,100.0,0.7162892357540874,2,0
synthetic_product,0.5,0.5,0.5,100.0,0.3509198532476623,3,1
synthetic_product,0.5,0.5,0.5,100.0,0.9642626372501019,2,1
synthetic_product,0.5,0.5,0.5,100.0,0.519450359067342,2,1
synthetic_product,0.5,0.5,0.5,100.0,0.6591567617394749,2,1
synthetic_product,0.5,0.5,0.5,100.0,0.49298051742349175,2,1
synthetic_product,0.5,0.5,0.5,100.0,0.7989626675004867,1,1
synthetic_product,0.5,0.5,0.5,100.0,0.2813061489642009,2,0
synthetic_product,0.5,0.5,0.5,100.0,0.2292642757470224,2,0
synthetic_product,0.5,0.5,0.5,100.0,0.5520812704824181,1,0
synthetic_product,0.5,0.5,0.5,100.0,0.7790520212304596,3,1
synthetic_product,0.5,0.5,0.5,100.0,0.7757605051667666,2,0
synthetic_product,0.5,0.5,0.5,100.0,0.6830119002862939,2,1
synthetic_product,0.5,0.5,0.5,100.0,0.9939476543588471,2,1
synthetic_product,0.5,0.5,0.5,100.0,0.522690445746605,1,1
synthetic_product,0.5,0.5,0.5,100.0,0.42678816661318664,2,0
synthetic_product,0.5,0.5,0.5,100.0,0.5586197610719398,1,0
synthetic_product,0.5,0.5,0.5,100.0,0.5949830211964438,1,1
synthetic_product,0.5,0.5,0.5,100.0,0.4287745248264939,1,1
synthetic_product,0.5,0.5,0.5,100.0,0.6296740173908436,3,1
synthetic_product,0.5,0.5,0.5,100.0,0.9884858303997383,3,1
synthetic_product,0.5,0.5,0.5,100.0,0.9406510581152868,3,1
synthetic_product,0.5,0.5,0.5,100.0,1.0512804705540058,3,0
synthetic_product,0.5,0.5,0.5,100.0,1.1259196588030815,2,0
synthetic_product,0.5,0.5,0.5,100.0,0.8609948730906324,2,1
synthetic_product,0.5,0.5,0.5,100.0,0.6200251280238152,1,0
synthetic_product,0.5,0.5,0.5,100.0,0.689280281321645,2,1
synthetic_product,0.5,0.5,0.5,100.0,0.46886071047951455,2,1
synthetic_product,0.5,0.5,0.5,100.0,1.0137396994226766,2,1
synthetic_product,0.5,0.5,0.5,100.0,0.6794929169804224,2,0
synthetic_product,0.5,0.5,0.5,100.0,0.4439225941589783,3,1
synthetic_product,0.5,0.5,0.5,100.0,0.4960579411613034,3,1
synthetic_product,0.5,0.5,0.5,100.0,0.5970741587632452,1,0
synthetic_product,0.5,0.5,0.5,100.0,0.8462859914997856,1,0
synthetic_product,0.5,0.5,0.5,100.0,0.27096508361380606,2,1
synthetic_product,0.5,0.5,0.5,100.0,0.680295320962516,2,0
synthetic_product,0.5,0.5,0.5,100.0,1.0329932107597648,3,1
synthetic_product,0.5,0.5,0.5,100.0,0.17905181336215342,1,0
synthetic_product,0.5,0.5,0.5,100.0,0.4819416451498122,3,1
synthetic_product,0.5,0.5,0.5,100.0,0.9291770700839633,3,1
synthetic_product,0.5,0.5,0.5,100.0,0.2227273144823552,2,1
synthetic_product,0.5,0.5,0.5,100.0,0.3060360288244018,1,0
synthetic_product,0.5,0.5,0.5,100.0,0.4334339617889417,2,1
synthetic_product,0.5,0.5,0.5,100.0,0.3431994710176717,3,0
synthetic_product,0.5,0.5,0.5,100.0,0.4288078289269978,1,0
synthetic_product,0.5,0.5,0.5,100.0,0.9275508410211655,1,1
synthetic_product,0.5,0.5,0.5,100.0,0.2614685939491347,2,1
synthetic_product,0.5,0.5,0.5,100.0,1.136343227579378,3,0
synthetic_product,0.5,0.5,0.5,100.0,0.7317826071874232,2,1
synthetic_product,0.5,0.5,0.5,100.0,0.4662814877303702,2,1
synthetic_product,0.5,0.5,0.5,100.0,0.8550627557386656,1,0
synthetic_product,0.5,0.5,0.5,100.0,0.5400867819623465,1,1
synthetic_product,0.5,0.5,0.5,100.0,0.7443901318991228,2,1
synthetic_product,0.5,0.5,0.5,100.0,0.5187938945622387,2,1
synthetic_product,0.5,0.5,0.5,100.0,0.27326431946690355,2,1
synthetic_product,0.5,0.5,0.5,100.0,1.101064755021672,3,1
synthetic_product,0.5,0.5,0.5,100.0,0.7228106989004387,1,0
synthetic_product,0.5,0.5,0.5,100.0,0.8996928148233752,2,1
synthetic_product,0.5,0.5,0.5,100.0,0.7610528127156909,1,0
synthetic_product,0.5,0.5,0.5,100.0,1.0363759645738493,3,0
synthetic_product,0.5,0.5,0.5,100.0,0.5398281260372185,3,0
synthetic_product,0.5,0.5,0.5,100.0,1.0630031257782222,3,0
synthetic_product,0.5,0.5,0.5,100.0,0.5388949623677649,3,0
synthetic_product,0.5,0.5,0.5,100.0,0.5836386237518841,2,1
synthetic_product,0.5,0.5,0.5,100.0,0.5723798475000915,1,1
synthetic_product,0.5,0.5,0.5,100.0,0.6006029709881948,1,0
synthetic_product,0.5,0.5,0.5,100.0,0.767443398186319,3,1
synthetic_product,0.5,0.5,0.5,100.0,0.505591287371303,2,1
synthetic_product,0.5,0.5,0.5,100.0,1.034584306959143,2,0
synthetic_product,0.5,0.5,0.5,100.0,0.9467788708738841,3,0
synthetic_product,0.5,0.5,0.5,100.0,0.9868427305855888,1,0
synthetic_product,0.5,0.5,0.5,100.0,1.0584399918603467,3,0
synthetic_product,0.5,0.5,0.5,100.0,0.9789180558928086,1,1
synthetic_product,0.5,0.5,0.5,100.0,0.6415858747535735,1,1
synthetic_product,0.5,0.5,0.5,100.0,0.8353450917555607,2,0
synthetic_product,0.5,0.5,0.5,100.0,0.5804758615002358,1,1
synthetic_product,0.5,0.5,0.5,100.0,0.17112079983772732,1,1
synthetic_product,0.5,0.5,0.5,100.0,0.4967313907766787,1,1
synthetic_product,0.5,0.5,0.5,100.0,0.9463890770804015,1,0
synthetic_product,0.5,0.5,0.5,100.0,0.33198517476274286,2,1
synthetic_product,0.5,0.5,0.5,100.0,1.0039179418274622,2,1
synthetic_product,0.5,0.5,0.5,100.0,0.8271075467647385,2,0
synthetic_product,0.5,0.5,0.5,100.0,0.6130560310768676,1,1
synthetic_product,0.5,0.5,0.5,100.0,0.5724945316007826,3,1
synthetic_product,0.5,0.5,0.5,100.0,0.7763696322166572,3,0
synthetic_product,0.5,0.5,0.5,100.0,0.9016563754040016,1,0
synthetic_product,0.5,0.5,0.5,100.0,0.37836706844274537,2,1
synthetic_product,0.5,0.5,0.5,100.0,0.8593316831246623,3,1
synthetic_product,0.5,0.5,0.5,100.0,0.4969644653530507,2,1
synthetic_product,0.5,0.5,0.5,100.0,0.9947033404384407,3,1
synthetic_product,0.5,0.5,0.5,100.0,0.7127035461266125,1,0
synthetic_product,0.5,0.5,0.5,100.0,0.5869633033600341,2,0
synthetic_product,0.5,0.5,0.5,100.0,0.8803497895981565,2,1
synthetic_product,0.5,0.5,0.5,100.0,0.9536665324265947,2,0
synthetic_product,0.5,0.5,0.5,100.0,0.4143036012792487,2,0
synthetic_product,0.5,0.5,0.5,100.0,0.3371515823315668,1,1
synthetic_product,0.5,0.5,0.5,100.0,0.5899497750837871,1,0
synthetic_product,0.5,0.5,0.5,100.0,0.9015084214716624,2,0
synthetic_product,0.5,0.5,0.5,100.0,0.8800708314177716,2,0
synthetic_product,0.5,0.5,0.5,100.0,0.42481757813254645,3,1
synthetic_product,0.5,0.5,0.5,100.0,1.0143718826685388,1,0
synthetic_product,0.5,0.5,0.5,100.0,1.143301999426565,2,0
synthetic_product,0.5,0.5,0.5,100.0,0.11285588149393716,1,0
synthetic_product,0.5,0.5,0.5,100.0,0.8679030582384479,1,0
synthetic_product,0.5,0.5,0.5,100.0,0.4512169291346167,1,0
synthetic_product,0.5,0.5,0.5,100.0,0.7207142440864787,1,0
synthetic_product,0.5,0.5,0.5,100.0,0.31046558200730623,1,0
synthetic_product,0.5,0.5,0.5,100.0,0.2971081115751196,3,1
synthetic_product,0.5,0.5,0.5,100.0,0.5551917623302588,3,0
synthetic_product,0.5,0.5,0.5,100.0,0.8491878577005245,3,0
synthetic_product,0.5,0.5,0.5,100.0,0.4162093341052523,1,0
synthetic_product,0.5,0.5,0.5,100.0,0.6552436957479466,1,0
synthetic_product,0.5,0.5,0.5,100.0,0.6007458783875138,1,1
synthetic_product,0.5,0.5,0.5,100.0,0.3659288856586499,3,1
synthetic_product,0.5,0.5,0.5,100.0,0.6656416351461953,2,0
synthetic_product,0.5,0.5,0.5,100.0,0.9155892483743822,2,0
synthetic_product,0.5,0.5,0.5,100.0,0.39506616160987523,3,1
synthetic_product,0.5,0.5,0.5,100.0,0.4578636431151102,1,1
synthetic_product,0.5,0.5,0.5,100.0,0.594928718952813,1,1
synthetic_product,0.5,0.5,0.5,100.0,0.5147360534471794,1,0
synthetic_product,0.5,0.5,0.5,100.0,0.810534122846715,3,1
synthetic_product,0.5,0.5,0.5,100.0,0.5918859727226193,2,0
synthetic_product,0.5,0.5,0.5,100.0,0.3694714346623378,2,1
synthetic_product,0.5,0.5,0.5,100.0,0.4576509516818698,2,1
synthetic_product,0.5,0.5,0.5,100.0,1.0225556209834146,2,0
synthetic_product,0.5,0.5,0.5,100.0,0.5660613646161522,3,1
synthetic_product,0.5,0.5,0.5,100.0,0.48203573839251357,2,1
synthetic_product,0.5,0.5,0.5,100.0,0.6037180836222594,2,1
synthetic_product,0.5,0.5,0.5,100.0,0.667457572006293,1,1
synthetic_product,0.5,0.5,0.5,100.0,0.9320994751849702,3,1
synthetic_product,0.5,0.5,0.5,100.0,0.577487689886335,1,1
synthetic_product,0.5,0.5,0.5,100.0,0.6376512541759422,2,1
synthetic_product,0.5,0.5,0.5,100.0,0.7029067428125182,3,0
synthetic_product,0.5,0.5,0.5,100.0,0.5376894677990243,2,1
synthetic_product,0.5,0.5,0.5,100.0,0.1978232227218893,2,1
synthetic_product,0.5,0.5,0.5,100.0,0.7000934713703799,2,0
synthetic_product,0.5,0.5,0.5,100.0,0.45518185592014354,1,1
synthetic_product,0.5,0.5,0.5,100.0,0.6652150271863212,2,1
synthetic_product,0.5,0.5,0.5,100.0,0.21254809825078563,2,1
synthetic_product,0.5,0.5,0.5,100.0,0.41149983322824535,3,1
synthetic_product,0.5,0.5,0.5,100.0,1.0827138168341501,2,1
synthetic_product,0.5,0.5,0.5,100.0,0.24780618547178196,1,1
synthetic_product,0.5,0.5,0.5,100.0,0.7155033170918274,2,1
synthetic_product,0.5,0.5,0.5,100.0,0.5117730379308765,1,1
synthetic_product,0.5,0.5,0.5,100.0,0.35112698060575703,1,1
synthetic_product,0.5,0.5,0.5,100.0,0.9598304014215628,2,0
synthetic_product,0.5,0.5,0.5,100.0,0.8020456742726936,1,1
synthetic_product,0.5,0.5,0.5,100.0,0.34197896229051106,3,1
synthetic_product,0.5,0.5,0.5,100.0,0.9021325566844578,2,1
synthetic_product,0.5,0.5,0.5,100.0,1.0387527082935057,3,1
synthetic_product,0.5,0.5,0.5,100.0,0.5400390109089249,1,1
synthetic_product,0.5,0.5,0.5,100.0,0.605112848726546,3,1
synthetic_product,0.5,0.5,0.5,100.0,0.5243842605210939,2,1
synthetic_product,0.5,0.5,0.5,100.0,0.5265311113993056,3,1
synthetic_product,0.5,0.5,0.5,100.0,0.659683168827542,1,0
synthetic_product,0.5,0.5,0.5,100.0,0.24025762330669262,2,1
synthetic_product,0.5,0.5,0.5,100.0,0.5536467764702473,1,1
synthetic_product,0.5,0.5,0.5,100.0,0.2463250758741958,2,1
synthetic_product,0.5,0.5,0.5,100.0,0.5547076475041723,1,0
synthetic_product,0.5,0.5,0.5,100.0,1.0536071392335962,3,1
synthetic_product,0.5,0.5,0.5,100.0,0.618630749696152,2,0
synthetic_product,0.5,0.5,0.5,100.0,0.6069516183375866,2,1
synthetic_product,0.5,0.5,0.5,100.0,0.4436006987332325,3,1
synthetic_product,0.5,0.5,0.5,100.0,0.7493641829731831,2,1
synthetic_product,0.5,0.5,0.5,100.0,1.0313169751984828,2,0
synthetic_product,0.5,0.5,0.5,100.0,0.9994893069003623,3,1
synthetic_product,0.5,0.5,0.5,100.0,0.7956417131553388,2,0
synthetic_product,0.5,0.5,0.5,100.0,0.6697218644989298,2,0
synthetic_product,0.5,0.5,0.5,100.0,0.8018938805693355,2,1
synthetic_product,0.5,0.5,0.5,100.0,0.8077961420165121,2,1
synthetic_product,0.5,0.5,0.5,100.0,0.9582247988553505,1,0
synthetic_product,0.5,0.5,0.5,100.0,0.31167083327632245,1,1
synthetic_product,0.5,0.5,0.5,100.0,0.4108667526706056,2,0
synthetic_product,0.5,0.5,0.5,100.0,0.7311954342106147,2,1
synthetic_product,0.5,0.5,0.5,100.0,0.37736796594880917,2,1
synthetic_product,0.5,0.5,0.5,100.0,0.6334054570467047,3,1
synthetic_product,0.5,0.5,0.5,100.0,0.45593528359512836,1,0
synthetic_product,0.5,0.5,0.5,100.0,0.8137156978211314,1,0
synthetic_product,0.5,0.5,0.5,100.0,0.30518182114044246,1,1
synthetic_product,0.5,0.5,0.5,100.0,0.3637569256826477,2,1
synthetic_product,0.5,0.5,0.5,100.0,0.17484656501785462,1,1
synthetic_product,0.5,0.5,0.5,100.0,0.7751374048073936,2,0
synthetic_product,0.5,0.5,0.5,100.0,0.8581975678597824,2,0
synthetic_product,0.5,0.5,0.5,100.0,0.91327418860941,2,0
synthetic_product,0.5,0.5,0.5,100.0,0.5809068526479179,3,0
synthetic_product,0.5,0.5,0.5,100.0,0.6142367287083026,3,1
synthetic_product,0.5,0.5,0.5,100.0,0.9688313440093531,3,0
synthetic_product,0.5,0.5,0.5,100.0,0.8912178351362905,3,0
synthetic_product,0.5,0.5,0.5,100.0,0.82278225178649,1,1
synthetic_product,0.5,0.5,0.5,100.0,0.5937599300631996,1,1
synthetic_product,0.5,0.5,0.5,100.0,0.5915035970301413,1,1
synthetic_product,0.5,0.5,0.5,100.0,1.0021519598249182,2,1
synthetic_product,0.5,0.5,0.5,100.0,0.5546364609280114,1,0
synthetic_product,0.5,0.5,0.5,100.0,0.913351179727823,3,1
synthetic_product,0.5,0.5,0.5,100.0,0.8511105613676109,1,0
synthetic_product,0.5,0.5,0.5,100.0,0.09196810104764006,1,1
synthetic_product,0.5,0.5,0.5,100.0,1.044723512931927,2,1
synthetic_product,0.5,0.5,0.5,100.0,0.864399693222577,2,0
synthetic_product,0.5,0.5,0.5,100.0,0.7621261759762721,1,0
synthetic_product,0.5,0.5,0.5,100.0,0.2985236751282365,2,1
synthetic_product,0.5,0.5,0.5,100.0,0.5530592218437609,2,1
synthetic_product,0.5,0.5,0.5,100.0,0.8529543435158181,3,1
synthetic_product,0.5,0.5,0.5,100.0,0.6579495249081101,3,1
synthetic_product,0.5,0.5,0.5,100.0,0.5965672627949296,1,0
synthetic_product,0.5,0.5,0.5,100.0,0.468331197950645,2,1
synthetic_product,0.5,0.5,0.5,100.0,0.5516667778910745,2,0
synthetic_product,0.5,0.5,0.5,100.0,0.6298085594796885,1,1
synthetic_product,0.5,0.5,0.5,100.0,0.2514025625204931,2,0
synthetic_product,0.5,0.5,0.5,100.0,0.5834934004561988,3,1
synthetic_product,0.5,0.5,0.5,100.0,0.5930427778129159,2,0
synthetic_product,0.5,0.5,0.5,100.0,0.6097838321648936,1,1
synthetic_product,0.5,0.5,0.5,100.0,0.7216805141665992,3,0
synthetic_product,0.5,0.5,0.5,100.0,0.9567353722298721,2,0
synthetic_product,0.5,0.5,0.5,100.0,0.7631540039462421,2,1
synthetic_product,0.5,0.5,0.5,100.0,0.3260009407335483,2,1
synthetic_product,0.5,0.5,0.5,100.0,0.3724212669428427,2,1
synthetic_product,0.5,0.5,0.5,100.0,0.8285731163102847,1,0
synthetic_product,0.5,0.5,0.5,100.0,0.29998247371379755,1,1
synthetic_product,0.5,0.5,0.5,100.0,0.24034651325590553,1,1
synthetic_product,0.5,0.5,0.5,100.0,1.0689219008281672,2,1
synthetic_product,0.5,0.5,0.5,100.0,0.6402998252447605,1,0
synthetic_product,0.5,0.5,0.5,100.0,0.9087661783804122,2,1
synthetic_product,0.5,0.5,0.5,100.0,1.041950917103159,2,1
synthetic_product,0.5,0.5,0.5,100.0,0.2622061266556229,2,0
synthetic_product,0.5,0.5,0.5,100.0,0.7640286517960647,1,0
synthetic_product,0.5,0.5,0.5,100.0,0.4429625695670293,3,1
synthetic_product,0.5,0.5,0.5,100.0,0.4000686405790744,2,1
synthetic_product,0.5,0.5,0.5,100.0,0.5046703291857182,2,0
synthetic_product,0.5,0.5,0.5,100.0,1.1508856864476393,3,0
synthetic_product,0.5,0.5,0.5,100.0,0.933980232189007,3,0
synthetic_product,0.5,0.5,0.5,100.0,0.2155121028677819,2,0
synthetic_product,0.5,0.5,0.5,100.0,0.4687134826687674,2,1
synthetic_product,0.5,0.5,0.5,100.0,1.0004160698174203,3,0
synthetic_product,0.5,0.5,0.5,100.0,0.4976761848803115,2,1
synthetic_product,0.5,0.5,0.5,100.0,0.9057400041102787,2,0
synthetic_product,0.5,0.5,0.5,100.0,0.6731126866487205,3,1
synthetic_product,0.5,0.5,0.5,100.0,0.4295735928794964,1,0
synthetic_product,0.5,0.5,0.5,100.0,0.46491949756933554,3,1
synthetic_product,0.5,0.5,0.5,100.0,0.20444429650883778,1,1
synthetic_product,0.5,0.5,0.5,100.0,0.42367281845300714,1,1
synthetic_product,0.5,0.5,0.5,100.0,0.9135147506322937,1,0
synthetic_product,0.5,0.5,0.5,100.0,0.6512766749937738,2,0
synthetic_product,0.5,0.5,0.5,100.0,0.7292691445440707,2,0
synthetic_product,0.5,0.5,0.5,100.0,0.4140747997149428,2,1
synthetic_product,0.5,0.5,0.5,100.0,0.6419548174913452,1,0
synthetic_product,0.5,0.5,0.5,100.0,0.8523512711841373,2,0
synthetic_product,0.5,0.5,0.5,100.0,0.7543359719514255,2,1
synthetic_product,0.5,0.5,0.5,100.0,0.40177343247449665,2,1
synthetic_product,0.5,0.5,0.5,100.0,0.8630078599101898,2,1
synthetic_product,0.5,0.5,0.5,100.0,0.7714243595664988,3,1
synthetic_product,0.5,0.5,0.5,100.0,0.6645667882875761,2,0
synthetic_product,0.5,0.5,0.5,100.0,0.8898024667623776,1,0
synthetic_product,0.5,0.5,0.5,100.0,0.7919141460121591,2,0
synthetic_product,0.5,0.5,0.5,100.0,0.3920065291806702,3,0
synthetic_product,0.5,0.5,0.5,100.0,0.8406036761598825,2,1
synthetic_product,0.5,0.5,0.5,100.0,0.8910080217840409,3,0
synthetic_product,0.5,0.5,0.5,100.0,0.7371043792599833,1,0
synthetic_product,0.5,0.5,0.5,100.0,0.7289860470893804,2,1
synthetic_product,0.5,0.5,0.5,100.0,0.48255789814361966,3,1
synthetic_product,0.5,0.5,0.5,100.0,0.9625774571551166,2,1
synthetic_product,0.5,0.5,0.5,100.0,0.38204187078968893,1,1
synthetic_product,0.5,0.5,0.5,100.0,0.9178028087722827,2,0
synthetic_product,0.5,0.5,0.5,100.0,0.737769772884585,3,1
synthetic_product,0.5,0.5,0.5,100.0,0.2646705204877753,2,1
synthetic_product,0.5,0.5,0.5,100.0,0.44517977156999416,1,1
synthetic_product,0.5,0.5,0.5,100.0,0.6104360943418967,1,0
synthetic_product,0.5,0.5,0.5,100.0,0.9025331145838253,3,1
synthetic_product,0.5,0.5,0.5,100.0,0.5993527838742194,1,1
synthetic_product,0.5,0.5,0.5,100.0,0.44552462837939083,3,1
synthetic_product,0.5,0.5,0.5,100.0,0.6597344520467383,2,1
synthetic_product,0.5,0.5,0.5,100.0,0.5496705179805951,2,0
synthetic_product,0.5,0.5,0.5,100.0,0.8693530333866439,2,0
synthetic_product,0.5,0.5,0.5,100.0,0.5447652691931693,2,0
synthetic_product,0.5,0.5,0.5,100.0,0.8009759308425771,2,1
synthetic_product,0.5,0.5,0.5,100.0,0.6585122773587675,2,0
synthetic_product,0.5,0.5,0.5,100.0,0.5163550885909555,2,1
synthetic_product,0.5,0.5,0.5,100.0,0.6758210240059902,2,1
synthetic_product,0.5,0.5,0.5,100.0,0.8820159262601572,2,0
synthetic_product,0.5,0.5,0.5,100.0,0.4184370511840654,1,1
synthetic_product,0.5,0.5,0.5,100.0,0.7567317612879976,2,1
synthetic_product,0.5,0.5,0.5,100.0,0.2522555480138418,1,1
synthetic_product,0.5,0.5,0.5,100.0,0.2589036264082769,2,1
synthetic_product,0.5,0.5,0.5,100.0,1.0291367022121287,1,1
synthetic_product,0.5,0.5,0.5,100.0,0.5893217838573196,3,0
synthetic_product,0.5,0.5,0.5,100.0,0.9945162870407005,3,1
synthetic_product,0.5,0.5,0.5,100.0,0.988463120194509,3,0
synthetic_product,0.5,0.5,0.5,100.0,0.4729971659208432,2,1
synthetic_product,0.5,0.5,0.5,100.0,0.8027210825068384,1,1
synthetic_product,0.5,0.5,0.5,100.0,0.2722904294651526,1,1
synthetic_product,0.5,0.5,0.5,100.0,0.6614339491059847,1,0
synthetic_product,0.5,0.5,0.5,100.0,0.7565052130456597,1,0
synthetic_product,0.5,0.5,0.5,100.0,0.9512696605702352,2,1
synthetic_product,0.5,0.5,0.5,100.0,0.8586498145434251,3,0
synthetic_product,0.5,0.5,0.5,100.0,0.26714379407183764,2,0
synthetic_product,0.5,0.5,0.5,100.0,0.7190181736163719,2,1
synthetic_product,0.5,0.5,0.5,100.0,0.9760550772051015,1,1
synthetic_product,0.5,0.5,0.5,100.0,0.5387283312789629,2,0
synthetic_product,0.5,0.5,0.5,100.0,0.4733536298362544,1,1
synthetic_product,0.5,0.5,0.5,100.0,0.3833996152179814,2,0
synthetic_product,0.5,0.5,0.5,100.0,0.5396214133252206,3,1
synthetic_product,0.5,0.5,0.5,100.0,0.7684716696217077,2,1
synthetic_product,0.5,0.5,0.5,100.0,1.0678772863574024,2,0
synthetic_product,0.5,0.5,0.5,100.0,0.6275769104880013,1,1
synthetic_product,0.5,0.5,0.5,100.0,1.0648260479565548,2,0
synthetic_product,0.5,0.5,0.5,100.0,0.6203243522945875,3,0
synthetic_product,0.5,0.5,0.5,100.0,0.3910376165647833,2,0
synthetic_product,0.5,0.5,0.5,100.0,0.8584216886310774,2,0
synthetic_product,0.5,0.5,0.5,100.0,0.464874775340998,2,1
synthetic_product,0.5,0.5,0.5,100.0,0.5561230971028495,1,1
synthetic_product,0.5,0.5,0.5,100.0,0.8186837520080983,1,1
synthetic_product,0.5,0.5,0.5,100.0,0.5955831465582533,2,0
synthetic_product,0.5,0.5,0.5,100.0,0.6919526412035242,1,1
synthetic_product,0.5,0.5,0.5,100.0,0.5575789573750413,2,0
synthetic_product,0.5,0.5,0.5,100.0,0.858805226072708,3,0
synthetic_product,0.5,0.5,0.5,100.0,0.5873240198305597,2,1
synthetic_product,0.5,0.5,0.5,100.0,0.32597021874153537,2,1
synthetic_product,0.5,0.5,0.5,100.0,0.8338291001430526,2,1
synthetic_product,0.5,0.5,0.5,100.0,0.6331766784958056,2,0
synthetic_product,0.5,0.5,0.5,100.0,0.4526400950455307,2,1
synthetic_product,0.5,0.5,0.5,100.0,0.8830752150475458,2,0
synthetic_product,0.5,0.5,0.5,100.0,0.7395320088295613,3,0
synthetic_product,0.5,0.5,0.5,100.0,0.4269743338992946,3,1
synthetic_product,0.5,0.5,0.5,100.0,0.7398044377774619,2,0
synthetic_product,0.5,0.5,0.5,100.0,0.646774501833304,2,0
synthetic_product,0.5,0.5,0.5,100.0,0.4705541922238065,1,0
synthetic_product,0.5,0.5,0.5,100.0,0.5071235262719116,1,0
synthetic_product,0.5,0.5,0.5,100.0,0.40041958139553835,3,1
synthetic_product,0.5,0.5,0.5,100.0,0.6174781279305153,1,1
synthetic_product,0.5,0.5,0.5,100.0,0.9154445745886955,3,0
synthetic_product,0.5,0.5,0.5,100.0,0.6778784454486663,1,0
synthetic_product,0.5,0.5,0.5,100.0,1.0129906967206295,3,1
synthetic_product,0.5,0.5,0.5,100.0,0.47932796172541053,1,1
synthetic_product,0.5,0.5,0.5,100.0,1.175961896309585,2,0
synthetic_product,0.5,0.5,0.5,100.0,0.7005240755486757,1,0
synthetic_product,0.5,0.5,0.5,100.0,0.6293624344885926,2,1
synthetic_product,0.5,0.5,0.5,100.0,0.6953730582135607,2,0
synthetic_product,0.5,0.5,0.5,100.0,0.32593242507452014,1,0
synthetic_product,0.5,0.5,0.5,100.0,0.5813493992966396,1,0
synthetic_product,0.5,0.5,0.5,100.0,0.6790485472488282,2,1
synthetic_product,0.5,0.5,0.5,100.0,0.6486106431067699,1,1
synthetic_product,0.5,0.5,0.5,100.0,0.5757635865317722,2,1
synthetic_product,0.5,0.5,0.5,100.0,0.7930935154702907,1,0
synthetic_product,0.5,0.5,0.5,100.0,0.9699272357941913,1,0
synthetic_product,0.5,0.5,0.5,100.0,0.741680997980853,1,0
synthetic_product,0.5,0.5,0.5,100.0,0.18689569345019674,1,0
synthetic_product,0.5,0.5,0.5,100.0,0.9439646121477765,2,1
synthetic_product,0.5,0.5,0.5,100.0,0.7873366532053273,1,1
synthetic_product,0.5,0.5,0.5,100.0,0.34395941432061605,1,1
synthetic_product,0.5,0.5,0.5,100.0,0.6643490179952802,1,0
synthetic_product,0.5,0.5,0.5,100.0,0.44350738290954084,1,0
synthetic_product,0.5,0.5,0.5,100.0,0.9667701570564198,3,1
synthetic_product,0.5,0.5,0.5,100.0,1.0625571311955975,2,0
synthetic_product,0.5,0.5,0.5,100.0,0.8145045293114703,1,0
synthetic_product,0.5,0.5,0.5,100.0,0.4981459888741273,1,1
synthetic_product,0.5,0.5,0.5,100.0,0.48773221910671744,3,1
synthetic_product,0.5,0.5,0.5,100.0,0.7351618407137344,2,1
synthetic_product,0.5,0.5,0.5,100.0,0.7429773733988421,1,0
synthetic_product,0.5,0.5,0.5,100.0,1.0481199557664644,3,0
synthetic_product,0.5,0.5,0.5,100.0,0.7051144035919912,1,1
synthetic_product,0.5,0.5,0.5,100.0,1.0130774357587373,3,0
synthetic_product,0.5,0.5,0.5,100.0,0.6120952716615188,2,0
synthetic_product,0.5,0.5,0.5,100.0,0.67892452912501,3,0
synthetic_product,0.5,0.5,0.5,100.0,0.44152198221057803,1,0
synthetic_product,0.5,0.5,0.5,100.0,0.38562101475553745,3,1
synthetic_product,0.5,0.5,0.5,100.0,1.0026702039605575,3,1
synthetic_product,0.5,0.5,0.5,100.0,0.6155168648909081,2,1
synthetic_product,0.5,0.5,0.5,100.0,0.5972050823472758,1,1
synthetic_product,0.5,0.5,0.5,100.0,0.3916818881256249,1,0
synthetic_product,0.5,0.5,0.5,100.0,0.6349422010158946,2,0
synthetic_product,0.5,0.5,0.5,100.0,0.8524861324538267,1,0
synthetic_product,0.5,0.5,0.5,100.0,0.591339848586472,1,0
synthetic_product,0.5,0.5,0.5,100.0,0.18777062402800457,2,1
synthetic_product,0.5,0.5,0.5,100.0,0.3270227300932644,2,0
synthetic_product,0.5,0.5,0.5,100.0,0.6922249011855777,3,1
synthetic_product,0.5,0.5,0.5,100.0,0.3128106466508005,1,1
synthetic_product,0.5,0.5,0.5,100.0,1.1038019112574735,2,1
synthetic_product,0.5,0.5,0.5,100.0,0.3931842216126319,1,0
synthetic_product,0.5,0.5,0.5,100.0,0.4554848534980859,2,1
synthetic_product,0.5,0.5,0.5,100.0,0.8655660523690658,3,0
synthetic_product,0.5,0.5,0.5,100.0,0.8864880087998678,1,1
synthetic_product,0.5,0.5,0.5,100.0,0.702400102998297,1,1
synthetic_product,0.5,0.5,0.5,100.0,0.6951714509397956,2,1
synthetic_product,0.5,0.5,0.5,100.0,0.9353545573353828,1,1
synthetic_product,0.5,0.5,0.5,100.0,0.8295340170808684,2,0
synthetic_product,0.5,0.5,0.5,100.0,0.5321912345340419,2,1
synthetic_product,0.5,0.5,0.5,100.0,0.8599976679608468,3,1
synthetic_product,0.5,0.5,0.5,100.0,0.45581799638744647,3,1
synthetic_product,0.5,0.5,0.5,100.0,0.5908959598386969,2,0
synthetic_product,0.5,0.5,0.5,100.0,0.5444503904881148,2,0
synthetic_product,0.5,0.5,0.5,100.0,0.51645233058631,1,0
synthetic_product,0.5,0.5,0.5,100.0,0.6243682105085105,3,1
synthetic_product,0.5,0.5,0.5,100.0,0.9034716953628662,3,0
synthetic_product,0.5,0.5,0.5,100.0,0.5172846802791156,2,0
synthetic_product,0.5,0.5,0.5,100.0,1.0091598744841166,2,0
synthetic_product,0.5,0.5,0.5,100.0,0.7826504926937372,2,0
synthetic_product,0.5,0.5,0.5,100.0,0.5258929613907948,1,0
synthetic_product,0.5,0.5,0.5,100.0,0.7077283602774604,3,0
synthetic_product,0.5,0.5,0.5,100.0,0.39641333436284143,3,1
synthetic_product,0.5,0.5,0.5,100.0,0.5763871634174096,1,1
synthetic_product,0.5,0.5,0.5,100.0,0.6182743925589316,2,1
synthetic_product,0.5,0.5,0.5,100.0,0.9161040201682928,1,1
synthetic_product,0.5,0.5,0.5,100.0,0.8259790281469603,1,1
synthetic_product,0.5,0.5,0.5,100.0,0.39103467136111913,1,1
synthetic_product,0.5,0.5,0.5,100.0,0.6683856671840026,2,0
synthetic_product,0.5,0.5,0.5,100.0,0.4857005068198266,1,1
synthetic_product,0.5,0.5,0.5,100.0,0.7544440560387344,3,1
synthetic_product,0.5,0.5,0.5,100.0,0.5434100522497719,1,0
synthetic_product,0.5,0.5,0.5,100.0,1.0511958946157651,3,0
synthetic_product,0.5,0.5,0.5,100.0,0.6711387544407529,1,1
synthetic_product,0.5,0.5,0.5,100.0,0.3396927746254352,1,0
synthetic_product,0.5,0.5,0.5,100.0,0.4507796606122805,1,0
synthetic_product,0.5,0.5,0.5,100.0,0.8467471089021639,1,1
synthetic_product,0.5,0.5,0.5,100.0,1.1260915458165421,3,0
synthetic_product,0.5,0.5,0.5,100.0,0.5944781871998616,2,0
synthetic_product,0.5,0.5,0.5,100.0,0.41945120484365694,1,0
synthetic_product,0.5,0.5,0.5,100.0,0.8197547079350508,3,1
synthetic_product,0.5,0.5,0.5,100.0,1.1026434763895667,2,1
synthetic_product,0.5,0.5,0.5,100.0,1.1631439740779441,2,1
synthetic_product,0.5,0.5,0.5,100.0,0.3361127190198699,2,1
synthetic_product,0.5,0.5,0.5,100.0,0.3164129268207219,3,1
synthetic_product,0.5,0.5,0.5,100.0,0.14541220481105419,1,1
synthetic_product,0.5,0.5,0.5,100.0,0.8041796797647011,2,0
synthetic_product,0.5,0.5,0.5,100.0,0.5908928304669417,1,1
synthetic_product,0.5,0.5,0.5,100.0,0.9911245863462155,2,0
synthetic_product,0.5,0.5,0.5,100.0,0.6170131010406973,2,1
synthetic_product,0.5,0.5,0.5,100.0,0.5569353232840301,1,0
synthetic_product,0.5,0.5,0.5,100.0,0.6114765768546344,3,1
synthetic_product,0.5,0.5,0.5,100.0,0.6954414842462907,3,0
synthetic_product,0.5,0.5,0.5,100.0,0.8736488882371274,3,1
synthetic_product,0.5,0.5,0.5,100.0,0.5148575990881645,1,1
synthetic_product,0.5,0.5,0.5,100.0,0.6524631985718632,2,1
synthetic_product,0.5,0.5,0.5,100.0,0.8513225606130975,3,0
synthetic_product,0.5,0.5,0.5,100.0,0.5477428936658318,2,0
synthetic_product,0.5,0.5,0.5,100.0,0.2653637736247631,2,1
synthetic_product,0.5,0.5,0.5,100.0,0.9232502693817133,3,1
synthetic_product,0.5,0.5,0.5,100.0,1.020014178428818,3,0
synthetic_product,0.5,0.5,0.5,100.0,0.38715812835260666,2,0
synthetic_product,0.5,0.5,0.5,100.0,0.8330730214841802,2,0
synthetic_product,0.5,0.5,0.5,100.0,0.38291205829831265,3,1
synthetic_product,0.5,0.5,0.5,100.0,0.6675840134393236,3,1
synthetic_product,0.5,0.5,0.5,100.0,0.328164184136711,1,1
synthetic_product,0.5,0.5,0.5,100.0,0.41934108415698074,1,1
synthetic_product,0.5,0.5,0.5,100.0,0.6253259573375746,3,0
synthetic_product,0.5,0.5,0.5,100.0,0.18470139691638338,1,0
synthetic_product,0.5,0.5,0.5,100.0,0.5191079632101299,2,1
synthetic_product,0.5,0.5,0.5,100.0,0.9314128122604735,2,0
synthetic_product,0.5,0.5,0.5,100.0,0.42791561469012296,2,1
synthetic_product,0.5,0.5,0.5,100.0,0.9443155539104354,2,0
synthetic_product,0.5,0.5,0.5,100.0,0.909342055450687,1,1
synthetic_product,0.5,0.5,0.5,100.0,0.2127722703368996,2,1
synthetic_product,0.5,0.5,0.5,100.0,0.5217077864476708,2,1
synthetic_product,0.5,0.5,0.5,100.0,0.7183651543148873,1,1
synthetic_product,0.5,0.5,0.5,100.0,0.3936758546180764,1,1
synthetic_product,0.5,0.5,0.5,100.0,0.6125967534118683,2,1
synthetic_product,0.5,0.5,0.5,100.0,0.9203984918875475,2,0
synthetic_product,0.5,0.5,0.5,100.0,0.7917999815415241,1,0
synthetic_product,0.5,0.5,0.5,100.0,1.042674645139621,2,1
synthetic_product,0.5,0.5,0.5,100.0,0.8273606677791115,3,1
synthetic_product,0.5,0.5,0.5,100.0,0.38871142302548173,1,0
synthetic_product,0.5,0.5,0.5,100.0,0.562411355524872,3,1
synthetic_product,0.5,0.5,0.5,100.0,0.8114445484935474,2,0
synthetic_product,0.5,0.5,0.5,100.0,1.1692052718771286,2,0
synthetic_product,0.5,0.5,0.5,100.0,0.4971206535961635,1,0
synthetic_product,0.5,0.5,0.5,100.0,0.5434017838119095,2,1
synthetic_product,0.5,0.5,0.5,100.0,0.5719824177278984,3,1
synthetic_product,0.5,0.5,0.5,100.0,0.3297267967841437,2,1
synthetic_product,0.5,0.5,0.5,100.0,0.14040359401314312,1,0
synthetic_product,0.5,0.5,0.5,100.0,0.8608875377845571,1,1
synthetic_product,0.5,0.5,0.5,100.0,0.48320992255694295,2,1
synthetic_product,0.5,0.5,0.5,100.0,0.5782625658448947,2,1
synthetic_product,0.5,0.5,0.5,100.0,0.3759950147262927,1,0
synthetic_product,0.5,0.5,0.5,100.0,0.7303264674845982,1,1
synthetic_product,0.5,0.5,0.5,100.0,0.6747496232917235,3,0
synthetic_product,0.5,0.5,0.5,100.0,0.6704374446321658,2,0
synthetic_product,0.5,0.5,0.5,100.0,0.6890769872118762,1,0
synthetic_product,0.5,0.5,0.5,100.0,0.8624931870633195,1,0
synthetic_product,0.5,0.5,0.5,100.0,0.40324043649118296,2,0
synthetic_product,0.5,0.5,0.5,100.0,0.2812724603313159,1,1
synthetic_product,0.5,0.5,0.5,100.0,0.3675511071033245,2,1
synthetic_product,0.5,0.5,0.5,100.0,0.8812726354700026,2,0
synthetic_product,0.5,0.5,0.5,100.0,0.8603876301725889,2,0
synthetic_product,0.5,0.5,0.5,100.0,0.46750182831235915,2,1
synthetic_product,0.5,0.5,0.5,100.0,0.46718254247076507,1,0
synthetic_product,0.5,0.5,0.5,100.0,0.48790269153690413,3,1
synthetic_product,0.5,0.5,0.5,100.0,0.3439593851587036,2,1
synthetic_product,0.5,0.5,0.5,100.0,0.38672321926106135,1,0
synthetic_product,0.5,0.5,0.5,100.0,1.1048310344667926,2,1
synthetic_product,0.5,0.5,0.5,100.0,0.30508463310397604,1,0
synthetic_product,0.5,0.5,0.5,100.0,0.6524082650509606,3,1
synthetic_product,0.5,0.5,0.5,100.0,0.6122979043417672,3,1
synthetic_product,0.5,0.5,0.5,100.0,0.28833439909055925,2,1
synthetic_product,0.5,0.5,0.5,100.0,0.6849537811378478,2,0
synthetic_product,0.5,0.5,0.5,100.0,0.9188473052959669,2,0
synthetic_product,0.5,0.5,0.5,100.0,0.29521241893520817,1,1
synthetic_product,0.5,0.5,0.5,100.0,0.3291386405908327,1,0
synthetic_product,0.5,0.5,0.5,100.0,0.36568956737030583,1,1
synthetic_product,0.5,0.5,0.5,100.0,0.36705531882349934,1,0
synthetic_product,0.5,0.5,0.5,100.0,0.5106405919403865,1,0
synthetic_product,0.5,0.5,0.5,100.0,0.30800800631588077,1,0
synthetic_product,0.5,0.5,0.5,100.0,0.3535963854910344,2,1
synthetic_product,0.5,0.5,0.5,100.0,0.6859275551444995,3,0
synthetic_product,0.5,0.5,0.5,100.0,0.7100638246395593,3,0
synthetic_product,0.5,0.5,0.5,100.0,0.5978662807013365,2,1
synthetic_product,0.5,0.5,0.5,100.0,0.9157498573600475,2,0
synthetic_product,0.5,0.5,0.5,100.0,0.5716273174146691,1,1
synthetic_product,0.5,0.5,0.5,100.0,0.3817082721199342,2,0
synthetic_product,0.5,0.5,0.5,100.0,1.2632691875769761,3,0
synthetic_product,0.5,0.5,0.5,100.0,0.6774216901431318,1,1
synthetic_product,0.5,0.5,0.5,100.0,0.4751863622191965,1,1
synthetic_product,0.5,0.5,0.5,100.0,0.41443598764957634,1,0
synthetic_product,0.5,0.5,0.5,100.0,0.8676033473443105,1,0
synthetic_product,0.5,0.5,0.5,100.0,0.4759068490751717,2,1
synthetic_product,0.5,0.5,0.5,100.0,0.9574496682568846,1,0
synthetic_product,0.5,0.5,0.5,100.0,0.8906754602962885,2,0
synthetic_product,0.5,0.5,0.5,100.0,0.6207456772375104,2,1
synthetic_product,0.5,0.5,0.5,100.0,0.6703667747974151,1,1
synthetic_product,0.5,0.5,0.5,100.0,0.6463127127457493,3,0
synthetic_product,0.5,0.5,0.5,100.0,0.7322811847247827,3,0
synthetic_product,0.5,0.5,0.5,100.0,0.7645530603978606,2,0
synthetic_product,0.5,0.5,0.5,100.0,0.27329817848125226,1,1
synthetic_product,0.5,0.5,0.5,100.0,1.0107304142998077,2,0
synthetic_product,0.5,0.5,0.5,100.0,0.6411247607128484,2,1
synthetic_product,0.5,0.5,0.5,100.0,1.2417538641359724,3,0
synthetic_product,0.5,0.5,0.5,100.0,0.572934998273627,2,1
synthetic_product,0.5,0.5,0.5,100.0,0.7475955525111116,1,0
synthetic_product,0.5,0.5,0.5,100.0,0.6406166864151529,1,0
synthetic_product,0.5,0.5,0.5,100.0,0.5075353089245305,1,1
synthetic_product,0.5,0.5,0.5,100.0,0.9996122737310777,3,0
synthetic_product,0.5,0.5,0.5,100.0,0.7430404824665782,1,0
synthetic_product,0.5,0.5,0.5,100.0,1.0603337113031852,3,0
synthetic_product,0.5,0.5,0.5,100.0,0.605510564963926,2,1
synthetic_product,0.5,0.5,0.5,100.0,0.454662343833925,2,1
synthetic_product,0.5,0.5,0.5,100.0,0.5840490324572205,2,1
synthetic_product,0.5,0.5,0.5,100.0,0.120023380981132,2,1
synthetic_product,0.5,0.5,0.5,100.0,0.338087243676015,2,1
synthetic_product,0.5,0.5,0.5,100.0,0.724867469624422,1,0
synthetic_product,0.5,0.5,0.5,100.0,0.7443067246297406,1,0
synthetic_product,0.5,0.5,0.5,100.0,0.5586603578656195,2,0
synthetic_product,0.5,0.5,0.5,100.0,0.5139247321146642,2,0
synthetic_product,0.5,0.5,0.5,100.0,0.5845356549238577,3,1
synthetic_product,0.5,0.5,0.5,100.0,0.7297453674193707,3,1
synthetic_product,0.5,0.5,0.5,100.0,0.5898696512670888,3,1
synthetic_product,0.5,0.5,0.5,100.0,0.4740252712519801,3,1
synthetic_product,0.5,0.5,0.5,100.0,0.5314638899502114,3,0
synthetic_product,0.5,0.5,0.5,100.0,0.7413384136715016,3,1
synthetic_product,0.5,0.5,0.5,100.0,0.4350881813115701,2,1
synthetic_product,0.5,0.5,0.5,100.0,0.7269037339897797,3,1
synthetic_product,0.5,0.5,0.5,100.0,0.3921347621227865,2,1
synthetic_product,0.5,0.5,0.5,100.0,0.28267348418918614,3,1
synthetic_product,0.5,0.5,0.5,100.0,0.9422574949858294,2,0
synthetic_product,0.5,0.5,0.5,100.0,0.9950076732811758,3,1
synthetic_product,0.5,0.5,0.5,100.0,1.0200729590389648,1,0
synthetic_product,0.5,0.5,0.5,100.0,0.8267358551112907,2,0
synthetic_product,0.5,0.5,0.5,100.0,0.945764981250819,2,0
synthetic_product,0.5,0.5,0.5,100.0,0.2794963978998512,1,1
synthetic_product,0.5,0.5,0.5,100.0,0.6615185493008203,2,0
synthetic_product,0.5,0.5,0.5,100.0,0.8713207484302531,2,1
synthetic_product,0.5,0.5,0.5,100.0,0.9140042819062975,2,0
synthetic_product,0.5,0.5,0.5,100.0,0.6657162054595327,2,0
synthetic_product,0.5,0.5,0.5,100.0,0.5374692667148713,2,1
synthetic_product,0.5,0.5,0.5,100.0,0.48598629867952003,3,1
synthetic_product,0.5,0.5,0.5,100.0,0.8890367175697956,2,0
synthetic_product,0.5,0.5,0.5,100.0,0.8206869867913942,3,0
synthetic_product,0.5,0.5,0.5,100.0,0.2956451935171067,2,0
synthetic_product,0.5,0.5,0.5,100.0,0.9974963790202804,1,0
synthetic_product,0.5,0.5,0.5,100.0,0.7974743905282016,3,1
synthetic_product,0.5,0.5,0.5,100.0,0.42128551176144663,2,0
synthetic_product,0.5,0.5,0.5,100.0,0.9951587245917436,3,0
synthetic_product,0.5,0.5,0.5,100.0,0.7719792476538702,2,0
synthetic_product,0.5,0.5,0.5,100.0,0.5450990398719152,1,1
synthetic_product,0.5,0.5,0.5,100.0,0.8321289758433535,2,1
synthetic_product,0.5,0.5,0.5,100.0,0.42426888292592296,1,1
synthetic_product,0.5,0.5,0.5,100.0,1.0782907436889402,2,1
synthetic_product,0.5,0.5,0.5,100.0,0.3863571749042042,2,0
synthetic_product,0.5,0.5,0.5,100.0,0.4694301811126452,2,1
synthetic_product,0.5,0.5,0.5,100.0,0.6931487300076313,3,0
synthetic_product,0.5,0.5,0.5,100.0,0.6667872367573375,1,1
synthetic_product,0.5,0.5,0.5,100.0,1.0929542355989867,3,0
synthetic_product,0.5,0.5,0.5,100.0,0.5026046231024192,1,1
synthetic_product,0.5,0.5,0.5,100.0,0.1819326885679592,1,0
synthetic_product,0.5,0.5,0.5,100.0,0.9281023490535465,2,1
synthetic_product,0.5,0.5,0.5,100.0,0.6598852571383678,3,0
synthetic_product,0.5,0.5,0.5,100.0,0.649615822678021,1,1
synthetic_product,0.5,0.5,0.5,100.0,0.1988063952968076,2,1
synthetic_product,0.5,0.5,0.5,100.0,0.7074310435767456,2,0
synthetic_product,0.5,0.5,0.5,100.0,0.5583214071768099,1,0
synthetic_product,0.5,0.5,0.5,100.0,0.9602651933150756,1,0
synthetic_product,0.5,0.5,0.5,100.0,0.5253654508788353,1,0
synthetic_product,0.5,0.5,0.5,100.0,0.7437333283600758,1,0
synthetic_product,0.5,0.5,0.5,100.0,0.5080283970753658,1,1
synthetic_product,0.5,0.5,0.5,100.0,0.7234339729812709,1,0
synthetic_product,0.5,0.5,0.5,100.0,0.5392683130049962,1,0
synthetic_product,0.5,0.5,0.5,100.0,0.8906385659560215,3,1
synthetic_product,0.5,0.5,0.5,100.0,0.5721759386041576,1,0
synthetic_product,0.5,0.5,0.5,100.0,0.39171746753867975,2,0
synthetic_product,0.5,0.5,0.5,100.0,0.4164872094318844,1,0
synthetic_product,0.5,0.5,0.5,100.0,0.2116491577748888,2,1
synthetic_product,0.5,0.5,0.5,100.0,0.9480588978956626,2,0
synthetic_product,0.5,0.5,0.5,100.0,0.8695121943226153,1,0
synthetic_product,0.5,0.5,0.5,100.0,0.5923125564364063,2,1
synthetic_product,0.5,0.5,0.5,100.0,0.501081483975364,3,1
synthetic_product,0.5,0.5,0.5,100.0,0.35659109976325815,1,1
synthetic_product,0.5,0.5,0.5,100.0,1.1979553040638817,3,0
synthetic_product,0.5,0.5,0.5,100.0,0.860079371572591,2,1
synthetic_product,0.5,0.5,0.5,100.0,0.6672871221441654,2,0
synthetic_product,0.5,0.5,0.5,100.0,0.34731530419211665,3,1
synthetic_product,0.5,0.5,0.5,100.0,0.47686965509107926,2,0
synthetic_product,0.5,0.5,0.5,100.0,0.5173333415273037,2,0
synthetic_product,0.5,0.5,0.5,100.0,0.5271174950217765,1,1
synthetic_product,0.5,0.5,0.5,100.0,0.5919748063844685,2,1
synthetic_product,0.5,0.5,0.5,100.0,0.835069940950374,2,1
synthetic_product,0.5,0.5,0.5,100.0,0.21708574576379636,2,1
synthetic_product,0.5,0.5,0.5,100.0,0.8527325438071818,1,0
synthetic_product,0.5,0.5,0.5,100.0,0.7030872959622978,1,1
synthetic_product,0.5,0.5,0.5,100.0,0.5607507234111033,2,1
synthetic_product,0.5,0.5,0.5,100.0,0.7968474663958269,2,0
synthetic_product,0.5,0.5,0.5,100.0,0.7421814896862817,3,0
synthetic_product,0.5,0.5,0.5,100.0,0.7371456993543041,3,1
synthetic_product,0.5,0.5,0.5,100.0,0.3288462810011555,1,1
synthetic_product,0.5,0.5,0.5,100.0,0.34070423672104644,1,0
synthetic_product,0.5,0.5,0.5,100.0,0.9398437951538803,2,0
synthetic_product,0.5,0.5,0.5,100.0,0.7054853898526356,2,0
synthetic_product,0.5,0.5,0.5,100.0,0.5541967691385252,1,1
synthetic_product,0.5,0.5,0.5,100.0,0.8934465428043598,2,0
synthetic_product,0.5,0.5,0.5,100.0,0.4866293529461644,1,0
synthetic_product,0.5,0.5,0.5,100.0,0.7708915429216887,2,1
synthetic_product,0.5,0.5,0.5,100.0,0.6579061294304817,2,1
synthetic_product,0.5,0.5,0.5,100.0,0.5327303865862804,2,1
synthetic_product,0.5,0.5,0.5,100.0,0.4204438878289093,2,0
synthetic_product,0.5,0.5,0.5,100.0,1.0533009371482691,1,0
synthetic_product,0.5,0.5,0.5,100.0,0.531538958944974,1,0
synthetic_product,0.5,0.5,0.5,100.0,0.7578281902569826,2,0
synthetic_product,0.5,0.5,0.5,100.0,0.8289674967318228,1,0
synthetic_product,0.5,0.5,0.5,100.0,0.9696021806969958,3,0
synthetic_product,0.5,0.5,0.5,100.0,0.5579020411327009,2,1
synthetic_product,0.5,0.5,0.5,100.0,0.7424722442975303,2,0
synthetic_product,0.5,0.5,0.5,100.0,0.41341610048518274,3,1
synthetic_product,0.5,0.5,0.5,100.0,0.5416757564829586,1,1
synthetic_product,0.5,0.5,0.5,100.0,0.37463955600254173,1,1
synthetic_product,0.5,0.5,0.5,100.0,0.935165063103445,1,0
synthetic_product,0.5,0.5,0.5,100.0,0.6102502025601771,1,0
synthetic_product,0.5,0.5,0.5,100.0,0.8769612356502668,1,0
synthetic_product,0.5,0.5,0.5,100.0,0.5812644968263204,2,0
synthetic_product,0.5,0.5,0.5,100.0,0.5116171336518971,1,0
synthetic_product,0.5,0.5,0.5,100.0,0.7116459637925776,2,0
synthetic_product,0.5,0.5,0.5,100.0,0.5404276643430325,2,0
synthetic_product,0.5,0.5,0.5,100.0,0.5115351048556849,2,1
synthetic_product,0.5,0.5,0.5,100.0,0.4517576086493196,2,1
synthetic_product,0.5,0.5,0.5,100.0,0.5432374003011665,1,1
synthetic_product,0.5,0.5,0.5,100.0,0.5566059114650931,3,0
synthetic_product,0.5,0.5,0.5,100.0,0.5061151643536487,1,1
synthetic_product,0.5,0.5,0.5,100.0,0.49474330417446793,2,1
synthetic_product,0.5,0.5,0.5,100.0,0.1910597595867622,1,0
synthetic_product,0.5,0.5,0.5,100.0,0.7079925969136366,2,1
synthetic_product,0.5,0.5,0.5,100.0,0.6100672230849201,1,1
synthetic_product,0.5,0.5,0.5,100.0,0.8257543014397506,1,1
synthetic_product,0.5,0.5,0.5,100.0,0.7707987184973252,1,1
synthetic_product,0.5,0.5,0.5,100.0,0.2287129867216252,1,1
synthetic_product,0.5,0.5,0.5,100.0,0.7477793211181799,2,1
synthetic_product,0.5,0.5,0.5,100.0,0.5924549164498998,2,0
synthetic_product,0.5,0.5,0.5,100.0,0.8089206244913646,3,0
synthetic_product,0.5,0.5,0.5,100.0,0.8200687745910196,3,1
synthetic_product,0.5,0.5,0.5,100.0,0.5699469863017547,1,1
synthetic_product,0.5,0.5,0.5,100.0,0.5407500172491267,1,1
synthetic_product,0.5,0.5,0.5,100.0,0.2769044555023106,2,1
synthetic_product,0.5,0.5,0.5,100.0,0.5991864518064707,3,0
synthetic_product,0.5,0.5,0.5,100.0,0.8210470573199008,1,0
synthetic_product,0.5,0.5,0.5,100.0,0.4694450243291434,3,1
synthetic_product,0.5,0.5,0.5,100.0,0.6360822066774665,1,1
synthetic_product,0.5,0.5,0.5,100.0,0.7035349741281159,1,0
synthetic_product,0.5,0.5,0.5,100.0,0.5926433456221943,1,1
synthetic_product,0.5,0.5,0.5,100.0,0.7632336588325214,2,0
synthetic_product,0.5,0.5,0.5,100.0,0.39368960713870077,3,0
synthetic_product,0.5,0.5,0.5,100.0,0.7541347689071196,2,1
synthetic_product,0.5,0.5,0.5,100.0,0.5666362625159752,1,1
synthetic_product,0.5,0.5,0.5,100.0,0.6715039369071503,2,0
synthetic_product,0.5,0.5,0.5,100.0,0.7012907316709067,3,1
synthetic_product,0.5,0.5,0.5,100.0,0.5162466870712434,3,1
synthetic_product,0.5,0.5,0.5,100.0,0.5367134020713463,3,0
synthetic_product,0.5,0.5,0.5,100.0,0.727606847836685,2,0
synthetic_product,0.5,0.5,0.5,100.0,0.24892722657737168,3,1
synthetic_product,0.5,0.5,0.5,100.0,0.7504905556725132,3,1
synthetic_product,0.5,0.5,0.5,100.0,0.3278168238806427,2,1
synthetic_product,0.5,0.5,0.5,100.0,0.33210728091521313,1,1
synthetic_product,0.5,0.5,0.5,100.0,0.3592738067804661,3,1
synthetic_product,0.5,0.5,0.5,100.0,0.3826246042472604,2,1
synthetic_product,0.5,0.5,0.5,100.0,0.7520416744427435,2,0
synthetic_product,0.5,0.5,0.5,100.0,0.6155606418013557,1,0
synthetic_product,0.5,0.5,0.5,100.0,0.17487582203136953,1,1
synthetic_product,0.5,0.5,0.5,100.0,0.7793655658433686,1,1
synthetic_product,0.5,0.5,0.5,100.0,0.48063200046237464,1,1
synthetic_product,0.5,0.5,0.5,100.0,1.1368790482817879,1,0
synthetic_product,0.5,0.5,0.5,100.0,0.4610280314591614,1,1
synthetic_product,0.5,0.5,0.5,100.0,0.9452446902054511,2,1
synthetic_product,0.5,0.5,0.5,100.0,0.5181262164933484,2,0
synthetic_product,0.5,0.5,0.5,100.0,0.42240172923367414,2,1
synthetic_product,0.5,0.5,0.5,100.0,0.4085077753422776,2,1
synthetic_product,0.5,0.5,0.5,100.0,1.0158480748780059,1,1
synthetic_product,0.5,0.5,0.5,100.0,0.6424382280518869,1,1
synthetic_product,0.5,0.5,0.5,100.0,0.52500575499652,3,1
synthetic_product,0.5,0.5,0.5,100.0,0.5191433894233917,2,1
synthetic_product,0.5,0.5,0.5,100.0,0.835349436442263,1,0
synthetic_product,0.5,0.5,0.5,100.0,0.6929567623951116,3,1
synthetic_product,0.5,0.5,0.5,100.0,0.7103487016591812,1,0
synthetic_product,0.5,0.5,0.5,100.0,0.8238739894760904,3,0
synthetic_product,0.5,0.5,0.5,100.0,0.7907900673021344,2,1
synthetic_product,0.5,0.5,0.5,100.0,0.5152222720453756,1,1
synthetic_product,0.5,0.5,0.5,100.0,0.4856440610457031,1,1
synthetic_product,0.5,0.5,0.5,100.0,0.6493054203881635,2,0
synthetic_product,0.5,0.5,0.5,100.0,0.6816954564128279,1,1
synthetic_product,0.5,0.5,0.5,100.0,0.8712590626517939,3,0
synthetic_product,0.5,0.5,0.5,100.0,0.4156553899233747,1,0
synthetic_product,0.5,0.5,0.5,100.0,0.7455974567564723,1,1
synthetic_product,0.5,0.5,0.5,100.0,0.8941497213905089,2,0
synthetic_product,0.5,0.5,0.5,100.0,0.5816845925185201,3,1
synthetic_product,0.5,0.5,0.5,100.0,0.3326134969007897,1,1
synthetic_product,0.5,0.5,0.5,100.0,0.14984425242511706,1,1
synthetic_product,0.5,0.5,0.5,100.0,0.5904128663395217,1,0
synthetic_product,0.5,0.5,0.5,100.0,1.1023370523849612,2,0
synthetic_product,0.5,0.5,0.5,100.0,0.5610340745312403,3,1
synthetic_product,0.5,0.5,0.5,100.0,0.467146979901145,2,0
synthetic_product,0.5,0.5,0.5,100.0,0.4226041218293135,1,0
synthetic_product,0.5,0.5,0.5,100.0,0.3766580153325891,2,1
synthetic_product,0.5,0.5,0.5,100.0,0.5587288064153995,1,0
synthetic_product,0.5,0.5,0.5,100.0,0.31163306914783073,1,1
synthetic_product,0.5,0.5,0.5,100.0,0.5163036171652285,2,1
synthetic_product,0.5,0.5,0.5,100.0,0.9972115576350149,2,0
synthetic_product,0.5,0.5,0.5,100.0,1.095239035844196,2,0
synthetic_product,0.5,0.5,0.5,100.0,0.7254759619354569,2,0
synthetic_product,0.5,0.5,0.5,100.0,0.8533813589246594,2,0
synthetic_product,0.5,0.5,0.5,100.0,0.5371688058678792,2,0
synthetic_product,0.5,0.5,0.5,100.0,0.8144961627590149,1,1
synthetic_product,0.5,0.5,0.5,100.0,0.5130713150146634,2,1
synthetic_product,0.5,0.5,0.5,100.0,0.8267469834478646,1,1
synthetic_product,0.5,0.5,0.5,100.0,0.4848419576115086,3,0
synthetic_product,0.5,0.5,0.5,100.0,1.1415320767224344,3,1
synthetic_product,0.5,0.5,0.5,100.0,0.9012289042694438,1,0
synthetic_product,0.5,0.5,0.5,100.0,0.9381494660926228,1,1
synthetic_product,0.5,0.5,0.5,100.0,0.7209162160552822,1,0
synthetic_product,0.5,0.5,0.5,100.0,0.7944722312396649,2,0
synthetic_product,0.5,0.5,0.5,100.0,0.8523303568231225,2,1
synthetic_product,0.5,0.5,0.5,100.0,0.8879613448569462,1,0
synthetic_product,0.5,0.5,0.5,100.0,0.8189768176591149,2,1
synthetic_product,0.5,0.5,0.5,100.0,0.7864938964277569,2,1
synthetic_product,0.5,0.5,0.5,100.0,0.5792235663919827,1,0
synthetic_product,0.5,0.5,0.5,100.0,0.8613378493180347,3,0
synthetic_product,0.5,0.5,0.5,100.0,1.0361757660528614,1,1
synthetic_product,0.5,0.5,0.5,100.0,0.7803785475820231,1,0
synthetic_product,0.5,0.5,0.5,100.0,0.917020023813486,2,0
synthetic_product,0.5,0.5,0.5,100.0,0.738738697652773,2,0
synthetic_product,0.5,0.5,0.5,100.0,0.8851524435882383,1,0
synthetic_product,0.5,0.5,0.5,100.0,0.5056798999601828,1,1
synthetic_product,0.5,0.5,0.5,100.0,0.4484905274797514,2,1
synthetic_product,0.5,0.5,0.5,100.0,0.6251903484128156,3,0
synthetic_product,0.5,0.5,0.5,100.0,0.7461718157968155,2,0
synthetic_product,0.5,0.5,0.5,100.0,0.5959293883851998,2,0
synthetic_product,0.5,0.5,0.5,100.0,1.0762029564490567,3,1
synthetic_product,0.5,0.5,0.5,100.0,0.7273765976398183,2,1
synthetic_product,0.5,0.5,0.5,100.0,0.29429192292500983,1,1
synthetic_product,0.5,0.5,0.5,100.0,0.6894636746769208,2,1
synthetic_product,0.5,0.5,0.5,100.0,0.32033242510768734,1,0
synthetic_product,0.5,0.5,0.5,100.0,0.46676341981096237,1,1
synthetic_product,0.5,0.5,0.5,100.0,0.5350445262080561,2,0
synthetic_product,0.5,0.5,0.5,100.0,0.6687544256213116,3,1
synthetic_product,0.5,0.5,0.5,100.0,0.512728086119479,1,1
synthetic_product,0.5,0.5,0.5,100.0,0.8945020511492365,3,0
synthetic_product,0.5,0.5,0.5,100.0,0.7233807264143611,2,1
synthetic_product,0.5,0.5,0.5,100.0,0.9058918948539519,2,0
synthetic_product,0.5,0.5,0.5,100.0,0.9798859837180052,3,1
synthetic_product,0.5,0.5,0.5,100.0,0.8311144306176577,2,1
synthetic_product,0.5,0.5,0.5,100.0,0.36463806428045875,3,0
synthetic_product,0.5,0.5,0.5,100.0,0.8912044424739515,3,1
synthetic_product,0.5,0.5,0.5,100.0,0.948410980391771,2,1
synthetic_product,0.5,0.5,0.5,100.0,0.6932040647186647,1,1
synthetic_product,0.5,0.5,0.5,100.0,0.3511752298367562,1,0
synthetic_product,0.5,0.5,0.5,100.0,0.6869781251223323,1,0
synthetic_product,0.5,0.5,0.5,100.0,0.5695283439880525,2,1
synthetic_product,0.5,0.5,0.5,100.0,0.4326559136034387,2,1
synthetic_product,0.5,0.5,0.5,100.0,0.9786110532873618,2,0
synthetic_product,0.5,0.5,0.5,100.0,0.4871954834872385,2,0
synthetic_product,0.5,0.5,0.5,100.0,0.6162574729953477,1,1
synthetic_product,0.5,0.5,0.5,100.0,0.8646941611110446,2,1
synthetic_product,0.5,0.5,0.5,100.0,0.8825819689206931,2,1
synthetic_product,0.5,0.5,0.5,100.0,0.3925951729085348,2,1
synthetic_product,0.5,0.5,0.5,100.0,0.39331128537589355,2,1
synthetic_product,0.5,0.5,0.5,100.0,0.7400922516265144,3,0
synthetic_product,0.5,0.5,0.5,100.0,0.7030195974151139,1,0
synthetic_product,0.5,0.5,0.5,100.0,0.7890152159828303,2,1
synthetic_product,0.5,0.5,0.5,100.0,0.22877032546564596,2,1
synthetic_product,0.5,0.5,0.5,100.0,0.8497234850097771,1,1
synthetic_product,0.5,0.5,0.5,100.0,0.5545505423131977,2,1
synthetic_product,0.5,0.5,0.5,100.0,0.8046504281591356,2,0
synthetic_product,0.5,0.5,0.5,100.0,0.7971346807746478,2,1
synthetic_product,0.5,0.5,0.5,100.0,1.133015691774097,2,1
synthetic_product,0.5,0.5,0.5,100.0,0.3357984442045118,1,1
synthetic_product,0.5,0.5,0.5,100.0,1.1183911236290027,3,0
synthetic_product,0.5,0.5,0.5,100.0,0.5483939669165951,2,1
synthetic_product,0.5,0.5,0.5,100.0,1.008410676885255,2,1
synthetic_product,0.5,0.5,0.5,100.0,0.8482961604082405,2,1
synthetic_product,0.5,0.5,0.5,100.0,0.8459486539992551,3,0
synthetic_product,0.5,0.5,0.5,100.0,0.956373529204867,2,1
synthetic_product,0.5,0.5,0.5,100.0,0.5219715984118983,2,1
synthetic_product,0.5,0.5,0.5,100.0,0.19788480796427205,2,1
synthetic_product,0.5,0.5,0.5,100.0,0.44486683722190645,1,0
synthetic_product,0.5,0.5,0.5,100.0,0.9250241818012632,1,0
synthetic_product,0.5,0.5,0.5,100.0,0.773703618500032,2,0
synthetic_product,0.5,0.5,0.5,100.0,0.8599428180050718,2,0
synthetic_product,0.5,0.5,0.5,100.0,0.6080375886300164,2,1
synthetic_product,0.5,0.5,0.5,100.0,0.6504629936296374,2,0
synthetic_product,0.5,0.5,0.5,100.0,0.41631123446450896,1,1
synthetic_product,0.5,0.5,0.5,100.0,0.9352618410845692,2,1
synthetic_product,0.5,0.5,0.5,100.0,0.2914865090626452,2,1
synthetic_product,0.5,0.5,0.5,100.0,0.9573271852973715,3,0
synthetic_product,0.5,0.5,0.5,100.0,0.31510971477359095,2,0
synthetic_product,0.5,0.5,0.5,100.0,0.7079003056107801,2,1
synthetic_product,0.5,0.5,0.5,100.0,0.38601953343999157,3,1
synthetic_product,0.5,0.5,0.5,100.0,0.3583249455348013,1,1
synthetic_product,0.5,0.5,0.5,100.0,0.9689205844062369,1,1
synthetic_product,0.5,0.5,0.5,100.0,0.9105361745108173,3,1
synthetic_product,0.5,0.5,0.5,100.0,0.4441498070964981,2,1
synthetic_product,0.5,0.5,0.5,100.0,0.8919347757583391,1,0
synthetic_product,0.5,0.5,0.5,100.0,1.076728560642223,2,1
synthetic_product,0.5,0.5,0.5,100.0,0.9618371164138013,2,1
synthetic_product,0.5,0.5,0.5,100.0,0.5133940727367057,2,1
synthetic_product,0.5,0.5,0.5,100.0,0.816473582683912,3,1
synthetic_product,0.5,0.5,0.5,100.0,0.9516601348341645,2,0
synthetic_product,0.5,0.5,0.5,100.0,0.3529986202191168,1,1
synthetic_product,0.5,0.5,0.5,100.0,0.24583770351072862,2,1
synthetic_product,0.5,0.5,0.5,100.0,0.5509558298364331,2,1
synthetic_product,0.5,0.5,0.5,100.0,0.968038787773676,3,1
synthetic_product,0.5,0.5,0.5,100.0,0.34465872738668507,2,1
synthetic_product,0.5,0.5,0.5,100.0,0.5562521434909443,2,1
synthetic_product,0.5,0.5,0.5,100.0,0.2153743150452952,2,1
synthetic_product,0.5,0.5,0.5,100.0,1.0110911370697517,2,0
synthetic_product,0.5,0.5,0.5,100.0,0.9491762355540108,1,0
synthetic_product,0.5,0.5,0.5,100.0,1.0965711914002871,2,1
synthetic_product,0.5,0.5,0.5,100.0,1.0173862635429203,2,0
synthetic_product,0.5,0.5,0.5,100.0,0.8587519640716622,2,0
synthetic_product,0.5,0.5,0.5,100.0,0.5444007866297039,1,1
synthetic_product,0.5,0.5,0.5,100.0,0.5529021732872735,2,1
synthetic_product,0.5,0.5,0.5,100.0,1.0534131899346404,2,1
synthetic_product,0.5,0.5,0.5,100.0,0.9993329762336975,2,0
synthetic_product,0.5,0.5,0.5,100.0,0.33001171940446916,1,0
synthetic_product,0.5,0.5,0.5,100.0,0.5343099333613118,1,0
synthetic_product,0.5,0.5,0.5,100.0,0.9506989984502149,3,1
synthetic_product,0.5,0.5,0.5,100.0,0.962396152418362,2,1
synthetic_product,0.5,0.5,0.5,100.0,0.5674179896998717,3,1
synthetic_product,0.5,0.5,0.5,100.0,0.44229047238755875,1,1
synthetic_product,0.5,0.5,0.5,100.0,0.7465609641129711,1,1
synthetic_product,0.5,0.5,0.5,100.0,1.1167351115564406,2,1
synthetic_product,0.5,0.5,0.5,100.0,0.9961181503069576,1,0
synthetic_product,0.5,0.5,0.5,100.0,0.7775515489521336,2,1
synthetic_product,0.5,0.5,0.5,100.0,0.6035228463430723,1,0
synthetic_product,0.5,0.5,0.5,100.0,0.8805638426468505,2,0
synthetic_product,0.5,0.5,0.5,100.0,0.19089782195832408,2,1
synthetic_product,0.5,0.5,0.5,100.0,0.7530421703307727,3,0
synthetic_product,0.5,0.5,0.5,100.0,0.9127401394834755,2,0
synthetic_product,0.5,0.5,0.5,100.0,0.7029272063710512,2,0
synthetic_product,0.5,0.5,0.5,100.0,0.9241653925356712,3,0
synthetic_product,0.5,0.5,0.5,100.0,0.9242651900641903,2,1
synthetic_product,0.5,0.5,0.5,100.0,0.6319241553543814,1,1
synthetic_product,0.5,0.5,0.5,100.0,0.7306413789134578,2,1
synthetic_product,0.5,0.5,0.5,100.0,1.0301070694276102,1,0
synthetic_product,0.5,0.5,0.5,100.0,0.8172354973104151,1,1
synthetic_product,0.5,0.5,0.5,100.0,0.687963465600977,2,1
synthetic_product,0.5,0.5,0.5,100.0,0.6465245075711423,1,1
synthetic_product,0.5,0.5,0.5,100.0,0.6301135151019974,1,0
synthetic_product,0.5,0.5,0.5,100.0,0.45196682657900494,2,0
synthetic_product,0.5,0.5,0.5,100.0,0.3090427472328155,1,0
synthetic_product,0.5,0.5,0.5,100.0,0.3045767595675468,1,1
synthetic_product,0.5,0.5,0.5,100.0,0.39391436377706285,2,0
synthetic_product,0.5,0.5,0.5,100.0,0.9683898655219715,3,0
synthetic_product,0.5,0.5,0.5,100.0,0.5739532919285399,3,1
synthetic_product,0.5,0.5,0.5,100.0,0.5657884953232865,2,1
synthetic_product,0.5,0.5,0.5,100.0,0.6354429357331118,3,1
synthetic_product,0.5,0.5,0.5,100.0,0.8437523455924871,2,1
synthetic_product,0.5,0.5,0.5,100.0,0.721379371520058,2,0
synthetic_product,0.5,0.5,0.5,100.0,0.3980221091614158,2,1
synthetic_product,0.5,0.5,0.5,100.0,1.2033931657944719,3,0
synthetic_product,0.5,0.5,0.5,100.0,0.6446160343662,2,0
synthetic_product,0.5,0.5,0.5,100.0,0.9993728490356434,3,0
synthetic_product,0.5,0.5,0.5,100.0,0.5660638786458351,3,0
synthetic_product,0.5,0.5,0.5,100.0,0.8285100018585237,1,0
synthetic_product,0.5,0.5,0.5,100.0,0.8093754477741641,1,0
synthetic_product,0.5,0.5,0.5,100.0,0.888832459628475,2,0
synthetic_product,0.5,0.5,0.5,100.0,0.9527537351095378,2,1
synthetic_product,0.5,0.5,0.5,100.0,0.6757415206353081,2,0
synthetic_product,0.5,0.5,0.5,100.0,0.7058348974129056,1,1
synthetic_product,0.5,0.5,0.5,100.0,0.7264719128276143,1,0
synthetic_product,0.5,0.5,0.5,100.0,0.9005046065432206,2,1
synthetic_product,0.5,0.5,0.5,100.0,0.23635677195024507,2,1
synthetic_product,0.5,0.5,0.5,100.0,0.5578067949449731,1,1
synthetic_product,0.5,0.5,0.5,100.0,0.5175172221657446,1,1
synthetic_product,0.5,0.5,0.5,100.0,0.7101112521188309,2,1
synthetic_product,0.5,0.5,0.5,100.0,0.4235561618216319,1,1
synthetic_product,0.5,0.5,0.5,100.0,0.47321156659836605,2,0
synthetic_product,0.5,0.5,0.5,100.0,0.8609846017974766,2,0
synthetic_product,0.5,0.5,0.5,100.0,0.7984344935846055,3,1
synthetic_product,0.5,0.5,0.5,100.0,0.5799487601280231,3,0
synthetic_product,0.5,0.5,0.5,100.0,0.3895380144722361,2,1
synthetic_product,0.5,0.5,0.5,100.0,1.1649727170014004,3,0
synthetic_product,0.5,0.5,0.5,100.0,0.3670752065785551,2,1
synthetic_product,0.5,0.5,0.5,100.0,0.7020738961578261,2,0
synthetic_product,0.5,0.5,0.5,100.0,0.8209490799383503,1,1
synthetic_product,0.5,0.5,0.5,100.0,0.9677453888441582,1,0
synthetic_product,0.5,0.5,0.5,100.0,0.41372284939205617,2,1
synthetic_product,0.5,0.5,0.5,100.0,0.8600672495215959,1,0
synthetic_product,0.5,0.5,0.5,100.0,0.8845958638946588,1,1
synthetic_product,0.5,0.5,0.5,100.0,0.6520086701049603,2,1
synthetic_product,0.5,0.5,0.5,100.0,0.7421898315587394,2,1
synthetic_product,0.5,0.5,0.5,100.0,0.8415362867367726,2,1
synthetic_product,0.5,0.5,0.5,100.0,1.002055988209304,3,0
synthetic_product,0.5,0.5,0.5,100.0,0.9044789027348575,3,1
synthetic_product,0.5,0.5,0.5,100.0,0.15065156773479468,2,1
synthetic_product,0.5,0.5,0.5,100.0,0.6780656752330204,2,1
synthetic_product,0.5,0.5,0.5,100.0,0.8667115035536375,2,1
synthetic_product,0.5,0.5,0.5,100.0,0.6317248069796498,1,1
synthetic_product,0.5,0.5,0.5,100.0,0.47370873225329213,2,1
synthetic_product,0.5,0.5,0.5,100.0,0.7925325241297536,1,0
synthetic_product,0.5,0.5,0.5,100.0,0.893051207186779,3,0
synthetic_product,0.5,0.5,0.5,100.0,0.20710881713113796,2,1
synthetic_product,0.5,0.5,0.5,100.0,0.9230947937626907,1,1
synthetic_product,0.5,0.5,0.5,100.0,0.21007722454316882,2,1
synthetic_product,0.5,0.5,0.5,100.0,0.8795642780650034,2,0
synthetic_product,0.5,0.5,0.5,100.0,0.6541109173777897,2,0
synthetic_product,0.5,0.5,0.5,100.0,0.6085329254030658,2,1
synthetic_product,0.5,0.5,0.5,100.0,0.6040105394918589,2,1
synthetic_product,0.5,0.5,0.5,100.0,0.28363935336781365,2,1
synthetic_product,0.5,0.5,0.5,100.0,0.4697122295448968,2,1
synthetic_product,0.5,0.5,0.5,100.0,0.9216110643445797,2,1
synthetic_product,0.5,0.5,0.5,100.0,0.8008671790994992,2,1
synthetic_product,0.5,0.5,0.5,100.0,0.9740612024867271,1,1
synthetic_product,0.5,0.5,0.5,100.0,0.67477346404905,2,0
synthetic_product,0.5,0.5,0.5,100.0,0.7555741359611103,2,0
synthetic_product,0.5,0.5,0.5,100.0,0.7672020002974643,2,0
synthetic_product,0.5,0.5,0.5,100.0,0.35611246381662826,1,1
synthetic_product,0.5,0.5,0.5,100.0,0.7670977400384692,2,1
synthetic_product,0.5,0.5,0.5,100.0,0.38533866311474213,2,1
synthetic_product,0.5,0.5,0.5,100.0,0.5769507021880457,1,1
synthetic_product,0.5,0.5,0.5,100.0,0.5025293622805321,2,1
synthetic_product,0.5,0.5,0.5,100.0,0.7847781354775004,3,1
synthetic_product,0.5,0.5,0.5,100.0,0.714026991896801,3,1
synthetic_product,0.5,0.5,0.5,100.0,1.0451549030212532,3,0
synthetic_product,0.5,0.5,0.5,100.0,0.7532284037404835,3,1
synthetic_product,0.5,0.5,0.5,100.0,0.3357116729092028,2,1
synthetic_product,0.5,0.5,0.5,100.0,0.523158404248788,2,1
synthetic_product,0.5,0.5,0.5,100.0,0.8197307992685609,2,1
synthetic_product,0.5,0.5,0.5,100.0,1.0839005465133669,2,0
synthetic_product,0.5,0.5,0.5,100.0,0.6626781147704596,3,1
synthetic_product,0.5,0.5,0.5,100.0,0.9428440798689275,2,0
synthetic_product,0.5,0.5,0.5,100.0,0.611949061407285,1,1
synthetic_product,0.5,0.5,0.5,100.0,0.5400873658941048,3,1
synthetic_product,0.5,0.5,0.5,100.0,0.7808951557345761,2,0
synthetic_product,0.5,0.5,0.5,100.0,0.7940039119211624,3,1
synthetic_product,0.5,0.5,0.5,100.0,0.8780390302855526,1,1
synthetic_product,0.5,0.5,0.5,100.0,1.2600563399633409,3,0
synthetic_product,0.5,0.5,0.5,100.0,0.3901770828309005,3,1
synthetic_product,0.5,0.5,0.5,100.0,0.7906107067224803,2,0
synthetic_product,0.5,0.5,0.5,100.0,0.556029698404589,1,1
synthetic_product,0.5,0.5,0.5,100.0,0.7585289592029812,2,0
synthetic_product,0.5,0.5,0.5,100.0,0.6133894487279274,1,0
synthetic_product,0.5,0.5,0.5,100.0,1.1202976550926769,3,0
synthetic_product,0.5,0.5,0.5,100.0,0.9529944434684965,1,0
synthetic_product,0.5,0.5,0.5,100.0,0.8705428087580681,2,0
synthetic_product,0.5,0.5,0.5,100.0,0.7258106411859437,2,1
synthetic_product,0.5,0.5,0.5,100.0,1.0266452192928142,2,0
synthetic_product,0.5,0.5,0.5,100.0,0.3769060381660459,1,0
synthetic_product,0.5,0.5,0.5,100.0,0.8154726801517329,2,1
synthetic_product,0.5,0.5,0.5,100.0,1.27644424358149,3,0
synthetic_product,0.5,0.5,0.5,100.0,0.5859535386398774,1,1
synthetic_product,0.5,0.5,0.5,100.0,0.44782461943037993,2,0
synthetic_product,0.5,0.5,0.5,100.0,0.6574199038160836,2,1
synthetic_product,0.5,0.5,0.5,100.0,0.19474014972647022,2,1
synthetic_product,0.5,0.5,0.5,100.0,1.0052324033768396,3,1
synthetic_product,0.5,0.5,0.5,100.0,0.9550427422066637,3,0
synthetic_product,0.5,0.5,0.5,100.0,0.6787283532167411,3,1
synthetic_product,0.5,0.5,0.5,100.0,1.0162867034131333,2,1
synthetic_product,0.5,0.5,0.5,100.0,0.4963861352472224,3,1
synthetic_product,0.5,0.5,0.5,100.0,0.4402476047066116,3,1
synthetic_product,0.5,0.5,0.5,100.0,0.438892175141684,1,0
synthetic_product,0.5,0.5,0.5,100.0,1.0588706149664069,3,0
synthetic_product,0.5,0.5,0.5,100.0,0.3505314906576317,1,1
synthetic_product,0.5,0.5,0.5,100.0,0.8762946007392493,2,0
synthetic_product,0.5,0.5,0.5,100.0,1.0166813036264046,3,0
synthetic_product,0.5,0.5,0.5,100.0,0.39503768182204035,1,1
synthetic_product,0.5,0.5,0.5,100.0,0.4967701141676006,2,0
synthetic_product,0.5,0.5,0.5,100.0,0.613022904008926,3,1
synthetic_product,0.5,0.5,0.5,100.0,0.9264688711918979,1,1
synthetic_product,0.5,0.5,0.5,100.0,0.565332927413214,1,0
synthetic_product,0.5,0.5,0.5,100.0,1.0582836435756635,2,0
synthetic_product,0.5,0.5,0.5,100.0,0.6103531459279637,1,0
synthetic_product,0.5,0.5,0.5,100.0,0.7096890448300611,2,0
synthetic_product,0.5,0.5,0.5,100.0,0.6006666664983571,2,1
synthetic_product,0.5,0.5,0.5,100.0,0.7420424692887209,3,1
synthetic_product,0.5,0.5,0.5,100.0,0.2731173813361516,2,1
synthetic_product,0.5,0.5,0.5,100.0,0.5269936520005603,1,1
synthetic_product,0.5,0.5,0.5,100.0,1.2180455188658508,3,1
synthetic_product,0.5,0.5,0.5,100.0,0.71715380748606,2,1
synthetic_product,0.5,0.5,0.5,100.0,1.0083112550777422,3,1
synthetic_product,0.5,0.5,0.5,100.0,0.557369040728812,2,1
synthetic_product,0.5,0.5,0.5,100.0,0.453120413764616,2,1
synthetic_product,0.5,0.5,0.5,100.0,0.3219495574421469,1,1
synthetic_product,0.5,0.5,0.5,100.0,0.7678966088251374,2,1
synthetic_product,0.5,0.5,0.5,100.0,0.9073017568965661,1,0
synthetic_product,0.5,0.5,0.5,100.0,0.8058339241928527,1,0
synthetic_product,0.5,0.5,0.5,100.0,0.3916205876168298,1,1
synthetic_product,0.5,0.5,0.5,100.0,0.5780067750209094,2,1
synthetic_product,0.5,0.5,0.5,100.0,0.3425821116440301,1,1
synthetic_product,0.5,0.5,0.5,100.0,1.0739515717183634,3,0
synthetic_product,0.5,0.5,0.5,100.0,0.9048930619168213,2,0
synthetic_product,0.5,0.5,0.5,100.0,0.26861026371666075,1,0
synthetic_product,0.5,0.5,0.5,100.0,0.8117160186845117,1,1
synthetic_product,0.5,0.5,0.5,100.0,0.6713263256650087,3,1
synthetic_product,0.5,0.5,0.5,100.0,0.4815800100378158,3,0
synthetic_product,0.5,0.5,0.5,100.0,0.7794948088032171,3,0
synthetic_product,0.5,0.5,0.5,100.0,0.7766009186166734,3,0
synthetic_product,0.5,0.5,0.5,100.0,0.6754599995323759,2,1
synthetic_product,0.5,0.5,0.5,100.0,0.7698610414588508,1,0
synthetic_product,0.5,0.5,0.5,100.0,0.681012303370827,2,0
synthetic_product,0.5,0.5,0.5,100.0,0.8236126686504605,2,0
synthetic_product,0.5,0.5,0.5,100.0,0.9453940940082893,2,0
synthetic_product,0.5,0.5,0.5,100.0,0.36906741908699653,1,1
synthetic_product,0.5,0.5,0.5,100.0,0.46894339704996924,3,1
synthetic_product,0.5,0.5,0.5,100.0,0.34094435111851357,2,1
synthetic_product,0.5,0.5,0.5,100.0,0.423006235317095,3,0
synthetic_product,0.5,0.5,0.5,100.0,0.25234479891101036,2,1
synthetic_product,0.5,0.5,0.5,100.0,0.6271641073246466,1,0
synthetic_product,0.5,0.5,0.5,100.0,0.9983334736085822,2,0
synthetic_product,0.5,0.5,0.5,100.0,0.8661332403080165,2,0
synthetic_product,0.5,0.5,0.5,100.0,0.39832848035826085,3,0
synthetic_product,0.5,0.5,0.5,100.0,0.4729709310966055,3,0
synthetic_product,0.5,0.5,0.5,100.0,0.7674600994980145,3,0
synthetic_product,0.5,0.5,0.5,100.0,0.9555815810602757,2,0
synthetic_product,0.5,0.5,0.5,100.0,1.0572136390437148,1,0
synthetic_product,0.5,0.5,0.5,100.0,0.34808649454731877,2,0
synthetic_product,0.5,0.5,0.5,100.0,0.9653935362153819,2,0
synthetic_product,0.5,0.5,0.5,100.0,0.7618552607552754,2,1
synthetic_product,0.5,0.5,0.5,100.0,0.9900347355682472,3,1
synthetic_product,0.5,0.5,0.5,100.0,1.0398272945335052,3,1
synthetic_product,0.5,0.5,0.5,100.0,0.5919933665903989,2,0
synthetic_product,0.5,0.5,0.5,100.0,0.8481035198302637,1,1
synthetic_product,0.5,0.5,0.5,100.0,0.333697771857662,1,1
synthetic_product,0.5,0.5,0.5,100.0,0.9526645386786213,2,1
synthetic_product,0.5,0.5,0.5,100.0,0.8076257494788627,3,0
synthetic_product,0.5,0.5,0.5,100.0,0.9129364340004148,2,0
synthetic_product,0.5,0.5,0.5,100.0,0.9371906732187634,2,0
synthetic_product,0.5,0.5,0.5,100.0,0.6314771659711811,3,0
synthetic_product,0.5,0.5,0.5,100.0,0.7230558803826486,2,1
synthetic_product,0.5,0.5,0.5,100.0,0.9363024830136468,3,0
synthetic_product,0.5,0.5,0.5,100.0,0.9691997238574979,3,0
synthetic_product,0.5,0.5,0.5,100.0,0.9466864522043652,2,1
synthetic_product,0.5,0.5,0.5,100.0,0.49443662424134155,3,0
synthetic_product,0.5,0.5,0.5,100.0,0.5520797670296065,2,0
synthetic_product,0.5,0.5,0.5,100.0,0.5528338439848933,1,1
synthetic_product,0.5,0.5,0.5,100.0,0.6190904490524742,2,0
synthetic_product,0.5,0.5,0.5,100.0,0.4903050452140635,2,1
synthetic_product,0.5,0.5,0.5,100.0,0.5278192243432637,2,1
synthetic_product,0.5,0.5,0.5,100.0,0.40331675188070376,1,1
synthetic_product,0.5,0.5,0.5,100.0,0.9072010777150741,3,1
synthetic_product,0.5,0.5,0.5,100.0,0.4056721381822657,3,1
synthetic_product,0.5,0.5,0.5,100.0,0.7557652523413826,2,0
synthetic_product,0.5,0.5,0.5,100.0,0.14701305367157935,1,1
synthetic_product,0.5,0.5,0.5,100.0,0.8959008701488894,3,0
synthetic_product,0.5,0.5,0.5,100.0,0.6844876607889948,3,1
synthetic_product,0.5,0.5,0.5,100.0,0.5467177381863849,2,1
synthetic_product,0.5,0.5,0.5,100.0,0.8565793158019402,3,1
synthetic_product,0.5,0.5,0.5,100.0,0.7791983847457125,2,1
synthetic_product,0.5,0.5,0.5,100.0,0.7029632696912851,2,0
synthetic_product,0.5,0.5,0.5,100.0,0.19169201186057516,1,1
synthetic_product,0.5,0.5,0.5,100.0,0.7944967926802815,1,0
synthetic_product,0.5,0.5,0.5,100.0,0.6369395838768257,2,0
synthetic_product,0.5,0.5,0.5,100.0,0.7084472966961955,1,1
synthetic_product,0.5,0.5,0.5,100.0,0.9233373271651335,1,0
synthetic_product,0.5,0.5,0.5,100.0,0.7633534297466871,2,0
synthetic_product,0.5,0.5,0.5,100.0,0.8651044304623795,2,0
synthetic_product,0.5,0.5,0.5,100.0,0.4531702056802322,2,1
synthetic_product,0.5,0.5,0.5,100.0,0.47046371260182646,2,1
synthetic_product,0.5,0.5,0.5,100.0,0.5739428296336289,1,0
synthetic_product,0.5,0.5,0.5,100.0,0.4691436793337612,2,1
synthetic_product,0.5,0.5,0.5,100.0,0.6204029506884815,1,1
synthetic_product,0.5,0.5,0.5,100.0,0.42336338801556467,1,0
synthetic_product,0.5,0.5,0.5,100.0,0.5826475929389533,3,1
synthetic_product,0.5,0.5,0.5,100.0,1.0837780855696373,2,0
synthetic_product,0.5,0.5,0.5,100.0,0.36844717962624196,2,1
synthetic_product,0.5,0.5,0.5,100.0,0.21164259817295167,1,1
synthetic_product,0.5,0.5,0.5,100.0,0.7107501039625981,1,1
synthetic_product,0.5,0.5,0.5,100.0,0.9575132589869789,2,1
synthetic_product,0.5,0.5,0.5,100.0,0.45546906059640996,1,1
synthetic_product,0.5,0.5,0.5,100.0,0.4376355305996662,3,1
synthetic_product,0.5,0.5,0.5,100.0,0.7297527231127049,1,0
synthetic_product,0.5,0.5,0.5,100.0,1.023105918128634,2,0
synthetic_product,0.5,0.5,0.5,100.0,0.8244901048636829,2,0
synthetic_product,0.5,0.5,0.5,100.0,0.6831862349135495,3,1
synthetic_product,0.5,0.5,0.5,100.0,0.803416983127625,3,1
synthetic_product,0.5,0.5,0.5,100.0,0.21181051708441284,1,1
synthetic_product,0.5,0.5,0.5,100.0,0.3699945152542907,2,1
synthetic_product,0.5,0.5,0.5,100.0,0.8849553404912578,1,0
synthetic_product,0.5,0.5,0.5,100.0,0.3927579622620555,2,1
synthetic_product,0.5,0.5,0.5,100.0,0.7970841382334367,2,1
synthetic_product,0.5,0.5,0.5,100.0,0.6103300818984794,3,1
synthetic_product,0.5,0.5,0.5,100.0,0.3170095836205664,1,1
synthetic_product,0.5,0.5,0.5,100.0,0.6887781562452918,1,0
synthetic_product,0.5,0.5,0.5,100.0,0.5176918979592263,3,1
synthetic_product,0.5,0.5,0.5,100.0,0.8012553985137075,3,0
synthetic_product,0.5,0.5,0.5,100.0,0.5992005295546735,1,1
synthetic_product,0.5,0.5,0.5,100.0,0.996580826430882,3,0
synthetic_product,0.5,0.5,0.5,100.0,0.7326326231845093,1,1
synthetic_product,0.5,0.5,0.5,100.0,0.806123528701342,3,0
synthetic_product,0.5,0.5,0.5,100.0,0.5093223942884605,1,0
synthetic_product,0.5,0.5,0.5,100.0,0.4065281931858982,1,1
synthetic_product,0.5,0.5,0.5,100.0,0.7157293412918165,1,0
synthetic_product,0.5,0.5,0.5,100.0,0.568722775277277,1,0
synthetic_product,0.5,0.5,0.5,100.0,0.7040415417206615,1,1
synthetic_product,0.5,0.5,0.5,100.0,0.46081480811664177,3,1
synthetic_product,0.5,0.5,0.5,100.0,0.5481636891195942,1,1
synthetic_product,0.5,0.5,0.5,100.0,1.1264967158828045,2,1
synthetic_product,0.5,0.5,0.5,100.0,0.7988613803677278,3,1
synthetic_product,0.5,0.5,0.5,100.0,0.5218789669089202,2,0
synthetic_product,0.5,0.5,0.5,100.0,0.676383986261052,2,0
synthetic_product,0.5,0.5,0.5,100.0,0.39090034271880114,3,1
synthetic_product,0.5,0.5,0.5,100.0,0.8910858395501102,2,0
synthetic_product,0.5,0.5,0.5,100.0,1.1308550387819731,3,0
synthetic_product,0.5,0.5,0.5,100.0,0.7207895325363727,2,0
synthetic_product,0.5,0.5,0.5,100.0,0.8830179276544352,2,1
synthetic_product,0.5,0.5,0.5,100.0,0.3519475433645216,1,0
synthetic_product,0.5,0.5,0.5,100.0,0.42933631700074093,1,1
synthetic_product,0.5,0.5,0.5,100.0,0.44808519345929165,1,1
synthetic_product,0.5,0.5,0.5,100.0,0.1842214084488939,1,1
synthetic_product,0.5,0.5,0.5,100.0,0.4912245630026888,1,0
synthetic_product,0.5,0.5,0.5,100.0,0.9734715929683139,3,1
synthetic_product,0.5,0.5,0.5,100.0,0.5340588761799566,2,0
synthetic_product,0.5,0.5,0.5,100.0,0.4413591886804629,2,0
synthetic_product,0.5,0.5,0.5,100.0,0.23977188811904182,2,1
synthetic_product,0.5,0.5,0.5,100.0,0.25224542530793953,2,1
synthetic_product,0.5,0.5,0.5,100.0,0.841727091814853,3,0
synthetic_product,0.5,0.5,0.5,100.0,0.47359390204671054,2,1
synthetic_product,0.5,0.5,0.5,100.0,0.37403395841814707,3,1
synthetic_product,0.5,0.5,0.5,100.0,0.5573982355690793,2,0
synthetic_product,0.5,0.5,0.5,100.0,0.6645278821970553,2,0
synthetic_product,0.5,0.5,0.5,100.0,0.4851846882198043,1,1
synthetic_product,0.5,0.5,0.5,100.0,0.7406705024715908,1,0
synthetic_product,0.5,0.5,0.5,100.0,0.6643162549554259,3,1
synthetic_product,0.5,0.5,0.5,100.0,0.7082449757819426,3,0
synthetic_product,0.5,0.5,0.5,100.0,0.5235145899864975,2,1
synthetic_product,0.5,0.5,0.5,100.0,0.557684156466437,2,0
synthetic_product,0.5,0.5,0.5,100.0,0.3989062921298651,3,1
synthetic_product,0.5,0.5,0.5,100.0,0.683384025384162,3,0
synthetic_product,0.5,0.5,0.5,100.0,0.4686553693279206,3,1
synthetic_product,0.5,0.5,0.5,100.0,0.7108564818326685,1,1
synthetic_product,0.5,0.5,0.5,100.0,0.6432441607590986,2,1
synthetic_product,0.5,0.5,0.5,100.0,0.47519024774037244,2,1
synthetic_product,0.5,0.5,0.5,100.0,0.30644722337634417,2,0
synthetic_product,0.5,0.5,0.5,100.0,0.5360466917208051,1,1
synthetic_product,0.5,0.5,0.5,100.0,0.5626564679406625,1,1
synthetic_product,0.5,0.5,0.5,100.0,0.7437036796864481,2,1
synthetic_product,0.5,0.5,0.5,100.0,0.9168532102293632,2,0
synthetic_product,0.5,0.5,0.5,100.0,0.6020163716252912,3,1
synthetic_product,0.5,0.5,0.5,100.0,0.8283532032697435,1,1
synthetic_product,0.5,0.5,0.5,100.0,0.8925680118843153,2,0
synthetic_product,0.5,0.5,0.5,100.0,0.3590723245023775,2,0
synthetic_product,0.5,0.5,0.5,100.0,0.7163525326608762,1,0
synthetic_product,0.5,0.5,0.5,100.0,0.22580219175025346,1,1
synthetic_product,0.5,0.5,0.5,100.0,0.607147281793392,2,1
synthetic_product,0.5,0.5,0.5,100.0,0.4300256769818543,2,0
synthetic_product,0.5,0.5,0.5,100.0,0.6846619804129963,1,0
synthetic_product,0.5,0.5,0.5,100.0,0.9441570955213835,2,0
synthetic_product,0.5,0.5,0.5,100.0,0.8746105062991852,1,0
synthetic_product,0.5,0.5,0.5,100.0,0.4823602894771322,2,1
synthetic_product,0.5,0.5,0.5,100.0,0.6028189144980628,1,0
synthetic_product,0.5,0.5,0.5,100.0,0.20849472462098145,1,0
synthetic_product,0.5,0.5,0.5,100.0,0.7383838790236296,3,0
synthetic_product,0.5,0.5,0.5,100.0,0.4787204285544746,2,1
synthetic_product,0.5,0.5,0.5,100.0,1.026956651863465,2,0
synthetic_product,0.5,0.5,0.5,100.0,0.2493795655421997,2,0
synthetic_product,0.5,0.5,0.5,100.0,1.0180128896378164,3,0
synthetic_product,0.5,0.5,0.5,100.0,0.5718832246395685,1,0
synthetic_product,0.5,0.5,0.5,100.0,0.37495124944834735,1,1
synthetic_product,0.5,0.5,0.5,100.0,0.5213135608247833,3,0
synthetic_product,0.5,0.5,0.5,100.0,0.44742066668964076,1,0
synthetic_product,0.5,0.5,0.5,100.0,0.7106005516252781,2,0
synthetic_product,0.5,0.5,0.5,100.0,0.5533765440268833,1,0
synthetic_product,0.5,0.5,0.5,100.0,0.7025344733446546,3,0
synthetic_product,0.5,0.5,0.5,100.0,0.5518713449052094,1,0
synthetic_product,0.5,0.5,0.5,100.0,0.5424430203744885,1,1
synthetic_product,0.5,0.5,0.5,100.0,0.820144838637726,2,0
synthetic_product,0.5,0.5,0.5,100.0,0.6190500254080801,1,1
synthetic_product,0.5,0.5,0.5,100.0,0.6104273870884954,2,0
synthetic_product,0.5,0.5,0.5,100.0,0.7170279757767251,1,1
synthetic_product,0.5,0.5,0.5,100.0,1.06893586216481,3,1
synthetic_product,0.5,0.5,0.5,100.0,0.4887920619125746,2,1
synthetic_product,0.5,0.5,0.5,100.0,0.7239957861370956,3,0
synthetic_product,0.5,0.5,0.5,100.0,0.3824689900567837,1,1
synthetic_product,0.5,0.5,0.5,100.0,0.5186686582448811,2,1
synthetic_product,0.5,0.5,0.5,100.0,0.3802131105250451,2,1
synthetic_product,0.5,0.5,0.5,100.0,0.2488809979086978,1,0
synthetic_product,0.5,0.5,0.5,100.0,0.6941345447380812,3,0
synthetic_product,0.5,0.5,0.5,100.0,0.6041088798158516,2,1
synthetic_product,0.5,0.5,0.5,100.0,0.48392368746447934,2,0
synthetic_product,0.5,0.5,0.5,100.0,0.445167311307691,3,1
synthetic_product,0.5,0.5,0.5,100.0,0.19994254406267672,1,1
synthetic_product,0.5,0.5,0.5,100.0,0.9063848889690492,2,1
synthetic_product,0.5,0.5,0.5,100.0,0.9847830625557353,1,1
synthetic_product,0.5,0.5,0.5,100.0,0.761907919141074,3,1
synthetic_product,0.5,0.5,0.5,100.0,0.48230282840992295,1,0
synthetic_product,0.5,0.5,0.5,100.0,0.5990019984238264,1,1
synthetic_product,0.5,0.5,0.5,100.0,0.9618716004754707,1,0
synthetic_product,0.5,0.5,0.5,100.0,0.9785404925557888,2,1
synthetic_product,0.5,0.5,0.5,100.0,0.4758626378098128,1,1
synthetic_product,0.5,0.5,0.5,100.0,0.9264560513155651,3,0
synthetic_product,0.5,0.5,0.5,100.0,0.2561256174622476,1,0
synthetic_product,0.5,0.5,0.5,100.0,0.4894801632042196,2,0
synthetic_product,0.5,0.5,0.5,100.0,0.6539709833717974,3,1
synthetic_product,0.5,0.5,0.5,100.0,0.3565337346663032,1,1
synthetic_product,0.5,0.5,0.5,100.0,0.4863753665687546,2,0
synthetic_product,0.5,0.5,0.5,100.0,0.3166003087049735,2,0
synthetic_product,0.5,0.5,0.5,100.0,0.7972465387561058,1,1
synthetic_product,0.5,0.5,0.5,100.0,0.3789008179445341,3,1
synthetic_product,0.5,0.5,0.5,100.0,0.9770016901120093,3,1
synthetic_product,0.5,0.5,0.5,100.0,0.35090439116786626,3,0
synthetic_product,0.5,0.5,0.5,100.0,0.9794522535885755,2,1
synthetic_product,0.5,0.5,0.5,100.0,0.9303322661461535,3,0
synthetic_product,0.5,0.5,0.5,100.0,0.571091468339437,2,1
synthetic_product,0.5,0.5,0.5,100.0,0.9448123599435442,3,1
synthetic_product,0.5,0.5,0.5,100.0,0.5049100014391303,2,1
synthetic_product,0.5,0.5,0.5,100.0,0.752771510129329,1,0
synthetic_product,0.5,0.5,0.5,100.0,0.45607603528787466,2,1
synthetic_product,0.5,0.5,0.5,100.0,0.3822485663886206,1,0
synthetic_product,0.5,0.5,0.5,100.0,0.9498450126549187,1,0
synthetic_product,0.5,0.5,0.5,100.0,1.1114889629209066,3,0
synthetic_product,0.5,0.5,0.5,100.0,0.7527610752605665,3,1
synthetic_product,0.5,0.5,0.5,100.0,0.4995046029104652,2,1
synthetic_product,0.5,0.5,0.5,100.0,0.5583906290862087,2,1
synthetic_product,0.5,0.5,0.5,100.0,0.48853270614163113,2,1
synthetic_product,0.5,0.5,0.5,100.0,0.8389656712548204,2,1
synthetic_product,0.5,0.5,0.5,100.0,0.8288690095312229,3,0
synthetic_product,0.5,0.5,0.5,100.0,0.7580422192479582,3,1
synthetic_product,0.5,0.5,0.5,100.0,0.5038867315316844,3,0
synthetic_product,0.5,0.5,0.5,100.0,0.6179691054411669,3,1
synthetic_product,0.5,0.5,0.5,100.0,0.9233419503853783,2,0
synthetic_product,0.5,0.5,0.5,100.0,0.7192376640828227,2,0
synthetic_product,0.5,0.5,0.5,100.0,0.7550937972843884,2,1
synthetic_product,0.5,0.5,0.5,100.0,0.4827555687764963,3,1
synthetic_product,0.5,0.5,0.5,100.0,0.8719010548888104,1,0
synthetic_product,0.5,0.5,0.5,100.0,0.7018723688683475,2,1
synthetic_product,0.5,0.5,0.5,100.0,0.7164068661623446,2,1
synthetic_product,0.5,0.5,0.5,100.0,0.5980610472748186,2,0
synthetic_product,0.5,0.5,0.5,100.0,0.49372642443774667,1,0
synthetic_product,0.5,0.5,0.5,100.0,0.8416945501002453,1,0
synthetic_product,0.5,0.5,0.5,100.0,0.5693239412467268,1,0
synthetic_product,0.5,0.5,0.5,100.0,0.4397652142875556,1,1
synthetic_product,0.5,0.5,0.5,100.0,0.6075400493987162,3,1
synthetic_product,0.5,0.5,0.5,100.0,1.1029113473697076,3,0
synthetic_product,0.5,0.5,0.5,100.0,0.590619058843788,3,1
synthetic_product,0.5,0.5,0.5,100.0,0.8357369901960531,2,0
synthetic_product,0.5,0.5,0.5,100.0,0.43102177959051,1,1
synthetic_product,0.5,0.5,0.5,100.0,0.8938878419413031,2,1
synthetic_product,0.5,0.5,0.5,100.0,0.35202617271769454,1,1
synthetic_product,0.5,0.5,0.5,100.0,0.7388827792737053,2,0
synthetic_product,0.5,0.5,0.5,100.0,0.5219152995230378,2,0
synthetic_product,0.5,0.5,0.5,100.0,0.4057599249171662,2,0
synthetic_product,0.5,0.5,0.5,100.0,0.6629858987637706,2,1
synthetic_product,0.5,0.5,0.5,100.0,0.9507758430224136,1,0
synthetic_product,0.5,0.5,0.5,100.0,0.33615188185260036,1,1
synthetic_product,0.5,0.5,0.5,100.0,0.23507562220789274,1,1
synthetic_product,0.5,0.5,0.5,100.0,0.9287286169354516,2,0
synthetic_product,0.5,0.5,0.5,100.0,0.6602076769019141,3,0
synthetic_product,0.5,0.5,0.5,100.0,0.39617748046234974,1,0
synthetic_product,0.5,0.5,0.5,100.0,0.6685175925101734,1,0
synthetic_product,0.5,0.5,0.5,100.0,0.8418321157588007,1,1
synthetic_product,0.5,0.5,0.5,100.0,0.8570149514232209,2,1
synthetic_product,0.5,0.5,0.5,100.0,0.4519027637775021,1,1
synthetic_product,0.5,0.5,0.5,100.0,0.4926263117580435,1,1
synthetic_product,0.5,0.5,0.5,100.0,0.6235509720218014,3,0
synthetic_product,0.5,0.5,0.5,100.0,0.4046813589565789,1,1
synthetic_product,0.5,0.5,0.5,100.0,0.6840827625875374,2,1
synthetic_product,0.5,0.5,0.5,100.0,0.7516337101785449,2,0
synthetic_product,0.5,0.5,0.5,100.0,0.4463449756607496,2,1
synthetic_product,0.5,0.5,0.5,100.0,0.7116100663587618,3,0
synthetic_product,0.5,0.5,0.5,100.0,0.2780396330625725,2,1
synthetic_product,0.5,0.5,0.5,100.0,0.7399538427431068,1,1
synthetic_product,0.5,0.5,0.5,100.0,0.5182710671884759,3,1
synthetic_product,0.5,0.5,0.5,100.0,0.4327997266214334,1,0
synthetic_product,0.5,0.5,0.5,100.0,0.5203846776980664,2,1
synthetic_product,0.5,0.5,0.5,100.0,0.7321511450535172,2,1
synthetic_product,0.5,0.5,0.5,100.0,0.8208805533788324,2,0
synthetic_product,0.5,0.5,0.5,100.0,0.5535302214389259,3,0
synthetic_product,0.5,0.5,0.5,100.0,0.22369777874502697,2,1
synthetic_product,0.5,0.5,0.5,100.0,0.6242332155028609,2,0
synthetic_product,0.5,0.5,0.5,100.0,0.39210066461269005,2,1
synthetic_product,0.5,0.5,0.5,100.0,0.35551164449590184,2,1
synthetic_product,0.5,0.5,0.5,100.0,0.6915492825200973,3,0
synthetic_product,0.5,0.5,0.5,100.0,0.9533929816709052,3,0
synthetic_product,0.5,0.5,0.5,100.0,0.27129871158646923,1,1
synthetic_product,0.5,0.5,0.5,100.0,0.3132303369429398,1,0
synthetic_product,0.5,0.5,0.5,100.0,1.0285322454501067,2,0
synthetic_product,0.5,0.5,0.5,100.0,0.8094126389391517,3,0
synthetic_product,0.5,0.5,0.5,100.0,1.1228386123906846,1,1
synthetic_product,0.5,0.5,0.5,100.0,0.878830609881508,1,0
synthetic_product,0.5,0.5,0.5,100.0,0.79493500259609,2,1
synthetic_product,0.5,0.5,0.5,100.0,0.4974097856432742,1,1
synthetic_product,0.5,0.5,0.5,100.0,0.3943098980625648,1,0
synthetic_product,0.5,0.5,0.5,100.0,0.9484138205544346,2,1
synthetic_product,0.5,0.5,0.5,100.0,0.5286944318272633,3,0
synthetic_product,0.5,0.5,0.5,100.0,0.760067281202337,3,0
synthetic_product,0.5,0.5,0.5,100.0,0.5082161940341344,3,1
synthetic_product,0.5,0.5,0.5,100.0,0.9429523984747038,1,0
synthetic_product,0.5,0.5,0.5,100.0,0.642289872945096,2,0
synthetic_product,0.5,0.5,0.5,100.0,1.1116908140623527,3,1
synthetic_product,0.5,0.5,0.5,100.0,0.7251766812462804,2,0
synthetic_product,0.5,0.5,0.5,100.0,0.45516236117404285,2,0
synthetic_product,0.5,0.5,0.5,100.0,0.6835704354880063,3,1
synthetic_product,0.5,0.5,0.5,100.0,0.930770910200079,2,0
synthetic_product,0.5,0.5,0.5,100.0,0.8485797012328828,2,1
synthetic_product,0.5,0.5,0.5,100.0,0.5705460968432712,2,1
synthetic_product,0.5,0.5,0.5,100.0,0.28814823064951234,1,1
synthetic_product,0.5,0.5,0.5,100.0,0.41204097420767444,2,1
synthetic_product,0.5,0.5,0.5,100.0,1.0352067119988657,2,0
synthetic_product,0.5,0.5,0.5,100.0,0.613760149046796,1,1
synthetic_product,0.5,0.5,0.5,100.0,0.7127494698917232,3,0
synthetic_product,0.5,0.5,0.5,100.0,0.5803649722109177,1,1
synthetic_product,0.5,0.5,0.5,100.0,0.233160848620151,1,1
synthetic_product,0.5,0.5,0.5,100.0,0.9937623016015232,3,1
synthetic_product,0.5,0.5,0.5,100.0,0.7839792073217746,1,1
synthetic_product,0.5,0.5,0.5,100.0,0.6087540837323061,2,1
synthetic_product,0.5,0.5,0.5,100.0,0.21883792707447924,1,1
synthetic_product,0.5,0.5,0.5,100.0,0.35058678096283824,2,1
synthetic_product,0.5,0.5,0.5,100.0,0.5791435824769349,3,0
synthetic_product,0.5,0.5,0.5,100.0,0.8937241542671637,3,0
synthetic_product,0.5,0.5,0.5,100.0,0.8868019252349171,3,0
synthetic_product,0.5,0.5,0.5,100.0,0.34721757160512784,1,0
synthetic_product,0.5,0.5,0.5,100.0,0.8123266591593161,1,1
synthetic_product,0.5,0.5,0.5,100.0,0.28092154834565924,2,0
synthetic_product,0.5,0.5,0.5,100.0,0.248225676051874,2,1
synthetic_product,0.5,0.5,0.5,100.0,0.4502695156850619,1,0
synthetic_product,0.5,0.5,0.5,100.0,0.5749796748754197,1,0
synthetic_product,0.5,0.5,0.5,100.0,0.4120741253450449,1,0
synthetic_product,0.5,0.5,0.5,100.0,0.5570518214265414,1,1
synthetic_product,0.5,0.5,0.5,100.0,0.38611098129664523,3,1
synthetic_product,0.5,0.5,0.5,100.0,0.906904409453783,2,0
synthetic_product,0.5,0.5,0.5,100.0,0.6891794366989742,3,0
synthetic_product,0.5,0.5,0.5,100.0,0.7497977178471259,1,0
synthetic_product,0.5,0.5,0.5,100.0,0.38765006208339825,2,1
synthetic_product,0.5,0.5,0.5,100.0,0.688668162235022,2,0
synthetic_product,0.5,0.5,0.5,100.0,0.49798220379318103,3,0
synthetic_product,0.5,0.5,0.5,100.0,0.9922259841750403,3,1
synthetic_product,0.5,0.5,0.5,100.0,0.5540710398453412,1,0
synthetic_product,0.5,0.5,0.5,100.0,0.8211519888735359,2,0
synthetic_product,0.5,0.5,0.5,100.0,0.3076143977035358,1,1
synthetic_product,0.5,0.5,0.5,100.0,0.7105962781874129,3,1
synthetic_product,0.5,0.5,0.5,100.0,0.5644515612181795,1,1
synthetic_product,0.5,0.5,0.5,100.0,0.9441061216476087,1,0
synthetic_product,0.5,0.5,0.5,100.0,0.38531791304867463,1,1
synthetic_product,0.5,0.5,0.5,100.0,0.8457983363422026,1,0
synthetic_product,0.5,0.5,0.5,100.0,0.7949768086745096,2,0
synthetic_product,0.5,0.5,0.5,100.0,1.035008877027405,2,1
synthetic_product,0.5,0.5,0.5,100.0,0.4740698825102216,2,1
synthetic_product,0.5,0.5,0.5,100.0,0.22400752084943984,1,0
synthetic_product,0.5,0.5,0.5,100.0,0.8191935422140553,1,0
synthetic_product,0.5,0.5,0.5,100.0,0.46068853071667615,2,1
synthetic_product,0.5,0.5,0.5,100.0,0.7455605097073627,1,1
synthetic_product,0.5,0.5,0.5,100.0,0.70841044494028,1,1
synthetic_product,0.5,0.5,0.5,100.0,0.9838417412653434,1,1
synthetic_product,0.5,0.5,0.5,100.0,0.8335117664520264,2,0
synthetic_product,0.5,0.5,0.5,100.0,0.7724182959301046,1,0
synthetic_product,0.5,0.5,0.5,100.0,0.8993669103459904,1,1
synthetic_product,0.5,0.5,0.5,100.0,0.8954002804093296,1,1
synthetic_product,0.5,0.5,0.5,100.0,0.559839944229584,1,1
synthetic_product,0.5,0.5,0.5,100.0,0.8174855815633589,3,1
synthetic_product,0.5,0.5,0.5,100.0,0.7276110419690384,2,1
synthetic_product,0.5,0.5,0.5,100.0,0.7562800003606446,1,1
synthetic_product,0.5,0.5,0.5,100.0,0.8687661142076368,3,1
synthetic_product,0.5,0.5,0.5,100.0,0.31809745575802273,2,1
synthetic_product,0.5,0.5,0.5,100.0,0.6673682622108044,2,0
synthetic_product,0.5,0.5,0.5,100.0,0.24035525064387497,3,1
synthetic_product,0.5,0.5,0.5,100.0,0.8469136000835397,3,0
synthetic_product,0.5,0.5,0.5,100.0,0.7104644209876912,1,1
synthetic_product,0.5,0.5,0.5,100.0,0.5690213443494554,2,0
synthetic_product,0.5,0.5,0.5,100.0,0.7540230725852274,2,1
synthetic_product,0.5,0.5,0.5,100.0,0.6933766654729727,1,0
synthetic_product,0.5,0.5,0.5,100.0,0.6397834826853811,3,1
synthetic_product,0.5,0.5,0.5,100.0,0.6828528061441181,3,1
synthetic_product,0.5,0.5,0.5,100.0,0.4546342073555367,3,0
synthetic_product,0.5,0.5,0.5,100.0,0.945328654521274,1,0
synthetic_product,0.5,0.5,0.5,100.0,0.9109054305503508,2,1
synthetic_product,0.5,0.5,0.5,100.0,0.5770682464608996,1,1
synthetic_product,0.5,0.5,0.5,100.0,0.623410325195459,2,1
synthetic_product,0.5,0.5,0.5,100.0,1.1341352833594671,3,1
synthetic_product,0.5,0.5,0.5,100.0,0.8731485867539024,2,0
synthetic_product,0.5,0.5,0.5,100.0,0.16353954223401576,1,1
synthetic_product,0.5,0.5,0.5,100.0,0.7434427238530099,2,1
synthetic_product,0.5,0.5,0.5,100.0,0.5125317027010495,2,0
synthetic_product,0.5,0.5,0.5,100.0,0.6863484694705986,2,0
synthetic_product,0.5,0.5,0.5,100.0,0.5641408095777588,1,0
synthetic_product,0.5,0.5,0.5,100.0,0.7298747601287237,2,0
synthetic_product,0.5,0.5,0.5,100.0,0.6872518412544928,2,0
synthetic_product,0.5,0.5,0.5,100.0,0.7170736090132,1,0
synthetic_product,0.5,0.5,0.5,100.0,0.72737076418165,2,0
synthetic_product,0.5,0.5,0.5,100.0,0.6016841594736764,1,0
synthetic_product,0.5,0.5,0.5,100.0,0.5187364499222915,1,1
synthetic_product,0.5,0.5,0.5,100.0,0.9532398615881255,1,0
synthetic_product,0.5,0.5,0.5,100.0,0.6969138267263374,3,0
synthetic_product,0.5,0.5,0.5,100.0,0.4577136649391884,2,0
synthetic_product,0.5,0.5,0.5,100.0,0.4412446912034321,3,1
synthetic_product,0.5,0.5,0.5,100.0,0.18078537541637413,1,1
synthetic_product,0.5,0.5,0.5,100.0,0.5437164898296791,2,1
synthetic_product,0.5,0.5,0.5,100.0,0.29463201652047977,1,1
synthetic_product,0.5,0.5,0.5,100.0,0.5929407872231602,3,1
synthetic_product,0.5,0.5,0.5,100.0,0.6493817226108541,2,1
synthetic_product,0.5,0.5,0.5,100.0,1.149108985852294,2,1
synthetic_product,0.5,0.5,0.5,100.0,0.4510068451310965,3,1
synthetic_product,0.5,0.5,0.5,100.0,0.6779631331938709,3,0
synthetic_product,0.5,0.5,0.5,100.0,0.7643609665290122,3,0
synthetic_product,0.5,0.5,0.5,100.0,0.35552580875280787,2,1
synthetic_product,0.5,0.5,0.5,100.0,0.5023390349310056,2,0
synthetic_product,0.5,0.5,0.5,100.0,0.5738243222636197,2,0
synthetic_product,0.5,0.5,0.5,100.0,0.41049044970359794,2,1
synthetic_product,0.5,0.5,0.5,100.0,0.24284921934169337,1,1
synthetic_product,0.5,0.5,0.5,100.0,0.39178663011588005,1,0
synthetic_product,0.5,0.5,0.5,100.0,0.63333358613721,3,1
synthetic_product,0.5,0.5,0.5,100.0,1.0543514114757386,3,0
synthetic_product,0.5,0.5,0.5,100.0,1.0621025497924093,2,0
synthetic_product,0.5,0.5,0.5,100.0,0.6102814931773463,1,1
synthetic_product,0.5,0.5,0.5,100.0,0.7426247746133104,1,0
synthetic_product,0.5,0.5,0.5,100.0,0.4962053898352187,1,1
synthetic_product,0.5,0.5,0.5,100.0,0.6197156338609734,1,0
synthetic_product,0.5,0.5,0.5,100.0,0.6582083638313813,1,1
synthetic_product,0.5,0.5,0.5,100.0,1.121732747048622,3,1
synthetic_product,0.5,0.5,0.5,100.0,0.30189213623661876,1,1
synthetic_product,0.5,0.5,0.5,100.0,0.7382279600421597,3,1
synthetic_product,0.5,0.5,0.5,100.0,0.38108152074897017,2,1
synthetic_product,0.5,0.5,0.5,100.0,0.14437795944846732,1,1
synthetic_product,0.5,0.5,0.5,100.0,0.652074090006919,1,0
synthetic_product,0.5,0.5,0.5,100.0,0.6450598195996288,3,0
synthetic_product,0.5,0.5,0.5,100.0,1.1044995735230292,3,0
synthetic_product,0.5,0.5,0.5,100.0,0.3123473039079694,2,1
synthetic_product,0.5,0.5,0.5,100.0,0.8075437483985496,2,0
synthetic_product,0.5,0.5,0.5,100.0,0.19057859662833113,2,1
synthetic_product,0.5,0.5,0.5,100.0,0.6116414995589272,1,0
synthetic_product,0.5,0.5,0.5,100.0,1.0653765355130715,3,0
synthetic_product,0.5,0.5,0.5,100.0,0.6902767444935081,3,1
synthetic_product,0.5,0.5,0.5,100.0,0.7526176193996129,2,0
synthetic_product,0.5,0.5,0.5,100.0,0.8818329925574193,2,1
synthetic_product,0.5,0.5,0.5,100.0,0.8778913907582757,1,1
synthetic_product,0.5,0.5,0.5,100.0,0.3640350287093271,2,1
synthetic_product,0.5,0.5,0.5,100.0,1.0367620409989908,2,1
synthetic_product,0.5,0.5,0.5,100.0,0.42983044302806994,1,1
synthetic_product,0.5,0.5,0.5,100.0,0.38149852699317965,1,1
synthetic_product,0.5,0.5,0.5,100.0,0.698813708183211,3,1
synthetic_product,0.5,0.5,0.5,100.0,0.5403532109377571,1,1
synthetic_product,0.5,0.5,0.5,100.0,0.7572427111224985,2,0
synthetic_product,0.5,0.5,0.5,100.0,1.0580537787896132,2,1
synthetic_product,0.5,0.5,0.5,100.0,0.8451702677682679,3,0
synthetic_product,0.5,0.5,0.5,100.0,0.7728405934940744,2,0
synthetic_product,0.5,0.5,0.5,100.0,0.6306849198981501,3,0
synthetic_product,0.5,0.5,0.5,100.0,1.023764659916165,2,0
synthetic_product,0.5,0.5,0.5,100.0,0.609668292900207,2,0
synthetic_product,0.5,0.5,0.5,100.0,0.9634449564026103,1,0
synthetic_product,0.5,0.5,0.5,100.0,0.7047967551913007,2,1
synthetic_product,0.5,0.5,0.5,100.0,0.6573452937771914,2,0
synthetic_product,0.5,0.5,0.5,100.0,0.5885150496906386,3,1
synthetic_product,0.5,0.5,0.5,100.0,0.9874453809217124,2,0
synthetic_product,0.5,0.5,0.5,100.0,0.8970811280120871,3,1
synthetic_product,0.5,0.5,0.5,100.0,0.755927632376365,2,1
synthetic_product,0.5,0.5,0.5,100.0,0.4304572839620704,2,1
synthetic_product,0.5,0.5,0.5,100.0,0.5840780646206017,3,1
synthetic_product,0.5,0.5,0.5,100.0,0.7482937418076412,2,0
synthetic_product,0.5,0.5,0.5,100.0,0.7931667269240376,2,0
synthetic_product,0.5,0.5,0.5,100.0,0.9624324520079351,2,0
synthetic_product,0.5,0.5,0.5,100.0,0.7906523471895022,3,1
synthetic_product,0.5,0.5,0.5,100.0,0.5648929699849671,3,1
synthetic_product,0.5,0.5,0.5,100.0,0.8678995242758534,3,0
synthetic_product,0.5,0.5,0.5,100.0,0.5968062902776367,2,1
synthetic_product,0.5,0.5,0.5,100.0,0.41469500824030925,2,0
synthetic_product,0.5,0.5,0.5,100.0,0.8486884752967464,2,0
synthetic_product,0.5,0.5,0.5,100.0,1.0691015812450437,3,1
synthetic_product,0.5,0.5,0.5,100.0,0.4272353909695891,1,1
synthetic_product,0.5,0.5,0.5,100.0,0.8388433291973147,2,0
synthetic_product,0.5,0.5,0.5,100.0,0.7306625860929743,2,1
synthetic_product,0.5,0.5,0.5,100.0,1.077223807564821,3,1
synthetic_product,0.5,0.5,0.5,100.0,0.1298264186411672,1,1
synthetic_product,0.5,0.5,0.5,100.0,0.1852478366676924,2,1
synthetic_product,0.5,0.5,0.5,100.0,0.36631400204724024,1,1
synthetic_product,0.5,0.5,0.5,100.0,0.4295095018017208,1,0
synthetic_product,0.5,0.5,0.5,100.0,0.9289811735269647,2,0
synthetic_product,0.5,0.5,0.5,100.0,0.9196960398642833,3,0
synthetic_product,0.5,0.5,0.5,100.0,1.117355296672012,3,1
synthetic_product,0.5,0.5,0.5,100.0,0.7413918809173556,3,1
synthetic_product,0.5,0.5,0.5,100.0,0.7273638802650965,1,1
synthetic_product,0.5,0.5,0.5,100.0,0.7889604422337524,1,1
synthetic_product,0.5,0.5,0.5,100.0,0.28968449375263794,2,1
synthetic_product,0.5,0.5,0.5,100.0,0.6111235766255303,3,0
synthetic_product,0.5,0.5,0.5,100.0,0.6492053969813986,1,0
synthetic_product,0.5,0.5,0.5,100.0,0.8211045998162724,2,1
synthetic_product,0.5,0.5,0.5,100.0,0.8589746680869078,3,1
synthetic_product,0.5,0.5,0.5,100.0,0.5747737862405674,3,1
synthetic_product,0.5,0.5,0.5,100.0,0.5029978516050976,1,1
synthetic_product,0.5,0.5,0.5,100.0,0.7365169070989959,2,0
synthetic_product,0.5,0.5,0.5,100.0,0.6331549860373396,1,0
synthetic_product,0.5,0.5,0.5,100.0,0.9320552003216837,1,0
synthetic_product,0.5,0.5,0.5,100.0,0.8900155756255851,2,0
synthetic_product,0.5,0.5,0.5,100.0,0.614732808504898,2,1
synthetic_product,0.5,0.5,0.5,100.0,0.588353406033289,2,0
synthetic_product,0.5,0.5,0.5,100.0,0.5887897909821719,1,0
synthetic_product,0.5,0.5,0.5,100.0,0.40191233045519065,1,0
synthetic_product,0.5,0.5,0.5,100.0,0.4284904559897994,2,0
synthetic_product,0.5,0.5,0.5,100.0,0.4286464215224608,2,1
synthetic_product,0.5,0.5,0.5,100.0,0.933620165625285,2,0
synthetic_product,0.5,0.5,0.5,100.0,0.2176514840483747,1,1
synthetic_product,0.5,0.5,0.5,100.0,0.755055358352877,2,1
synthetic_product,0.5,0.5,0.5,100.0,0.7012972042490621,3,1
synthetic_product,0.5,0.5,0.5,100.0,0.8055974921203208,2,0
synthetic_product,0.5,0.5,0.5,100.0,0.9355299872415442,2,1
synthetic_product,0.5,0.5,0.5,100.0,0.7693366852839622,2,0
synthetic_product,0.5,0.5,0.5,100.0,0.7322985014838632,1,0
synthetic_product,0.5,0.5,0.5,100.0,0.5253830853913624,3,0
synthetic_product,0.5,0.5,0.5,100.0,0.635886551535655,2,1
synthetic_product,0.5,0.5,0.5,100.0,0.7252619022312617,2,0
synthetic_product,0.5,0.5,0.5,100.0,0.8851907159601363,2,0
synthetic_product,0.5,0.5,0.5,100.0,0.505221933099073,2,1
synthetic_product,0.5,0.5,0.5,100.0,0.8178371969158734,1,0
synthetic_product,0.5,0.5,0.5,100.0,0.7470020691412848,2,1
synthetic_product,0.5,0.5,0.5,100.0,0.3706483644763331,2,1
synthetic_product,0.5,0.5,0.5,100.0,0.8532161420685578,3,0
synthetic_product,0.5,0.5,0.5,100.0,0.9687553688002832,2,0
synthetic_product,0.5,0.5,0.5,100.0,0.7783492392950963,1,0
synthetic_product,0.5,0.5,0.5,100.0,0.47334493306742664,1,1
synthetic_product,0.5,0.5,0.5,100.0,0.7520195683047162,2,0
synthetic_product,0.5,0.5,0.5,100.0,0.5113044998519668,1,1
synthetic_product,0.5,0.5,0.5,100.0,0.3494730534194517,1,1
synthetic_product,0.5,0.5,0.5,100.0,0.3988034770778101,1,1
synthetic_product,0.5,0.5,0.5,100.0,0.5657263914219625,1,1
synthetic_product,0.5,0.5,0.5,100.0,0.3433024710929816,1,1
synthetic_product,0.5,0.5,0.5,100.0,1.139470724938774,3,1
synthetic_product,0.5,0.5,0.5,100.0,0.9113270730782432,1,1
synthetic_product,0.5,0.5,0.5,100.0,0.49704497021132626,2,1
synthetic_product,0.5,0.5,0.5,100.0,0.8630184437560298,2,0
synthetic_product,0.5,0.5,0.5,100.0,0.44573549657549133,1,1
synthetic_product,0.5,0.5,0.5,100.0,0.20825017894883013,1,1
synthetic_product,0.5,0.5,0.5,100.0,0.7463433561977283,2,0
synthetic_product,0.5,0.5,0.5,100.0,0.6771582114532626,2,1
synthetic_product,0.5,0.5,0.5,100.0,0.7769437479608994,2,0
synthetic_product,0.5,0.5,0.5,100.0,0.4808643951907827,2,1
synthetic_product,0.5,0.5,0.5,100.0,0.4273237563106679,1,1
synthetic_product,0.5,0.5,0.5,100.0,0.6393260241946279,1,0
synthetic_product,0.5,0.5,0.5,100.0,0.4385853471877808,1,0
synthetic_product,0.5,0.5,0.5,100.0,0.8117395691249716,1,0
synthetic_product,0.5,0.5,0.5,100.0,0.6708475991472486,3,1
synthetic_product,0.5,0.5,0.5,100.0,0.7640769030698554,1,1
synthetic_product,0.5,0.5,0.5,100.0,0.7529245170923424,3,1
synthetic_product,0.5,0.5,0.5,100.0,0.9439853425212761,2,0
synthetic_product,0.5,0.5,0.5,100.0,0.8252104125443827,3,0
synthetic_product,0.5,0.5,0.5,100.0,0.5733949645787627,1,0
synthetic_product,0.5,0.5,0.5,100.0,0.7765889759253509,1,1
synthetic_product,0.5,0.5,0.5,100.0,0.3950156939696455,3,0
synthetic_product,0.5,0.5,0.5,100.0,0.5187963071532361,2,1
synthetic_product,0.5,0.5,0.5,100.0,0.8984029245536886,1,1
synthetic_product,0.5,0.5,0.5,100.0,0.4324059805218209,1,1
synthetic_product,0.5,0.5,0.5,100.0,0.805950886787011,2,0
synthetic_product,0.5,0.5,0.5,100.0,0.5554550815596685,2,1
synthetic_product,0.5,0.5,0.5,100.0,1.0648007141370421,2,0
synthetic_product,0.5,0.5,0.5,100.0,1.0543035711443869,2,0
synthetic_product,0.5,0.5,0.5,100.0,0.5415247573639062,3,0
synthetic_product,0.5,0.5,0.5,100.0,0.45169081255428045,2,0
synthetic_product,0.5,0.5,0.5,100.0,0.6511657349220256,1,0
synthetic_product,0.5,0.5,0.5,100.0,0.8974619776709876,2,0
synthetic_product,0.5,0.5,0.5,100.0,0.7207449594483937,2,0
synthetic_product,0.5,0.5,0.5,100.0,0.7951943239041064,2,0
synthetic_product,0.5,0.5,0.5,100.0,0.19521555494042842,2,0
synthetic_product,0.5,0.5,0.5,100.0,1.03952971260359,2,0
synthetic_product,0.5,0.5,0.5,100.0,1.0848068163334583,3,0
synthetic_product,0.5,0.5,0.5,100.0,0.6878475629118205,2,1
synthetic_product,0.5,0.5,0.5,100.0,1.017914870675368,1,0
synthetic_product,0.5,0.5,0.5,100.0,0.7718652615913474,2,0
synthetic_product,0.5,0.5,0.5,100.0,0.6089370838890154,1,0
synthetic_product,0.5,0.5,0.5,100.0,0.5566148825972527,3,1
synthetic_product,0.5,0.5,0.5,100.0,0.4739693992604004,2,1
synthetic_product,0.5,0.5,0.5,100.0,0.50925925869086,2,1
synthetic_product,0.5,0.5,0.5,100.0,0.6500482860612583,1,1
synthetic_product,0.5,0.5,0.5,100.0,0.3059101625907034,1,1
synthetic_product,0.5,0.5,0.5,100.0,0.5112111580310302,2,0
synthetic_product,0.5,0.5,0.5,100.0,0.39890420950299094,2,0
synthetic_product,0.5,0.5,0.5,100.0,0.5905015555820556,3,1
synthetic_product,0.5,0.5,0.5,100.0,0.3727750009891046,1,0
synthetic_product,0.5,0.5,0.5,100.0,0.945851199972234,2,1
synthetic_product,0.5,0.5,0.5,100.0,0.6708059688392263,1,0
synthetic_product,0.5,0.5,0.5,100.0,0.7877643957743241,1,0
synthetic_product,0.5,0.5,0.5,100.0,1.1247269715892398,3,1
synthetic_product,0.5,0.5,0.5,100.0,0.1526750205149285,1,1
synthetic_product,0.5,0.5,0.5,100.0,0.9766347240613271,2,1
synthetic_product,0.5,0.5,0.5,100.0,0.5761104789623442,1,0
synthetic_product,0.5,0.5,0.5,100.0,0.7818275849771636,3,0
synthetic_product,0.5,0.5,0.5,100.0,0.28379483350358853,1,1
synthetic_product,0.5,0.5,0.5,100.0,0.6120321397155405,2,0
synthetic_product,0.5,0.5,0.5,100.0,0.703167176549909,2,1
synthetic_product,0.5,0.5,0.5,100.0,0.3692499813614878,2,1
synthetic_product,0.5,0.5,0.5,100.0,0.7812764007269557,1,0
synthetic_product,0.5,0.5,0.5,100.0,0.3900302737283153,2,1
synthetic_product,0.5,0.5,0.5,100.0,0.9481099710728428,1,1
synthetic_product,0.5,0.5,0.5,100.0,0.2475002026340487,1,0
synthetic_product,0.5,0.5,0.5,100.0,0.8951904968610568,1,0
synthetic_product,0.5,0.5,0.5,100.0,0.674831560001399,1,1
synthetic_product,0.5,0.5,0.5,100.0,0.7114279631849489,2,1
synthetic_product,0.5,0.5,0.5,100.0,0.8352634684619955,2,1
synthetic_product,0.5,0.5,0.5,100.0,0.5903842522345945,1,1
synthetic_product,0.5,0.5,0.5,100.0,0.9135198084475978,1,0
synthetic_product,0.5,0.5,0.5,100.0,1.0473212766210032,2,1
synthetic_product,0.5,0.5,0.5,100.0,0.34405514980137,1,1
synthetic_product,0.5,0.5,0.5,100.0,0.2947676529286186,1,1
synthetic_product,0.5,0.5,0.5,100.0,0.32326091710359295,2,1
synthetic_product,0.5,0.5,0.5,100.0,0.5772116577158428,3,1
synthetic_product,0.5,0.5,0.5,100.0,0.7900763633976767,3,0
synthetic_product,0.5,0.5,0.5,100.0,0.8037122528521596,2,0
synthetic_product,0.5,0.5,0.5,100.0,0.649251675049426,3,1
synthetic_product,0.5,0.5,0.5,100.0,0.8818695845482184,3,1
synthetic_product,0.5,0.5,0.5,100.0,1.0248127532155118,3,1
synthetic_product,0.5,0.5,0.5,100.0,0.4892705042489586,3,1
synthetic_product,0.5,0.5,0.5,100.0,0.6456481351061594,1,1
synthetic_product,0.5,0.5,0.5,100.0,1.0569652729731167,2,1
synthetic_product,0.5,0.5,0.5,100.0,0.4821919590415573,3,1
synthetic_product,0.5,0.5,0.5,100.0,0.6551057396989669,2,1
synthetic_product,0.5,0.5,0.5,100.0,0.7079954442540407,1,1
synthetic_product,0.5,0.5,0.5,100.0,1.0881558920181367,2,1
synthetic_product,0.5,0.5,0.5,100.0,0.8890155631127609,3,0
synthetic_product,0.5,0.5,0.5,100.0,0.13429856278835928,1,1
synthetic_product,0.5,0.5,0.5,100.0,0.4890749250427313,2,0
synthetic_product,0.5,0.5,0.5,100.0,0.6838317850899177,1,0
synthetic_product,0.5,0.5,0.5,100.0,0.3038436202905834,1,1
synthetic_product,0.5,0.5,0.5,100.0,0.6251452071013447,2,1
synthetic_product,0.5,0.5,0.5,100.0,0.84996505539416,1,0
synthetic_product,0.5,0.5,0.5,100.0,0.39485832205776267,1,0
synthetic_product,0.5,0.5,0.5,100.0,0.23102836284372524,1,1
synthetic_product,0.5,0.5,0.5,100.0,0.45334163089844104,3,1
synthetic_product,0.5,0.5,0.5,100.0,0.5749456997160661,3,0
synthetic_product,0.5,0.5,0.5,100.0,0.8096564384230968,2,0
synthetic_product,0.5,0.5,0.5,100.0,0.7757301261846454,2,0
synthetic_product,0.5,0.5,0.5,100.0,0.8134142146428254,1,0
synthetic_product,0.5,0.5,0.5,100.0,0.9150101743026178,3,1
synthetic_product,0.5,0.5,0.5,100.0,1.130433399987957,3,0
synthetic_product,0.5,0.5,0.5,100.0,0.4325932619474559,2,0
synthetic_product,0.5,0.5,0.5,100.0,0.636243189310172,1,1
synthetic_product,0.5,0.5,0.5,100.0,0.6564618795449634,1,0
synthetic_product,0.5,0.5,0.5,100.0,0.8225023219081029,1,0
synthetic_product,0.5,0.5,0.5,100.0,0.2762548427980571,1,1
synthetic_product,0.5,0.5,0.5,100.0,0.39854877333445266,3,1
synthetic_product,0.5,0.5,0.5,100.0,0.7820497766311333,1,1
synthetic_product,0.5,0.5,0.5,100.0,0.502106655621892,3,1
synthetic_product,0.5,0.5,0.5,100.0,0.19217302454408342,2,1
synthetic_product,0.5,0.5,0.5,100.0,0.3007494461474175,2,1
synthetic_product,0.5,0.5,0.5,100.0,0.8477194542619443,1,1
synthetic_product,0.5,0.5,0.5,100.0,0.9090255859654249,1,0
synthetic_product,0.5,0.5,0.5,100.0,0.8058093444089044,2,0
synthetic_product,0.5,0.5,0.5,100.0,0.9160296419046954,1,1
synthetic_product,0.5,0.5,0.5,100.0,0.8410720747151639,2,1
synthetic_product,0.5,0.5,0.5,100.0,0.6452055520645377,2,1
synthetic_product,0.5,0.5,0.5,100.0,0.7670463080426009,1,0
synthetic_product,0.5,0.5,0.5,100.0,0.5174294238277853,1,0
synthetic_product,0.5,0.5,0.5,100.0,0.3119586245911796,1,1
synthetic_product,0.5,0.5,0.5,100.0,0.768983245494365,2,1
synthetic_product,0.5,0.5,0.5,100.0,0.2345130915918538,1,0
synthetic_product,0.5,0.5,0.5,100.0,0.8477664072521306,1,0
synthetic_product,0.5,0.5,0.5,100.0,0.9802250256820456,3,1
synthetic_product,0.5,0.5,0.5,100.0,0.8568234261877626,2,0
synthetic_product,0.5,0.5,0.5,100.0,0.559987665282124,2,0
synthetic_product,0.5,0.5,0.5,100.0,0.3993570728327625,1,0
synthetic_product,0.5,0.5,0.5,100.0,0.579625526909563,1,1
synthetic_product,0.5,0.5,0.5,100.0,0.4476518943116996,1,1
synthetic_product,0.5,0.5,0.5,100.0,0.47325710668439663,2,1
synthetic_product,0.5,0.5,0.5,100.0,0.8129044214594141,3,0
synthetic_product,0.5,0.5,0.5,100.0,0.46465601741558604,1,1
synthetic_product,0.5,0.5,0.5,100.0,0.7816537079662687,1,0
synthetic_product,0.5,0.5,0.5,100.0,0.835448050577821,2,1
synthetic_product,0.5,0.5,0.5,100.0,0.7492447321846153,2,1
synthetic_product,0.5,0.5,0.5,100.0,0.8766560381146211,2,1
synthetic_product,0.5,0.5,0.5,100.0,0.5014384523570306,1,1
synthetic_product,0.5,0.5,0.5,100.0,0.6258362482795069,3,0
synthetic_product,0.5,0.5,0.5,100.0,0.4618700577526574,1,1
synthetic_product,0.5,0.5,0.5,100.0,0.7271430981138336,2,0
synthetic_product,0.5,0.5,0.5,100.0,0.4250777693376057,2,1
synthetic_product,0.5,0.5,0.5,100.0,0.30048448940902467,1,1
synthetic_product,0.5,0.5,0.5,100.0,0.6795686736116542,2,0
synthetic_product,0.5,0.5,0.5,100.0,0.9477719994223821,2,0
synthetic_product,0.5,0.5,0.5,100.0,0.4936556806812278,1,0
synthetic_product,0.5,0.5,0.5,100.0,0.44165411125214404,3,1
synthetic_product,0.5,0.5,0.5,100.0,1.092859370840897,3,0
synthetic_product,0.5,0.5,0.5,100.0,0.6513127000160854,2,1
synthetic_product,0.5,0.5,0.5,100.0,0.8163616510578663,1,0
synthetic_product,0.5,0.5,0.5,100.0,0.4089842335028891,2,0
synthetic_product,0.5,0.5,0.5,100.0,0.5653513574580517,3,1
synthetic_product,0.5,0.5,0.5,100.0,0.9326830655612947,3,1
synthetic_product,0.5,0.5,0.5,100.0,0.9604641100407276,1,0
synthetic_product,0.5,0.5,0.5,100.0,0.9719837151251188,3,1
synthetic_product,0.5,0.5,0.5,100.0,0.6739307508230071,1,0
synthetic_product,0.5,0.5,0.5,100.0,0.9305986757850309,2,0
synthetic_product,0.5,0.5,0.5,100.0,0.5481516002803045,1,1
synthetic_product,0.5,0.5,0.5,100.0,0.5374403271782966,1,0
synthetic_product,0.5,0.5,0.5,100.0,0.26017040680494485,1,1
synthetic_product,0.5,0.5,0.5,100.0,0.5639489488099187,2,0
synthetic_product,0.5,0.5,0.5,100.0,0.7052246248786358,2,1
synthetic_product,0.5,0.5,0.5,100.0,0.6028731493523403,2,1
synthetic_product,0.5,0.5,0.5,100.0,0.5418628335118092,2,0
synthetic_product,0.5,0.5,0.5,100.0,0.5751651880815608,3,0
synthetic_product,0.5,0.5,0.5,100.0,0.36886989874295106,3,1
synthetic_product,0.5,0.5,0.5,100.0,0.956852878136141,1,0
synthetic_product,0.5,0.5,0.5,100.0,0.743082484210262,3,0
synthetic_product,0.5,0.5,0.5,100.0,0.32655958353750214,2,1
synthetic_product,0.5,0.5,0.5,100.0,0.3680992378645879,3,1
synthetic_product,0.5,0.5,0.5,100.0,0.6678760152385398,1,0
synthetic_product,0.5,0.5,0.5,100.0,0.7555804611032679,2,0
synthetic_product,0.5,0.5,0.5,100.0,0.9332616885533067,1,1
synthetic_product,0.5,0.5,0.5,100.0,0.604186132281716,3,0
synthetic_product,0.5,0.5,0.5,100.0,0.5877650156548223,1,0
synthetic_product,0.5,0.5,0.5,100.0,0.3491960203305666,1,1
synthetic_product,0.5,0.5,0.5,100.0,0.5729973737207084,2,0
synthetic_product,0.5,0.5,0.5,100.0,1.1008341582844772,2,1
synthetic_product,0.5,0.5,0.5,100.0,0.5266998565166534,1,0
synthetic_product,0.5,0.5,0.5,100.0,1.0266811264466509,2,0
synthetic_product,0.5,0.5,0.5,100.0,0.9789558738339688,3,1
synthetic_product,0.5,0.5,0.5,100.0,0.7847924766964829,2,1
synthetic_product,0.5,0.5,0.5,100.0,0.5473181411281584,2,1
synthetic_product,0.5,0.5,0.5,100.0,0.4091158072165025,2,1
synthetic_product,0.5,0.5,0.5,100.0,0.723353964906983,2,0
synthetic_product,0.5,0.5,0.5,100.0,0.9890198010650457,1,0
synthetic_product,0.5,0.5,0.5,100.0,1.0185797289172127,3,1
synthetic_product,0.5,0.5,0.5,100.0,0.8519231655938593,3,0
synthetic_product,0.5,0.5,0.5,100.0,0.8449805019907995,2,0
synthetic_product,0.5,0.5,0.5,100.0,0.4808746536808591,1,0
synthetic_product,0.5,0.5,0.5,100.0,0.8759575018728455,2,1
synthetic_product,0.5,0.5,0.5,100.0,0.9050127409288539,1,0
synthetic_product,0.5,0.5,0.5,100.0,0.48380587435048306,1,0
synthetic_product,0.5,0.5,0.5,100.0,0.7028641662262897,1,0
synthetic_product,0.5,0.5,0.5,100.0,0.15509861214392567,3,1
synthetic_product,0.5,0.5,0.5,100.0,0.25816973966608336,1,1
synthetic_product,0.5,0.5,0.5,100.0,0.8173423983412925,1,1
synthetic_product,0.5,0.5,0.5,100.0,0.6848455202978073,3,1
synthetic_product,0.5,0.5,0.5,100.0,0.9395738226650955,3,1
synthetic_product,0.5,0.5,0.5,100.0,1.0167908642878662,3,0
synthetic_product,0.5,0.5,0.5,100.0,0.5691540159247306,1,1
synthetic_product,0.5,0.5,0.5,100.0,0.7200462366576278,3,1
synthetic_product,0.5,0.5,0.5,100.0,1.1540783144730138,2,1
synthetic_product,0.5,0.5,0.5,100.0,0.5045291246717188,3,1
synthetic_product,0.5,0.5,0.5,100.0,0.9870578918256651,1,0
synthetic_product,0.5,0.5,0.5,100.0,0.45997646289322447,2,1
synthetic_product,0.5,0.5,0.5,100.0,0.39690022789921625,2,1
synthetic_product,0.5,0.5,0.5,100.0,0.30816216585221035,2,1
synthetic_product,0.5,0.5,0.5,100.0,0.5828555135448057,2,1
synthetic_product,0.5,0.5,0.5,100.0,0.6349465420000472,1,1
synthetic_product,0.5,0.5,0.5,100.0,0.6094301807318668,2,1
synthetic_product,0.5,0.5,0.5,100.0,0.854703062640006,2,0
synthetic_product,0.5,0.5,0.5,100.0,1.0018551705450705,3,0
synthetic_product,0.5,0.5,0.5,100.0,0.7451664466855841,3,1
synthetic_product,0.5,0.5,0.5,100.0,0.5348378067991679,2,1
synthetic_product,0.5,0.5,0.5,100.0,0.5217544164242773,2,0
synthetic_product,0.5,0.5,0.5,100.0,0.46201927366375267,1,1
synthetic_product,0.5,0.5,0.5,100.0,0.6467784512094874,2,0
synthetic_product,0.5,0.5,0.5,100.0,0.553291085956443,2,1
synthetic_product,0.5,0.5,0.5,100.0,0.9966008103477133,3,0
synthetic_product,0.5,0.5,0.5,100.0,0.41441639684710874,3,0
synthetic_product,0.5,0.5,0.5,100.0,0.3497623776419611,2,1
synthetic_product,0.5,0.5,0.5,100.0,0.6710169265964311,3,0
synthetic_product,0.5,0.5,0.5,100.0,0.48405219444029823,2,0
synthetic_product,0.5,0.5,0.5,100.0,0.9061321928273706,3,0
synthetic_product,0.5,0.5,0.5,100.0,0.5597673217163007,3,0
synthetic_product,0.5,0.5,0.5,100.0,0.9359318704573704,3,1
synthetic_product,0.5,0.5,0.5,100.0,0.502298194671032,2,0
synthetic_product,0.5,0.5,0.5,100.0,0.5804301405601923,1,0
synthetic_product,0.5,0.5,0.5,100.0,0.8722230925696821,1,0
synthetic_product,0.5,0.5,0.5,100.0,0.8275959515610967,3,1
synthetic_product,0.5,0.5,0.5,100.0,0.6710624166087221,2,0
synthetic_product,0.5,0.5,0.5,100.0,0.8643332128085248,3,0
synthetic_product,0.5,0.5,0.5,100.0,0.6451328037249987,1,1
synthetic_product,0.5,0.5,0.5,100.0,1.000900446454884,2,0
synthetic_product,0.5,0.5,0.5,100.0,0.4351364043954862,3,1
synthetic_product,0.5,0.5,0.5,100.0,0.4111432849592791,2,1
synthetic_product,0.5,0.5,0.5,100.0,0.8650836594447877,2,0
synthetic_product,0.5,0.5,0.5,100.0,0.4956254953793099,2,0
synthetic_product,0.5,0.5,0.5,100.0,0.48069128321280213,3,0
synthetic_product,0.5,0.5,0.5,100.0,0.8068861929722235,2,1
synthetic_product,0.5,0.5,0.5,100.0,0.30503988504550444,2,1
synthetic_product,0.5,0.5,0.5,100.0,0.6239812698134601,1,0
synthetic_product,0.5,0.5,0.5,100.0,0.5766523010396373,2,1
synthetic_product,0.5,0.5,0.5,100.0,0.6967899755512262,1,1
synthetic_product,0.5,0.5,0.5,100.0,0.5618748248509587,2,0
synthetic_product,0.5,0.5,0.5,100.0,0.4656243941984054,3,1
synthetic_product,0.5,0.5,0.5,100.0,0.8882709285771808,1,0
synthetic_product,0.5,0.5,0.5,100.0,0.7265833204312594,3,1
synthetic_product,0.5,0.5,0.5,100.0,0.5583027155228952,3,1
synthetic_product,0.5,0.5,0.5,100.0,0.8962884168237022,2,1
synthetic_product,0.5,0.5,0.5,100.0,0.31750721780096947,1,1
synthetic_product,0.5,0.5,0.5,100.0,0.8380738065887539,2,1
synthetic_product,0.5,0.5,0.5,100.0,0.785414871912205,3,1
synthetic_product,0.5,0.5,0.5,100.0,0.7663942193868389,1,0
synthetic_product,0.5,0.5,0.5,100.0,0.48986609694849054,2,0
synthetic_product,0.5,0.5,0.5,100.0,0.42448138340962926,2,1
synthetic_product,0.5,0.5,0.5,100.0,0.663765798589788,2,1
synthetic_product,0.5,0.5,0.5,100.0,0.21119305437216518,1,0
synthetic_product,0.5,0.5,0.5,100.0,0.45402235795989426,2,1
synthetic_product,0.5,0.5,0.5,100.0,0.8416518835580225,1,0
synthetic_product,0.5,0.5,0.5,100.0,0.4669954030697937,2,1
synthetic_product,0.5,0.5,0.5,100.0,0.30794580921790893,2,1
synthetic_product,0.5,0.5,0.5,100.0,0.6589113427020297,2,0
synthetic_product,0.5,0.5,0.5,100.0,0.8378710795741604,2,1
synthetic_product,0.5,0.5,0.5,100.0,0.5453836454093943,1,1
synthetic_product,0.5,0.5,0.5,100.0,0.5950140792100294,1,0
synthetic_product,0.5,0.5,0.5,100.0,0.9687351404048609,2,0
synthetic_product,0.5,0.5,0.5,100.0,0.39877435499830455,1,1
synthetic_product,0.5,0.5,0.5,100.0,1.2671725152688829,3,1
synthetic_product,0.5,0.5,0.5,100.0,0.9508368894998387,1,1
synthetic_product,0.5,0.5,0.5,100.0,0.7116076166860924,1,1
synthetic_product,0.5,0.5,0.5,100.0,0.9861213782456507,2,1
synthetic_product,0.5,0.5,0.5,100.0,0.3490708467548699,1,1
synthetic_product,0.5,0.5,0.5,100.0,0.4445631326537731,1,0
synthetic_product,0.5,0.5,0.5,100.0,0.6876900226649034,2,0
synthetic_product,0.5,0.5,0.5,100.0,0.4072168554067874,2,0
synthetic_product,0.5,0.5,0.5,100.0,0.6681490733538802,2,1
synthetic_product,0.5,0.5,0.5,100.0,0.8241950914682942,2,0
synthetic_product,0.5,0.5,0.5,100.0,1.0219400217953456,2,1
synthetic_product,0.5,0.5,0.5,100.0,0.4391572130679515,1,1
synthetic_product,0.5,0.5,0.5,100.0,1.0744085457751735,2,1
synthetic_product,0.5,0.5,0.5,100.0,0.3631203667275021,1,1
synthetic_product,0.5,0.5,0.5,100.0,0.283613002459906,3,1
synthetic_product,0.5,0.5,0.5,100.0,1.1486811182520582,2,1
synthetic_product,0.5,0.5,0.5,100.0,0.3937015063035091,2,1
synthetic_product,0.5,0.5,0.5,100.0,0.25190965596429304,1,0
synthetic_product,0.5,0.5,0.5,100.0,0.8521247559788656,1,0
synthetic_product,0.5,0.5,0.5,100.0,0.3781521669631677,1,0
synthetic_product,0.5,0.5,0.5,100.0,0.41367285538208404,1,0
synthetic_product,0.5,0.5,0.5,100.0,0.676578664930543,3,1
synthetic_product,0.5,0.5,0.5,100.0,0.4677930430866113,3,1
synthetic_product,0.5,0.5,0.5,100.0,0.7328972332547679,2,1
synthetic_product,0.5,0.5,0.5,100.0,0.5289603448163321,2,1
synthetic_product,0.5,0.5,0.5,100.0,0.23239655294628164,2,1
synthetic_product,0.5,0.5,0.5,100.0,1.0479224237278335,3,1
synthetic_product,0.5,0.5,0.5,100.0,0.6865011885857161,3,1
synthetic_product,0.5,0.5,0.5,100.0,1.0118566299878033,2,1
synthetic_product,0.5,0.5,0.5,100.0,0.6392068037151315,2,1
synthetic_product,0.5,0.5,0.5,100.0,0.8909645838944144,3,0
synthetic_product,0.5,0.5,0.5,100.0,0.6340740423768724,1,0
synthetic_product,0.5,0.5,0.5,100.0,0.6271859552551742,2,0
synthetic_product,0.5,0.5,0.5,100.0,0.5209886401092296,2,0
synthetic_product,0.5,0.5,0.5,100.0,0.4426940587507471,2,1
synthetic_product,0.5,0.5,0.5,100.0,0.6434102639287317,2,0
synthetic_product,0.5,0.5,0.5,100.0,0.7420750799688726,2,0
synthetic_product,0.5,0.5,0.5,100.0,0.7380947242524418,2,0
synthetic_product,0.5,0.5,0.5,100.0,0.6313618394603542,2,0
synthetic_product,0.5,0.5,0.5,100.0,0.8348743795077977,2,0
synthetic_product,0.5,0.5,0.5,100.0,0.3781361592087749,1,0
synthetic_product,0.5,0.5,0.5,100.0,0.4184624053215202,2,1
synthetic_product,0.5,0.5,0.5,100.0,0.6737363436027668,2,1
synthetic_product,0.5,0.5,0.5,100.0,0.8018781674353294,3,0
synthetic_product,0.5,0.5,0.5,100.0,0.5801867253752094,2,1
synthetic_product,0.5,0.5,0.5,100.0,0.9892627027716124,2,0
synthetic_product,0.5,0.5,0.5,100.0,0.34788546177531604,3,1
synthetic_product,0.5,0.5,0.5,100.0,0.5941891853011606,3,1
synthetic_product,0.5,0.5,0.5,100.0,0.5464270130754891,3,0
synthetic_product,0.5,0.5,0.5,100.0,0.4830750790625786,2,1
synthetic_product,0.5,0.5,0.5,100.0,0.5867523441655804,2,1
synthetic_product,0.5,0.5,0.5,100.0,0.5665223829008575,2,0
synthetic_product,0.5,0.5,0.5,100.0,0.8301443834395372,3,0
synthetic_product,0.5,0.5,0.5,100.0,0.3868760346789129,2,1
synthetic_product,0.5,0.5,0.5,100.0,0.8450247732857749,3,1
synthetic_product,0.5,0.5,0.5,100.0,0.8473022641993941,3,1
synthetic_product,0.5,0.5,0.5,100.0,0.8222994238112251,1,1
synthetic_product,0.5,0.5,0.5,100.0,0.7961455905513741,3,1
synthetic_product,0.5,0.5,0.5,100.0,0.7493899249432927,1,1
synthetic_product,0.5,0.5,0.5,100.0,0.41685022346297945,3,1
synthetic_product,0.5,0.5,0.5,100.0,0.4697282616408561,1,1
synthetic_product,0.5,0.5,0.5,100.0,0.36744275802734055,3,1
synthetic_product,0.5,0.5,0.5,100.0,0.5289101260734771,1,0
synthetic_product,0.5,0.5,0.5,100.0,0.8176953895498182,1,0
synthetic_product,0.5,0.5,0.5,100.0,0.6736665747412294,3,1
synthetic_product,0.5,0.5,0.5,100.0,0.8707137676576744,1,0
synthetic_product,0.5,0.5,0.5,100.0,0.6260536295356948,2,0
synthetic_product,0.5,0.5,0.5,100.0,0.6191162649369081,1,1
synthetic_product,0.5,0.5,0.5,100.0,0.5962282601216342,2,1
synthetic_product,0.5,0.5,0.5,100.0,0.5689599041909058,1,0
synthetic_product,0.5,0.5,0.5,100.0,0.41097683198207896,1,0
synthetic_product,0.5,0.5,0.5,100.0,0.3381279011429541,3,1
synthetic_product,0.5,0.5,0.5,100.0,0.8401578358962163,3,1
synthetic_product,0.5,0.5,0.5,100.0,0.47693426352369295,1,1
synthetic_product,0.5,0.5,0.5,100.0,0.6752553624132736,1,0
synthetic_product,0.5,0.5,0.5,100.0,0.39836287579394025,2,1
synthetic_product,0.5,0.5,0.5,100.0,0.8683608633781785,2,0
synthetic_product,0.5,0.5,0.5,100.0,0.8332170175709647,3,1
synthetic_product,0.5,0.5,0.5,100.0,0.8861706097755444,2,0
synthetic_product,0.5,0.5,0.5,100.0,0.8996902307975276,3,0
synthetic_product,0.5,0.5,0.5,100.0,0.39662762725811934,2,0
synthetic_product,0.5,0.5,0.5,100.0,0.49644899649953755,1,0
synthetic_product,0.5,0.5,0.5,100.0,0.326993258619765,2,0
synthetic_product,0.5,0.5,0.5,100.0,0.7844545256658773,1,0
synthetic_product,0.5,0.5,0.5,100.0,0.989449801776041,1,0
synthetic_product,0.5,0.5,0.5,100.0,0.6483171508032249,2,1
synthetic_product,0.5,0.5,0.5,100.0,0.380816076847749,1,1
synthetic_product,0.5,0.5,0.5,100.0,0.5978542982535711,1,1
synthetic_product,0.5,0.5,0.5,100.0,0.7289099275920485,1,0
synthetic_product,0.5,0.5,0.5,100.0,0.38428579983403616,2,1
synthetic_product,0.5,0.5,0.5,100.0,1.1235307769492304,2,1
synthetic_product,0.5,0.5,0.5,100.0,0.7497407873089807,3,0
synthetic_product,0.5,0.5,0.5,100.0,0.34960498379687766,3,0
synthetic_product,0.5,0.5,0.5,100.0,0.739295774447918,3,1
synthetic_product,0.5,0.5,0.5,100.0,0.5217211887040121,2,0
synthetic_product,0.5,0.5,0.5,100.0,0.2386273040952639,3,1
synthetic_product,0.5,0.5,0.5,100.0,0.9998854794607304,1,0
synthetic_product,0.5,0.5,0.5,100.0,0.24816725917007953,2,1
synthetic_product,0.5,0.5,0.5,100.0,1.0488200858694594,3,1
synthetic_product,0.5,0.5,0.5,100.0,0.4222741171665347,3,1
synthetic_product,0.5,0.5,0.5,100.0,0.2664824562935083,2,0
synthetic_product,0.5,0.5,0.5,100.0,0.400286077782719,2,1
synthetic_product,0.5,0.5,0.5,100.0,0.8073055462837766,2,0
synthetic_product,0.5,0.5,0.5,100.0,0.9702496500553133,3,0
synthetic_product,0.5,0.5,0.5,100.0,1.231911444294931,3,0
synthetic_product,0.5,0.5,0.5,100.0,0.764288872643755,3,1
synthetic_product,0.5,0.5,0.5,100.0,0.40872914501685437,2,1
synthetic_product,0.5,0.5,0.5,100.0,0.40938446992233435,1,0
synthetic_product,0.5,0.5,0.5,100.0,1.018369856310776,2,1
synthetic_product,0.5,0.5,0.5,100.0,0.48371665972817113,2,1
synthetic_product,0.5,0.5,0.5,100.0,0.7289769506286269,2,1
synthetic_product,0.5,0.5,0.5,100.0,0.2540069220753624,1,1
synthetic_product,0.5,0.5,0.5,100.0,0.9733859279248956,2,0
synthetic_product,0.5,0.5,0.5,100.0,0.5279771605047919,2,1
synthetic_product,0.5,0.5,0.5,100.0,0.5215569971110272,3,1
synthetic_product,0.5,0.5,0.5,100.0,0.1737153567812601,1,1
synthetic_product,0.5,0.5,0.5,100.0,0.918221541202713,3,0
synthetic_product,0.5,0.5,0.5,100.0,0.7607704190498341,2,1
synthetic_product,0.5,0.5,0.5,100.0,0.9372484628611746,2,1
synthetic_product,0.5,0.5,0.5,100.0,0.132284075135002,1,1
synthetic_product,0.5,0.5,0.5,100.0,0.6260630920806863,1,1
synthetic_product,0.5,0.5,0.5,100.0,0.6690104116532857,2,1
synthetic_product,0.5,0.5,0.5,100.0,0.468563036416428,2,1
synthetic_product,0.5,0.5,0.5,100.0,1.1361478431507315,2,1
synthetic_product,0.5,0.5,0.5,100.0,0.39823175305126485,2,1
synthetic_product,0.5,0.5,0.5,100.0,1.0359652441767604,2,1
synthetic_product,0.5,0.5,0.5,100.0,0.3798785524163373,2,1
synthetic_product,0.5,0.5,0.5,100.0,0.4375577958828376,1,1
synthetic_product,0.5,0.5,0.5,100.0,1.0951949412751891,3,1
synthetic_product,0.5,0.5,0.5,100.0,0.7348898143199885,1,0
synthetic_product,0.5,0.5,0.5,100.0,0.475611804706332,2,1
synthetic_product,0.5,0.5,0.5,100.0,0.21436449914219347,1,1
synthetic_product,0.5,0.5,0.5,100.0,0.8640915671306988,1,0
synthetic_product,0.5,0.5,0.5,100.0,0.39916542345915307,1,1
synthetic_product,0.5,0.5,0.5,100.0,0.3683006317444021,3,0
synthetic_product,0.5,0.5,0.5,100.0,0.6820574067018377,2,1
synthetic_product,0.5,0.5,0.5,100.0,0.6483456050650215,3,1
synthetic_product,0.5,0.5,0.5,100.0,0.6857799304828132,1,0
synthetic_product,0.5,0.5,0.5,100.0,0.4265425688476679,1,1
synthetic_product,0.5,0.5,0.5,100.0,0.7541889420976582,1,0
synthetic_product,0.5,0.5,0.5,100.0,0.3434831407550314,2,1
synthetic_product,0.5,0.5,0.5,100.0,1.191359390210251,2,1
synthetic_product,0.5,0.5,0.5,100.0,0.4485997268506638,2,1
synthetic_product,0.5,0.5,0.5,100.0,0.688221955865909,2,0
synthetic_product,0.5,0.5,0.5,100.0,0.47239815837555443,2,0
synthetic_product,0.5,0.5,0.5,100.0,0.7692306037499269,3,1
synthetic_product,0.5,0.5,0.5,100.0,1.0457644121569245,3,0
synthetic_product,0.5,0.5,0.5,100.0,0.39758050193492817,2,0
synthetic_product,0.5,0.5,0.5,100.0,0.6321950458289017,3,0
synthetic_product,0.5,0.5,0.5,100.0,0.7945613215191157,3,1
synthetic_product,0.5,0.5,0.5,100.0,0.8804228129466273,2,1
synthetic_product,0.5,0.5,0.5,100.0,0.9177060633879097,3,0
synthetic_product,0.5,0.5,0.5,100.0,0.23942011483554113,2,1
synthetic_product,0.5,0.5,0.5,100.0,0.7154657558307619,2,1
synthetic_product,0.5,0.5,0.5,100.0,1.003293085733471,1,0
synthetic_product,0.5,0.5,0.5,100.0,0.6749068908726459,1,1
synthetic_product,0.5,0.5,0.5,100.0,0.5653912530958927,1,0
synthetic_product,0.5,0.5,0.5,100.0,0.30817470754416837,2,1
synthetic_product,0.5,0.5,0.5,100.0,0.42005300678041335,1,0
synthetic_product,0.5,0.5,0.5,100.0,0.41157774385115586,2,1
synthetic_product,0.5,0.5,0.5,100.0,0.465145712735793,2,1
synthetic_product,0.5,0.5,0.5,100.0,0.33229774845611426,1,1
synthetic_product,0.5,0.5,0.5,100.0,1.0223958299339733,2,0
synthetic_product,0.5,0.5,0.5,100.0,0.7964184248809406,2,0
synthetic_product,0.5,0.5,0.5,100.0,0.7951530750753341,2,1
synthetic_product,0.5,0.5,0.5,100.0,0.6478091084699353,2,0
synthetic_product,0.5,0.5,0.5,100.0,0.607409775307403,2,0
synthetic_product,0.5,0.5,0.5,100.0,1.2171815876088359,2,0
synthetic_product,0.5,0.5,0.5,100.0,0.2989809057339524,2,1
synthetic_product,0.5,0.5,0.5,100.0,1.1491226173903153,3,0
synthetic_product,0.5,0.5,0.5,100.0,0.83857700757766,2,0
synthetic_product,0.5,0.5,0.5,100.0,0.5441227246147182,1,1
synthetic_product,0.5,0.5,0.5,100.0,0.5470931002620781,2,0
synthetic_product,0.5,0.5,0.5,100.0,0.8155617875546607,2,0
synthetic_product,0.5,0.5,0.5,100.0,0.7133618145007018,1,0
synthetic_product,0.5,0.5,0.5,100.0,0.8448667161605733,3,1
synthetic_product,0.5,0.5,0.5,100.0,0.8066239117769884,3,1
synthetic_product,0.5,0.5,0.5,100.0,0.3984524556456863,1,0
synthetic_product,0.5,0.5,0.5,100.0,0.6575539852848561,2,1
synthetic_product,0.5,0.5,0.5,100.0,0.831169630097735,1,0
synthetic_product,0.5,0.5,0.5,100.0,0.5637429978999743,1,1
synthetic_product,0.5,0.5,0.5,100.0,0.7285839051581479,1,1
synthetic_product,0.5,0.5,0.5,100.0,0.9310104371499093,2,0
synthetic_product,0.5,0.5,0.5,100.0,0.9384765759679636,3,0
synthetic_product,0.5,0.5,0.5,100.0,0.6527346300664236,2,1
synthetic_product,0.5,0.5,0.5,100.0,0.8174546322244426,2,0
synthetic_product,0.5,0.5,0.5,100.0,0.8482931175985213,3,0
synthetic_product,0.5,0.5,0.5,100.0,0.5306750210742811,3,0
synthetic_product,0.5,0.5,0.5,100.0,0.7307749888239783,1,1
synthetic_product,0.5,0.5,0.5,100.0,0.3859986288214557,2,1
synthetic_product,0.5,0.5,0.5,100.0,0.8856638483439796,3,1
synthetic_product,0.5,0.5,0.5,100.0,0.7126085806967087,1,0
synthetic_product,0.5,0.5,0.5,100.0,0.6978949756581612,2,1
synthetic_product,0.5,0.5,0.5,100.0,0.5361946486282078,2,0
synthetic_product,0.5,0.5,0.5,100.0,0.5116894319836335,3,1
synthetic_product,0.5,0.5,0.5,100.0,0.7567496122365026,3,1
synthetic_product,0.5,0.5,0.5,100.0,0.4750309100124658,2,1
synthetic_product,0.5,0.5,0.5,100.0,0.16400946379814046,1,0
synthetic_product,0.5,0.5,0.5,100.0,0.4810760736715156,2,0
synthetic_product,0.5,0.5,0.5,100.0,0.5822797467213652,2,0
synthetic_product,0.5,0.5,0.5,100.0,0.5453958009765723,2,1
synthetic_product,0.5,0.5,0.5,100.0,0.7380417416533787,3,1
synthetic_product,0.5,0.5,0.5,100.0,0.5974287357821538,2,0
synthetic_product,0.5,0.5,0.5,100.0,0.9518857676457554,1,0
synthetic_product,0.5,0.5,0.5,100.0,1.0513144532969414,1,0
synthetic_product,0.5,0.5,0.5,100.0,0.9279402417245635,1,0
synthetic_product,0.5,0.5,0.5,100.0,0.38662408407994653,1,1
synthetic_product,0.5,0.5,0.5,100.0,0.7209647661116998,3,1
synthetic_product,0.5,0.5,0.5,100.0,0.7900267043480401,2,1
synthetic_product,0.5,0.5,0.5,100.0,0.7109906990381519,2,1
synthetic_product,0.5,0.5,0.5,100.0,0.47973155689009117,1,1
synthetic_product,0.5,0.5,0.5,100.0,0.4471691317491695,2,1
synthetic_product,0.5,0.5,0.5,100.0,0.5648973570831347,2,0
synthetic_product,0.5,0.5,0.5,100.0,0.7706808085964423,2,1
synthetic_product,0.5,0.5,0.5,100.0,0.7010530823685811,2,1
synthetic_product,0.5,0.5,0.5,100.0,0.49669000668363733,3,1
synthetic_product,0.5,0.5,0.5,100.0,0.5050932069638133,3,1
synthetic_product,0.5,0.5,0.5,100.0,0.61540805053918,2,0
synthetic_product,0.5,0.5,0.5,100.0,0.42908858295912106,2,1
synthetic_product,0.5,0.5,0.5,100.0,0.858975218156499,1,0
synthetic_product,0.5,0.5,0.5,100.0,0.7529296945079974,2,0
synthetic_product,0.5,0.5,0.5,100.0,0.5374008917773146,1,0
synthetic_product,0.5,0.5,0.5,100.0,0.4063390856572998,2,1
synthetic_product,0.5,0.5,0.5,100.0,0.8006741551403393,1,0
synthetic_product,0.5,0.5,0.5,100.0,1.0240752347563171,2,0
synthetic_product,0.5,0.5,0.5,100.0,0.4052411073018859,2,1
synthetic_product,0.5,0.5,0.5,100.0,0.7219943498261499,1,0
synthetic_product,0.5,0.5,0.5,100.0,0.4123870573182934,2,1
synthetic_product,0.5,0.5,0.5,100.0,0.4893320583058761,2,0
synthetic_product,0.5,0.5,0.5,100.0,0.3123013602122824,1,0
synthetic_product,0.5,0.5,0.5,100.0,0.7003951474084785,2,1
synthetic_product,0.5,0.5,0.5,100.0,0.40198169733260003,2,1
synthetic_product,0.5,0.5,0.5,100.0,0.4455388492528356,1,1
synthetic_product,0.5,0.5,0.5,100.0,0.9746604954446016,3,0
synthetic_product,0.5,0.5,0.5,100.0,0.43984932601885474,2,1
synthetic_product,0.5,0.5,0.5,100.0,0.40231667929394294,1,0
synthetic_product,0.5,0.5,0.5,100.0,0.3380230243170574,3,1
synthetic_product,0.5,0.5,0.5,100.0,0.7330971962421683,3,0
synthetic_product,0.5,0.5,0.5,100.0,0.796443115581523,3,0
synthetic_product,0.5,0.5,0.5,100.0,0.4130754428288154,1,0
synthetic_product,0.5,0.5,0.5,100.0,0.5766560288740318,1,0
synthetic_product,0.5,0.5,0.5,100.0,0.6000690270718899,2,1
synthetic_product,0.5,0.5,0.5,100.0,0.5345742837379965,1,1
synthetic_product,0.5,0.5,0.5,100.0,0.7053887511202039,1,1
synthetic_product,0.5,0.5,0.5,100.0,1.0777414020251794,1,0
synthetic_product,0.5,0.5,0.5,100.0,0.478843688167707,3,1
synthetic_product,0.5,0.5,0.5,100.0,0.26574309027363774,1,1
synthetic_product,0.5,0.5,0.5,100.0,0.5906970167491724,3,1
synthetic_product,0.5,0.5,0.5,100.0,0.6638710696199718,2,0
synthetic_product,0.5,0.5,0.5,100.0,0.5452966117364373,1,0
synthetic_product,0.5,0.5,0.5,100.0,0.7967849809041697,1,0
synthetic_product,0.5,0.5,0.5,100.0,0.6999684722107357,1,1
synthetic_product,0.5,0.5,0.5,100.0,0.6362760301492439,2,1
synthetic_product,0.5,0.5,0.5,100.0,0.36957101108575074,3,0
synthetic_product,0.5,0.5,0.5,100.0,0.7696094540335556,3,1
synthetic_product,0.5,0.5,0.5,100.0,1.0544642305856626,3,1
synthetic_product,0.5,0.5,0.5,100.0,0.24201441504125143,1,0
synthetic_product,0.5,0.5,0.5,100.0,0.6623045990329679,1,0
synthetic_product,0.5,0.5,0.5,100.0,1.0254325188060325,2,0
synthetic_product,0.5,0.5,0.5,100.0,0.7070253272787548,3,0
synthetic_product,0.5,0.5,0.5,100.0,0.3629454099108599,2,1
synthetic_product,0.5,0.5,0.5,100.0,0.5524038192171999,2,1
synthetic_product,0.5,0.5,0.5,100.0,0.7399320676683842,1,0
synthetic_product,0.5,0.5,0.5,100.0,0.7246735094202901,2,0
synthetic_product,0.5,0.5,0.5,100.0,0.6926609958076948,3,1
synthetic_product,0.5,0.5,0.5,100.0,0.8215666607707189,2,0
synthetic_product,0.5,0.5,0.5,100.0,0.4114911622221888,3,1
synthetic_product,0.5,0.5,0.5,100.0,0.3829798719217047,2,1
synthetic_product,0.5,0.5,0.5,100.0,0.2613429826224244,1,1
synthetic_product,0.5,0.5,0.5,100.0,0.6624508698478117,1,1
synthetic_product,0.5,0.5,0.5,100.0,0.5478674884497018,2,0
synthetic_product,0.5,0.5,0.5,100.0,0.37040075318782795,2,1
synthetic_product,0.5,0.5,0.5,100.0,0.8474443888776604,1,1
synthetic_product,0.5,0.5,0.5,100.0,0.513364535090226,1,0
synthetic_product,0.5,0.5,0.5,100.0,0.8101482236619562,3,1
synthetic_product,0.5,0.5,0.5,100.0,0.5020449712647539,3,0
synthetic_product,0.5,0.5,0.5,100.0,0.08753128822375972,1,1
synthetic_product,0.5,0.5,0.5,100.0,0.8811653901512477,2,1
synthetic_product,0.5,0.5,0.5,100.0,0.44279592655115785,2,0
synthetic_product,0.5,0.5,0.5,100.0,0.24730261074262752,2,1
synthetic_product,0.5,0.5,0.5,100.0,0.3461672414604004,3,1
synthetic_product,0.5,0.5,0.5,100.0,0.7368918378038221,3,1
synthetic_product,0.5,0.5,0.5,100.0,0.9598741107744404,1,1
synthetic_product,0.5,0.5,0.5,100.0,0.9419823849258957,1,0
synthetic_product,0.5,0.5,0.5,100.0,0.30344493197543615,1,1
synthetic_product,0.5,0.5,0.5,100.0,0.977541866860098,2,0
synthetic_product,0.5,0.5,0.5,100.0,0.71505493520298,1,0
synthetic_product,0.5,0.5,0.5,100.0,0.3378581036126469,1,1
synthetic_product,0.5,0.5,0.5,100.0,0.7445086837872803,1,0
synthetic_product,0.5,0.5,0.5,100.0,0.623848579972605,1,1
synthetic_product,0.5,0.5,0.5,100.0,0.3745642730190363,2,1
synthetic_product,0.5,0.5,0.5,100.0,0.49777925884153224,2,0
synthetic_product,0.5,0.5,0.5,100.0,0.4329958014495619,2,1
synthetic_product,0.5,0.5,0.5,100.0,0.5619494764543178,1,0
synthetic_product,0.5,0.5,0.5,100.0,0.3768841311504304,2,1
synthetic_product,0.5,0.5,0.5,100.0,1.016499250908867,3,1
synthetic_product,0.5,0.5,0.5,100.0,1.0082630075331906,3,1
synthetic_product,0.5,0.5,0.5,100.0,0.41686964902663326,1,1
synthetic_product,0.5,0.5,0.5,100.0,0.7499793839608978,2,1
synthetic_product,0.5,0.5,0.5,100.0,0.49591116052803297,1,1
synthetic_product,0.5,0.5,0.5,100.0,0.4713836849304033,2,0
synthetic_product,0.5,0.5,0.5,100.0,0.862113803664455,2,1
synthetic_product,0.5,0.5,0.5,100.0,0.3733701405538239,1,1
synthetic_product,0.5,0.5,0.5,100.0,0.7860839420803074,3,1
synthetic_product,0.5,0.5,0.5,100.0,0.8230385185514584,3,1
synthetic_product,0.5,0.5,0.5,100.0,0.1782172698756048,2,1
synthetic_product,0.5,0.5,0.5,100.0,1.0459060918820984,2,0
synthetic_product,0.5,0.5,0.5,100.0,0.4612464304349173,2,0
synthetic_product,0.5,0.5,0.5,100.0,1.0594336373167903,3,1
synthetic_product,0.5,0.5,0.5,100.0,1.085488958807515,3,0
synthetic_product,0.5,0.5,0.5,100.0,0.5149552336260717,1,0
synthetic_product,0.5,0.5,0.5,100.0,0.4748133526469872,1,0
synthetic_product,0.5,0.5,0.5,100.0,0.4852299695680828,2,1
synthetic_product,0.5,0.5,0.5,100.0,0.9705380996247827,1,1
synthetic_product,0.5,0.5,0.5,100.0,0.4043053460750241,2,0
synthetic_product,0.5,0.5,0.5,100.0,0.13988110850998597,1,0
synthetic_product,0.5,0.5,0.5,100.0,0.8063088204594298,1,1
synthetic_product,0.5,0.5,0.5,100.0,0.5359809144932051,1,1
synthetic_product,0.5,0.5,0.5,100.0,0.9513196515761726,3,1
synthetic_product,0.5,0.5,0.5,100.0,0.335926454444347,1,1
synthetic_product,0.5,0.5,0.5,100.0,0.9866498587510482,2,0
synthetic_product,0.5,0.5,0.5,100.0,0.13654676688258993,1,1
synthetic_product,0.5,0.5,0.5,100.0,0.2603047370094706,1,1
synthetic_product,0.5,0.5,0.5,100.0,0.29001713673798446,2,0
synthetic_product,0.5,0.5,0.5,100.0,0.9227053270587665,3,1
synthetic_product,0.5,0.5,0.5,100.0,0.4479641852783084,3,1
synthetic_product,0.5,0.5,0.5,100.0,0.5951369493130101,2,0
synthetic_product,0.5,0.5,0.5,100.0,1.143617545614461,3,1
synthetic_product,0.5,0.5,0.5,100.0,1.0041352328100936,3,0
synthetic_product,0.5,0.5,0.5,100.0,0.39796140724568635,1,1
synthetic_product,0.5,0.5,0.5,100.0,0.30370429998333237,2,1
synthetic_product,0.5,0.5,0.5,100.0,0.9760596916306613,2,0
synthetic_product,0.5,0.5,0.5,100.0,0.8508294091115755,2,1
synthetic_product,0.5,0.5,0.5,100.0,0.5613274132639491,2,0
synthetic_product,0.5,0.5,0.5,100.0,0.8596144990415635,2,1
synthetic_product,0.5,0.5,0.5,100.0,0.4387670258473491,2,1
synthetic_product,0.5,0.5,0.5,100.0,0.3842915505235089,2,1
synthetic_product,0.5,0.5,0.5,100.0,0.9052733270370891,1,1
synthetic_product,0.5,0.5,0.5,100.0,0.3417945232152723,2,0
synthetic_product,0.5,0.5,0.5,100.0,0.8215024543000788,2,0
synthetic_product,0.5,0.5,0.5,100.0,0.6478817980844815,2,0
synthetic_product,0.5,0.5,0.5,100.0,0.6060803887609317,2,1
synthetic_product,0.5,0.5,0.5,100.0,0.6753583921087495,2,1
synthetic_product,0.5,0.5,0.5,100.0,0.8726204938790623,2,1
synthetic_product,0.5,0.5,0.5,100.0,0.5512324136395792,2,0
synthetic_product,0.5,0.5,0.5,100.0,0.8102212747915679,3,0
synthetic_product,0.5,0.5,0.5,100.0,0.5397749420179342,3,0
synthetic_product,0.5,0.5,0.5,100.0,1.0586758498127617,3,1
synthetic_product,0.5,0.5,0.5,100.0,0.4595351907997194,1,0
synthetic_product,0.5,0.5,0.5,100.0,0.5603697634693261,2,1
synthetic_product,0.5,0.5,0.5,100.0,0.4970679598742719,2,1
synthetic_product,0.5,0.5,0.5,100.0,0.4883368450500756,1,1
synthetic_product,0.5,0.5,0.5,100.0,0.4242454600340589,1,1
synthetic_product,0.5,0.5,0.5,100.0,0.5135691179828027,2,0
synthetic_product,0.5,0.5,0.5,100.0,0.48690266962769707,2,1
synthetic_product,0.5,0.5,0.5,100.0,0.9074131891088685,1,0
synthetic_product,0.5,0.5,0.5,100.0,0.5110753697770488,1,1
synthetic_product,0.5,0.5,0.5,100.0,0.6134725294763835,2,0
synthetic_product,0.5,0.5,0.5,100.0,0.4987514991713314,3,1
synthetic_product,0.5,0.5,0.5,100.0,0.7890575958366768,3,1
synthetic_product,0.5,0.5,0.5,100.0,1.139078189008183,3,1
synthetic_product,0.5,0.5,0.5,100.0,0.8858692883408261,2,1
synthetic_product,0.5,0.5,0.5,100.0,0.5157721570313037,2,0
synthetic_product,0.5,0.5,0.5,100.0,0.7280137197412744,2,0
synthetic_product,0.5,0.5,0.5,100.0,1.1198278277052707,2,1
synthetic_product,0.5,0.5,0.5,100.0,0.9188368280369211,3,1
synthetic_product,0.5,0.5,0.5,100.0,0.8347522643939862,3,1
synthetic_product,0.5,0.5,0.5,100.0,0.6505498965476599,3,0
synthetic_product,0.5,0.5,0.5,100.0,0.9775106453134015,2,1
synthetic_product,0.5,0.5,0.5,100.0,0.5648835836839574,2,1
synthetic_product,0.5,0.5,0.5,100.0,0.42780846380962756,2,0
synthetic_product,0.5,0.5,0.5,100.0,0.530205896637587,1,1
synthetic_product,0.5,0.5,0.5,100.0,0.42126016378214737,1,0
synthetic_product,0.5,0.5,0.5,100.0,0.5509998763746378,3,0
synthetic_product,0.5,0.5,0.5,100.0,0.4576818524844845,1,0
synthetic_product,0.5,0.5,0.5,100.0,0.8135452729637638,3,1
synthetic_product,0.5,0.5,0.5,100.0,0.9299137367476114,2,0
synthetic_product,0.5,0.5,0.5,100.0,0.20307603302775448,2,1
synthetic_product,0.5,0.5,0.5,100.0,1.0425002467802806,1,1
synthetic_product,0.5,0.5,0.5,100.0,0.5347507037750809,2,1
synthetic_product,0.5,0.5,0.5,100.0,0.7226393089417491,2,0
synthetic_product,0.5,0.5,0.5,100.0,0.5251108124768568,2,1
synthetic_product,0.5,0.5,0.5,100.0,0.6059672044239173,2,1
synthetic_product,0.5,0.5,0.5,100.0,0.5367237692662892,2,0
synthetic_product,0.5,0.5,0.5,100.0,1.08277259057641,2,0
synthetic_product,0.5,0.5,0.5,100.0,0.9832577476470992,2,0
synthetic_product,0.5,0.5,0.5,100.0,1.080765829675221,2,0
synthetic_product,0.5,0.5,0.5,100.0,0.46824038199103596,2,1
synthetic_product,0.5,0.5,0.5,100.0,0.7821747472136822,3,0
synthetic_product,0.5,0.5,0.5,100.0,0.7285614404287033,1,1
synthetic_product,0.5,0.5,0.5,100.0,0.49090185507294887,1,0
synthetic_product,0.5,0.5,0.5,100.0,0.3496835899621879,1,1
synthetic_product,0.5,0.5,0.5,100.0,0.7104392435506934,2,1
synthetic_product,0.5,0.5,0.5,100.0,0.5279288543860137,1,1
synthetic_product,0.5,0.5,0.5,100.0,0.7829893260869518,1,0
synthetic_product,0.5,0.5,0.5,100.0,0.314314210945676,2,0
synthetic_product,0.5,0.5,0.5,100.0,0.5942614406399492,2,0
synthetic_product,0.5,0.5,0.5,100.0,0.9081400006348009,3,1
synthetic_product,0.5,0.5,0.5,100.0,0.08813833482336231,1,1
synthetic_product,0.5,0.5,0.5,100.0,0.3983889960276321,2,0
synthetic_product,0.5,0.5,0.5,100.0,0.3274274285465999,3,1
synthetic_product,0.5,0.5,0.5,100.0,0.8359140013929162,3,1
synthetic_product,0.5,0.5,0.5,100.0,0.7479132794661459,2,1
synthetic_product,0.5,0.5,0.5,100.0,0.36097362687324397,2,0
synthetic_product,0.5,0.5,0.5,100.0,0.9291832790137385,2,0
synthetic_product,0.5,0.5,0.5,100.0,1.0636630041336725,3,1
synthetic_product,0.5,0.5,0.5,100.0,0.5521924212839814,1,0
synthetic_product,0.5,0.5,0.5,100.0,0.36969770833212107,3,1
synthetic_product,0.5,0.5,0.5,100.0,0.9345529306205393,3,1
synthetic_product,0.5,0.5,0.5,100.0,0.9486884490889673,3,0
synthetic_product,0.5,0.5,0.5,100.0,0.838522081915002,3,0
synthetic_product,0.5,0.5,0.5,100.0,0.6872081294406364,1,0
synthetic_product,0.5,0.5,0.5,100.0,0.5339524353738051,2,1
synthetic_product,0.5,0.5,0.5,100.0,0.4086771899565631,1,0
synthetic_product,0.5,0.5,0.5,100.0,0.487150572042351,1,1
synthetic_product,0.5,0.5,0.5,100.0,0.7537865133265722,1,0
synthetic_product,0.5,0.5,0.5,100.0,0.783662153523663,3,0
synthetic_product,0.5,0.5,0.5,100.0,1.0933649006145612,3,1
synthetic_product,0.5,0.5,0.5,100.0,0.3550692216730001,1,1
synthetic_product,0.5,0.5,0.5,100.0,1.0400221458114167,3,0
synthetic_product,0.5,0.5,0.5,100.0,0.7246762824610344,2,1
synthetic_product,0.5,0.5,0.5,100.0,0.6778636807961883,2,0
synthetic_product,0.5,0.5,0.5,100.0,0.7972976320525562,2,0
synthetic_product,0.5,0.5,0.5,100.0,0.5924126292989995,2,1
synthetic_product,0.5,0.5,0.5,100.0,0.3827217053468714,2,1
synthetic_product,0.5,0.5,0.5,100.0,0.5593817656974598,3,1
synthetic_product,0.5,0.5,0.5,100.0,0.6853259289957649,2,1
synthetic_product,0.5,0.5,0.5,100.0,0.4967015281463562,1,0
synthetic_product,0.5,0.5,0.5,100.0,0.7858633522546602,1,1
synthetic_product,0.5,0.5,0.5,100.0,0.6212842970990796,1,0
synthetic_product,0.5,0.5,0.5,100.0,0.38401668157840063,2,0
synthetic_product,0.5,0.5,0.5,100.0,0.7789766653920079,2,1
synthetic_product,0.5,0.5,0.5,100.0,0.8473082937185827,2,0
synthetic_product,0.5,0.5,0.5,100.0,0.5255632390037426,2,0
synthetic_product,0.5,0.5,0.5,100.0,0.38714513764371805,3,1
synthetic_product,0.5,0.5,0.5,100.0,0.28347936369222254,1,0
synthetic_product,0.5,0.5,0.5,100.0,0.7736320731652547,3,1
synthetic_product,0.5,0.5,0.5,100.0,0.4046065771661502,2,0
synthetic_product,0.5,0.5,0.5,100.0,0.30232785343995994,2,1
synthetic_product,0.5,0.5,0.5,100.0,0.4536278376105663,1,0
synthetic_product,0.5,0.5,0.5,100.0,0.9918528972219229,2,1
synthetic_product,0.5,0.5,0.5,100.0,0.3485620548373919,2,1
synthetic_product,0.5,0.5,0.5,100.0,0.559617103712317,2,0
synthetic_product,0.5,0.5,0.5,100.0,0.6473573909789949,2,1
synthetic_product,0.5,0.5,0.5,100.0,0.6392331590078851,1,1
synthetic_product,0.5,0.5,0.5,100.0,0.33864045538524934,1,0
synthetic_product,0.5,0.5,0.5,100.0,1.0254181110534715,2,0
synthetic_product,0.5,0.5,0.5,100.0,0.7562754214423616,2,0
synthetic_product,0.5,0.5,0.5,100.0,0.9698235440960173,2,0
synthetic_product,0.5,0.5,0.5,100.0,0.2286582379556599,2,1
synthetic_product,0.5,0.5,0.5,100.0,0.3450659062991998,1,1
synthetic_product,0.5,0.5,0.5,100.0,0.742132700853409,2,1
synthetic_product,0.5,0.5,0.5,100.0,0.6591954323809976,3,1
synthetic_product,0.5,0.5,0.5,100.0,0.7863555196838511,2,0
synthetic_product,0.5,0.5,0.5,100.0,0.6162787329257731,3,0
synthetic_product,0.5,0.5,0.5,100.0,0.5669340529130419,2,0
synthetic_product,0.5,0.5,0.5,100.0,0.9087950372758791,2,1
synthetic_product,0.5,0.5,0.5,100.0,1.0199745488201413,2,0
synthetic_product,0.5,0.5,0.5,100.0,0.6570368538746164,1,0
synthetic_product,0.5,0.5,0.5,100.0,0.8112830836091579,3,0
synthetic_product,0.5,0.5,0.5,100.0,0.4902915779545657,2,0
synthetic_product,0.5,0.5,0.5,100.0,0.8783138811989611,2,1
synthetic_product,0.5,0.5,0.5,100.0,0.8021912265511041,2,1
synthetic_product,0.5,0.5,0.5,100.0,0.6660749915049892,3,1
synthetic_product,0.5,0.5,0.5,100.0,0.7654673828012268,1,0
synthetic_product,0.5,0.5,0.5,100.0,1.0807974277244872,2,0
synthetic_product,0.5,0.5,0.5,100.0,0.6752267008484611,1,1
synthetic_product,0.5,0.5,0.5,100.0,0.7808770416366475,3,0
synthetic_product,0.5,0.5,0.5,100.0,0.8174636708419286,2,0
synthetic_product,0.5,0.5,0.5,100.0,0.32254186476479235,2,1
synthetic_product,0.5,0.5,0.5,100.0,1.07953627177756,3,0
synthetic_product,0.5,0.5,0.5,100.0,0.603810912970342,1,0
synthetic_product,0.5,0.5,0.5,100.0,0.9083983449222057,3,1
synthetic_product,0.5,0.5,0.5,100.0,0.4057403921228451,3,1
synthetic_product,0.5,0.5,0.5,100.0,0.43541225124687216,3,1
synthetic_product,0.5,0.5,0.5,100.0,1.1545071762971875,3,1
synthetic_product,0.5,0.5,0.5,100.0,0.404544698170236,2,0
synthetic_product,0.5,0.5,0.5,100.0,0.875591947392704,2,0
synthetic_product,0.5,0.5,0.5,100.0,0.529928217299582,2,0
synthetic_product,0.5,0.5,0.5,100.0,0.6596765664286806,2,1
synthetic_product,0.5,0.5,0.5,100.0,0.3885543672705516,2,1
synthetic_product,0.5,0.5,0.5,100.0,0.6379361208489029,1,0
synthetic_product,0.5,0.5,0.5,100.0,0.6163005497533617,1,0
synthetic_product,0.5,0.5,0.5,100.0,0.8959272580826428,1,0
synthetic_product,0.5,0.5,0.5,100.0,0.34868733608106356,1,0
synthetic_product,0.5,0.5,0.5,100.0,0.4145992170803873,1,1
synthetic_product,0.5,0.5,0.5,100.0,1.0300734339594118,1,0
synthetic_product,0.5,0.5,0.5,100.0,0.598368301463132,3,1
synthetic_product,0.5,0.5,0.5,100.0,1.0414333329157124,2,1
synthetic_product,0.5,0.5,0.5,100.0,0.4995627624295081,2,1
synthetic_product,0.5,0.5,0.5,100.0,1.0227485248993782,2,1
synthetic_product,0.5,0.5,0.5,100.0,0.5371957000886536,3,1
synthetic_product,0.5,0.5,0.5,100.0,0.3207655248383851,2,1
synthetic_product,0.5,0.5,0.5,100.0,0.17788374927654627,1,0
synthetic_product,0.5,0.5,0.5,100.0,0.6425286487355143,3,0
synthetic_product,0.5,0.5,0.5,100.0,0.6948547154759206,1,1
synthetic_product,0.5,0.5,0.5,100.0,0.29020031748368164,1,1
synthetic_product,0.5,0.5,0.5,100.0,0.3959755585304241,2,1
synthetic_product,0.5,0.5,0.5,100.0,0.3774336182623788,3,0
synthetic_product,0.5,0.5,0.5,100.0,0.99830799242124,1,0
synthetic_product,0.5,0.5,0.5,100.0,0.9716218648919841,3,0
synthetic_product,0.5,0.5,0.5,100.0,0.33443054147836215,2,0
synthetic_product,0.5,0.5,0.5,100.0,0.2913897275673165,2,1
synthetic_product,0.5,0.5,0.5,100.0,0.4486144114645913,2,0
synthetic_product,0.5,0.5,0.5,100.0,0.846001134019381,3,1
synthetic_product,0.5,0.5,0.5,100.0,0.8901212062752466,2,0
synthetic_product,0.5,0.5,0.5,100.0,0.656236986007887,1,1
synthetic_product,0.5,0.5,0.5,100.0,0.3396624920920386,1,0
synthetic_product,0.5,0.5,0.5,100.0,0.5359830483553557,1,0
synthetic_product,0.5,0.5,0.5,100.0,0.28455940008328456,1,1
synthetic_product,0.5,0.5,0.5,100.0,0.7655518747646657,2,1
synthetic_product,0.5,0.5,0.5,100.0,0.5153926214639402,1,1
synthetic_product,0.5,0.5,0.5,100.0,0.672655183913841,1,1
synthetic_product,0.5,0.5,0.5,100.0,0.3830431703284456,2,1
synthetic_product,0.5,0.5,0.5,100.0,0.3020794174234728,2,1
synthetic_product,0.5,0.5,0.5,100.0,0.2251308510172022,1,1
synthetic_product,0.5,0.5,0.5,100.0,0.7796387673243237,2,1
synthetic_product,0.5,0.5,0.5,100.0,0.6893143301643004,3,1
synthetic_product,0.5,0.5,0.5,100.0,0.35651605533262704,2,0
synthetic_product,0.5,0.5,0.5,100.0,0.9229364546724892,1,1
synthetic_product,0.5,0.5,0.5,100.0,0.6149944471025437,1,0
synthetic_product,0.5,0.5,0.5,100.0,0.4439731527193298,1,1
synthetic_product,0.5,0.5,0.5,100.0,0.8426191435470596,2,0
synthetic_product,0.5,0.5,0.5,100.0,0.5296595953446609,2,1
synthetic_product,0.5,0.5,0.5,100.0,0.7824226273756698,1,0
synthetic_product,0.5,0.5,0.5,100.0,0.5926960027174578,3,1
synthetic_product,0.5,0.5,0.5,100.0,0.7327708132914079,2,0
synthetic_product,0.5,0.5,0.5,100.0,0.7838094947474705,2,0
synthetic_product,0.5,0.5,0.5,100.0,0.5291096082916429,1,0
synthetic_product,0.5,0.5,0.5,100.0,0.7082096141383033,1,1
synthetic_product,0.5,0.5,0.5,100.0,0.8965693376502014,3,0
synthetic_product,0.5,0.5,0.5,100.0,0.5750333909419737,2,0
synthetic_product,0.5,0.5,0.5,100.0,0.31350353293749683,1,1
synthetic_product,0.5,0.5,0.5,100.0,0.8818755751373589,2,1
synthetic_product,0.5,0.5,0.5,100.0,0.6356796875828429,1,1
synthetic_product,0.5,0.5,0.5,100.0,0.9247029611949561,3,0
synthetic_product,0.5,0.5,0.5,100.0,0.26450003279446943,2,1
synthetic_product,0.5,0.5,0.5,100.0,0.5527461154658659,2,1
synthetic_product,0.5,0.5,0.5,100.0,0.4556436799739366,2,0
synthetic_product,0.5,0.5,0.5,100.0,0.5118031210658163,1,0
synthetic_product,0.5,0.5,0.5,100.0,0.792249034389939,2,1
synthetic_product,0.5,0.5,0.5,100.0,0.68998476704606,2,0
synthetic_product,0.5,0.5,0.5,100.0,0.5347757670891367,1,0
synthetic_product,0.5,0.5,0.5,100.0,1.0129354379292972,3,1
synthetic_product,0.5,0.5,0.5,100.0,0.5269290258631794,2,0
synthetic_product,0.5,0.5,0.5,100.0,0.3670646933767998,3,1
synthetic_product,0.5,0.5,0.5,100.0,0.6529956986121508,1,1
synthetic_product,0.5,0.5,0.5,100.0,0.408016467390222,2,1
synthetic_product,0.5,0.5,0.5,100.0,0.7770563750945201,2,0
synthetic_product,0.5,0.5,0.5,100.0,0.8677904306052338,3,1
synthetic_product,0.5,0.5,0.5,100.0,1.1054587174487658,2,0
synthetic_product,0.5,0.5,0.5,100.0,0.7769108291468495,1,0
synthetic_product,0.5,0.5,0.5,100.0,0.3472764852313503,2,1
synthetic_product,0.5,0.5,0.5,100.0,0.3555474318772883,2,1
synthetic_product,0.5,0.5,0.5,100.0,0.45408495773494884,2,1
synthetic_product,0.5,0.5,0.5,100.0,0.31016845175952845,1,1
synthetic_product,0.5,0.5,0.5,100.0,0.8696199524481649,2,1
synthetic_product,0.5,0.5,0.5,100.0,0.6227820971539235,1,1
synthetic_product,0.5,0.5,0.5,100.0,0.9151937810037115,3,1
synthetic_product,0.5,0.5,0.5,100.0,0.5493961418160743,1,0
synthetic_product,0.5,0.5,0.5,100.0,0.8830478178415746,1,0
synthetic_product,0.5,0.5,0.5,100.0,0.8250877292025341,3,1
synthetic_product,0.5,0.5,0.5,100.0,0.9453452789366191,2,0
synthetic_product,0.5,0.5,0.5,100.0,0.8797745266198137,2,1
synthetic_product,0.5,0.5,0.5,100.0,0.7352575928559016,1,0
synthetic_product,0.5,0.5,0.5,100.0,0.3893228035575769,2,1
synthetic_product,0.5,0.5,0.5,100.0,0.581036500148998,1,0
synthetic_product,0.5,0.5,0.5,100.0,0.32892044523286057,2,0
synthetic_product,0.5,0.5,0.5,100.0,0.16305088041489554,1,1
synthetic_product,0.5,0.5,0.5,100.0,0.9027015133314357,1,0
synthetic_product,0.5,0.5,0.5,100.0,1.0997777327739866,3,1
synthetic_product,0.5,0.5,0.5,100.0,0.6655783904728289,1,1
synthetic_product,0.5,0.5,0.5,100.0,0.613679659993031,1,1
synthetic_product,0.5,0.5,0.5,100.0,0.40370972437425434,2,1
synthetic_product,0.5,0.5,0.5,100.0,0.44876057456975904,1,1
synthetic_product,0.5,0.5,0.5,100.0,0.9319570591921877,1,0
synthetic_product,0.5,0.5,0.5,100.0,0.24025846066781845,1,1
synthetic_product,0.5,0.5,0.5,100.0,0.3915753945843985,2,1
synthetic_product,0.5,0.5,0.5,100.0,0.4450155509025421,2,1
synthetic_product,0.5,0.5,0.5,100.0,0.5686081003355716,3,0
synthetic_product,0.5,0.5,0.5,100.0,0.8522872958354222,1,0
synthetic_product,0.5,0.5,0.5,100.0,0.7413292941459607,1,0
synthetic_product,0.5,0.5,0.5,100.0,0.868199231991262,3,1
synthetic_product,0.5,0.5,0.5,100.0,0.9860690686902716,2,0
synthetic_product,0.5,0.5,0.5,100.0,0.807908683148772,2,0
synthetic_product,0.5,0.5,0.5,100.0,0.9486041918073482,2,0
synthetic_product,0.5,0.5,0.5,100.0,0.5111663291612207,2,1
synthetic_product,0.5,0.5,0.5,100.0,0.3532342645473896,1,0
synthetic_product,0.5,0.5,0.5,100.0,0.48881522504822406,2,0
synthetic_product,0.5,0.5,0.5,100.0,0.8764182527126296,1,1
synthetic_product,0.5,0.5,0.5,100.0,0.8226228949692765,3,0
synthetic_product,0.5,0.5,0.5,100.0,0.9506381187416795,3,1
synthetic_product,0.5,0.5,0.5,100.0,0.7128241943978638,1,1
synthetic_product,0.5,0.5,0.5,100.0,0.7686974382631107,2,0
synthetic_product,0.5,0.5,0.5,100.0,0.57028086883058,1,0
synthetic_product,0.5,0.5,0.5,100.0,0.35627091603144767,1,1
synthetic_product,0.5,0.5,0.5,100.0,0.7408012325321892,2,0
synthetic_product,0.5,0.5,0.5,100.0,0.8359590059239279,3,0
synthetic_product,0.5,0.5,0.5,100.0,0.35258089475150844,1,1
synthetic_product,0.5,0.5,0.5,100.0,0.44370563057497814,2,1
synthetic_product,0.5,0.5,0.5,100.0,0.40700889547487623,3,1
synthetic_product,0.5,0.5,0.5,100.0,0.6192467682492407,1,0
synthetic_product,0.5,0.5,0.5,100.0,0.3934095453144911,1,1
synthetic_product,0.5,0.5,0.5,100.0,0.5471414463146521,2,1
synthetic_product,0.5,0.5,0.5,100.0,0.7274331638555471,1,0
synthetic_product,0.5,0.5,0.5,100.0,0.28027827950263706,2,0
synthetic_product,0.5,0.5,0.5,100.0,0.13315335904968134,1,1
synthetic_product,0.5,0.5,0.5,100.0,0.678678635855454,3,1
synthetic_product,0.5,0.5,0.5,100.0,1.0468718146288072,2,0
synthetic_product,0.5,0.5,0.5,100.0,1.0204405904685547,2,1
synthetic_product,0.5,0.5,0.5,100.0,0.43584626866771725,1,1
synthetic_product,0.5,0.5,0.5,100.0,0.4600650060482987,1,1
synthetic_product,0.5,0.5,0.5,100.0,0.5605342930396482,3,1
synthetic_product,0.5,0.5,0.5,100.0,0.5796792707011932,2,1
synthetic_product,0.5,0.5,0.5,100.0,0.7940330272817238,1,1
synthetic_product,0.5,0.5,0.5,100.0,0.7546130686244026,1,1
synthetic_product,0.5,0.5,0.5,100.0,0.33551241716718105,2,1
synthetic_product,0.5,0.5,0.5,100.0,0.671113911316378,1,0
synthetic_product,0.5,0.5,0.5,100.0,1.0273044380379919,2,0
synthetic_product,0.5,0.5,0.5,100.0,0.538112375169356,2,0
synthetic_product,0.5,0.5,0.5,100.0,0.516180885741463,2,0
synthetic_product,0.5,0.5,0.5,100.0,0.6714038635920478,1,0
synthetic_product,0.5,0.5,0.5,100.0,0.47857521673424686,1,0
synthetic_product,0.5,0.5,0.5,100.0,0.9725248052238203,1,0
synthetic_product,0.5,0.5,0.5,100.0,0.7869137455702901,3,1
synthetic_product,0.5,0.5,0.5,100.0,0.5204713851822628,1,0
synthetic_product,0.5,0.5,0.5,100.0,0.38031386950741786,2,1
synthetic_product,0.5,0.5,0.5,100.0,0.5837123256668927,2,1
synthetic_product,0.5,0.5,0.5,100.0,0.8286059142285745,2,1
synthetic_product,0.5,0.5,0.5,100.0,0.3919502333404719,1,1
synthetic_product,0.5,0.5,0.5,100.0,0.35340502148942865,1,1
synthetic_product,0.5,0.5,0.5,100.0,0.591798185113322,2,1
synthetic_product,0.5,0.5,0.5,100.0,0.6534364939981047,2,0
synthetic_product,0.5,0.5,0.5,100.0,0.5201034949383094,3,1
synthetic_product,0.5,0.5,0.5,100.0,0.7716755426128755,1,0
synthetic_product,0.5,0.5,0.5,100.0,0.9200782095075755,1,1
synthetic_product,0.5,0.5,0.5,100.0,0.5836228960999028,2,1
synthetic_product,0.5,0.5,0.5,100.0,0.7288820464716007,1,1
synthetic_product,0.5,0.5,0.5,100.0,0.3751598896675473,2,1
synthetic_product,0.5,0.5,0.5,100.0,0.43842259555123936,2,0
synthetic_product,0.5,0.5,0.5,100.0,0.9895153301320136,3,0
synthetic_product,0.5,0.5,0.5,100.0,0.926818926017843,2,0
synthetic_product,0.5,0.5,0.5,100.0,0.6457620532255514,1,1
synthetic_product,0.5,0.5,0.5,100.0,0.7955870379674843,1,0
synthetic_product,0.5,0.5,0.5,100.0,0.7094218497559216,2,1
synthetic_product,0.5,0.5,0.5,100.0,0.4450128126853863,2,1
synthetic_product,0.5,0.5,0.5,100.0,0.6334799206526428,2,0
synthetic_product,0.5,0.5,0.5,100.0,0.40482781949395175,2,1
synthetic_product,0.5,0.5,0.5,100.0,0.8309503363755165,2,0
synthetic_product,0.5,0.5,0.5,100.0,0.7847610125893324,1,1
synthetic_product,0.5,0.5,0.5,100.0,0.5808103904971754,2,1
synthetic_product,0.5,0.5,0.5,100.0,0.8227778846535431,2,0
synthetic_product,0.5,0.5,0.5,100.0,0.45661646819151164,1,1
synthetic_product,0.5,0.5,0.5,100.0,0.8841612591035425,2,1
synthetic_product,0.5,0.5,0.5,100.0,0.4183519984249834,3,1
synthetic_product,0.5,0.5,0.5,100.0,0.6420695778846394,3,0
synthetic_product,0.5,0.5,0.5,100.0,0.44434697939740486,3,1
synthetic_product,0.5,0.5,0.5,100.0,0.9411927395358923,3,0
synthetic_product,0.5,0.5,0.5,100.0,0.878227359241673,2,0
synthetic_product,0.5,0.5,0.5,100.0,0.2506095691488925,2,1
synthetic_product,0.5,0.5,0.5,100.0,0.8653940024240941,1,0
synthetic_product,0.5,0.5,0.5,100.0,0.5841664363785937,1,0
synthetic_product,0.5,0.5,0.5,100.0,0.5931415357907801,1,0
synthetic_product,0.5,0.5,0.5,100.0,0.7615629487794366,1,1
synthetic_product,0.5,0.5,0.5,100.0,0.9355961816559066,3,0
synthetic_product,0.5,0.5,0.5,100.0,0.4676212042043435,1,0
synthetic_product,0.5,0.5,0.5,100.0,0.983689016631434,3,1
synthetic_product,0.5,0.5,0.5,100.0,0.9274846082194701,3,1
synthetic_product,0.5,0.5,0.5,100.0,0.669236961996711,2,0
synthetic_product,0.5,0.5,0.5,100.0,0.4616420481027258,2,1
synthetic_product,0.5,0.5,0.5,100.0,1.1725718339065716,3,0
synthetic_product,0.5,0.5,0.5,100.0,0.5527581735708106,2,1
synthetic_product,0.5,0.5,0.5,100.0,0.16897910016821963,1,1
synthetic_product,0.5,0.5,0.5,100.0,0.689874775504787,2,0
synthetic_product,0.5,0.5,0.5,100.0,0.992773246322412,2,0
synthetic_product,0.5,0.5,0.5,100.0,0.43869038803578864,1,0
synthetic_product,0.5,0.5,0.5,100.0,0.8199286556041077,2,0
synthetic_product,0.5,0.5,0.5,100.0,0.6460826901425166,3,0
synthetic_product,0.5,0.5,0.5,100.0,0.5071864152449862,3,0
synthetic_product,0.5,0.5,0.5,100.0,0.8646119751656794,1,0
synthetic_product,0.5,0.5,0.5,100.0,0.7738585557237265,1,0
synthetic_product,0.5,0.5,0.5,100.0,0.7708205979817738,2,0
synthetic_product,0.5,0.5,0.5,100.0,0.5619912695273743,1,0
synthetic_product,0.5,0.5,0.5,100.0,0.7535082116067553,2,0
synthetic_product,0.5,0.5,0.5,100.0,1.0141151985634713,1,0
synthetic_product,0.5,0.5,0.5,100.0,0.8523470707515204,2,0
synthetic_product,0.5,0.5,0.5,100.0,0.5654271730014954,2,0
synthetic_product,0.5,0.5,0.5,100.0,0.4632321435216609,1,0
synthetic_product,0.5,0.5,0.5,100.0,0.38884914748904736,2,0
synthetic_product,0.5,0.5,0.5,100.0,0.9295448554275091,2,0
synthetic_product,0.5,0.5,0.5,100.0,0.6858889819461655,2,1
synthetic_product,0.5,0.5,0.5,100.0,0.8915559092874703,2,1
synthetic_product,0.5,0.5,0.5,100.0,0.5601590367041814,2,1
synthetic_product,0.5,0.5,0.5,100.0,0.21982814461023348,1,1
synthetic_product,0.5,0.5,0.5,100.0,0.3259280293773641,2,1
synthetic_product,0.5,0.5,0.5,100.0,0.5784894319407582,3,1
synthetic_product,0.5,0.5,0.5,100.0,0.39134224547223867,2,1
synthetic_product,0.5,0.5,0.5,100.0,0.9697825098026718,1,0
synthetic_product,0.5,0.5,0.5,100.0,0.6884825430580216,1,0
synthetic_product,0.5,0.5,0.5,100.0,0.5616309602273035,1,0
synthetic_product,0.5,0.5,0.5,100.0,0.7186117943149888,1,1
synthetic_product,0.5,0.5,0.5,100.0,0.9412513477971328,1,0
synthetic_product,0.5,0.5,0.5,100.0,0.7524845821286166,1,1
synthetic_product,0.5,0.5,0.5,100.0,0.6566927019588372,3,1
synthetic_product,0.5,0.5,0.5,100.0,0.2865622834056609,1,0
synthetic_product,0.5,0.5,0.5,100.0,0.5735538844210342,3,1
synthetic_product,0.5,0.5,0.5,100.0,0.4922076069462993,1,0
synthetic_product,0.5,0.5,0.5,100.0,0.5487697752031158,2,1
synthetic_product,0.5,0.5,0.5,100.0,0.7848456354370924,3,0
synthetic_product,0.5,0.5,0.5,100.0,0.758396910493177,3,0
synthetic_product,0.5,0.5,0.5,100.0,0.36698866411303,2,1
synthetic_product,0.5,0.5,0.5,100.0,0.6444587338601105,2,1
synthetic_product,0.5,0.5,0.5,100.0,0.7570494984069522,2,0
synthetic_product,0.5,0.5,0.5,100.0,0.9151806606729282,2,0
synthetic_product,0.5,0.5,0.5,100.0,0.3822090788541992,2,1
synthetic_product,0.5,0.5,0.5,100.0,0.6339013646766997,3,1
synthetic_product,0.5,0.5,0.5,100.0,0.8744387500386278,3,1
synthetic_product,0.5,0.5,0.5,100.0,0.3127478774570525,2,1
synthetic_product,0.5,0.5,0.5,100.0,1.0117125919665015,2,0
synthetic_product,0.5,0.5,0.5,100.0,0.9328660384651299,1,1
synthetic_product,0.5,0.5,0.5,100.0,0.32907053191595503,1,0
synthetic_product,0.5,0.5,0.5,100.0,0.4639844013988477,1,0
synthetic_product,0.5,0.5,0.5,100.0,0.625558406246714,1,0
synthetic_product,0.5,0.5,0.5,100.0,0.2303178694620639,2,1
synthetic_product,0.5,0.5,0.5,100.0,0.9998598094522244,3,0
synthetic_product,0.5,0.5,0.5,100.0,0.47438390151074017,2,1
synthetic_product,0.5,0.5,0.5,100.0,0.9445901743700233,3,0
synthetic_product,0.5,0.5,0.5,100.0,0.6644618346710321,1,1
synthetic_product,0.5,0.5,0.5,100.0,0.7617019790067722,2,1
synthetic_product,0.5,0.5,0.5,100.0,0.6513535523897822,3,0
synthetic_product,0.5,0.5,0.5,100.0,0.5170999901671298,1,0
synthetic_product,0.5,0.5,0.5,100.0,0.6962620630713725,2,1
synthetic_product,0.5,0.5,0.5,100.0,0.5422226045046616,2,1
synthetic_product,0.5,0.5,0.5,100.0,0.8711811458476819,2,0
synthetic_product,0.5,0.5,0.5,100.0,0.6922084177626371,1,1
synthetic_product,0.5,0.5,0.5,100.0,0.6156764195719187,2,0
synthetic_product,0.5,0.5,0.5,100.0,0.9551501645234326,3,0
synthetic_product,0.5,0.5,0.5,100.0,0.8314915364444274,3,1
synthetic_product,0.5,0.5,0.5,100.0,0.3592394167054889,1,1
synthetic_product,0.5,0.5,0.5,100.0,0.6707853692619503,1,1
synthetic_product,0.5,0.5,0.5,100.0,0.7582254971014528,3,0
synthetic_product,0.5,0.5,0.5,100.0,0.5933134517698635,2,1
synthetic_product,0.5,0.5,0.5,100.0,0.52487376699205,1,0
synthetic_product,0.5,0.5,0.5,100.0,0.6253348338770729,1,0
synthetic_product,0.5,0.5,0.5,100.0,0.7784124193688009,2,1
synthetic_product,0.5,0.5,0.5,100.0,0.583300583409749,1,0
synthetic_product,0.5,0.5,0.5,100.0,0.9389861114983286,1,1
synthetic_product,0.5,0.5,0.5,100.0,0.41115911572942904,3,1
synthetic_product,0.5,0.5,0.5,100.0,0.5584000339055197,3,1
synthetic_product,0.5,0.5,0.5,100.0,0.5881143530587157,2,0
synthetic_product,0.5,0.5,0.5,100.0,0.628622673227281,3,0
synthetic_product,0.5,0.5,0.5,100.0,0.5903795123171688,1,0
synthetic_product,0.5,0.5,0.5,100.0,0.6657360654389213,1,1
synthetic_product,0.5,0.5,0.5,100.0,0.7152001493927075,3,1
synthetic_product,0.5,0.5,0.5,100.0,1.1321077428606878,1,0
synthetic_product,0.5,0.5,0.5,100.0,0.3632458621082869,3,1
synthetic_product,0.5,0.5,0.5,100.0,0.5742972117506833,2,0
synthetic_product,0.5,0.5,0.5,100.0,0.6108564661825852,2,0
synthetic_product,0.5,0.5,0.5,100.0,0.25844870764914074,1,0
synthetic_product,0.5,0.5,0.5,100.0,0.5487798515341723,1,0
synthetic_product,0.5,0.5,0.5,100.0,0.7933822217711477,3,0
synthetic_product,0.5,0.5,0.5,100.0,0.6921713542466177,2,0
synthetic_product,0.5,0.5,0.5,100.0,0.613948332743294,2,1
synthetic_product,0.5,0.5,0.5,100.0,0.9887518865325864,2,0
synthetic_product,0.5,0.5,0.5,100.0,0.270631414849655,1,1
synthetic_product,0.5,0.5,0.5,100.0,0.6932903943912474,2,1
synthetic_product,0.5,0.5,0.5,100.0,0.5819449771761603,1,1
synthetic_product,0.5,0.5,0.5,100.0,0.9935041977303283,3,1
synthetic_product,0.5,0.5,0.5,100.0,0.5619636490693536,1,1
synthetic_product,0.5,0.5,0.5,100.0,0.4052948624703798,1,1
synthetic_product,0.5,0.5,0.5,100.0,0.31138049470613754,2,1
synthetic_product,0.5,0.5,0.5,100.0,0.8243978539585427,3,1
synthetic_product,0.5,0.5,0.5,100.0,0.3873175250172516,2,0
synthetic_product,0.5,0.5,0.5,100.0,0.28935451332125367,1,1
synthetic_product,0.5,0.5,0.5,100.0,0.5466109668342427,2,1
synthetic_product,0.5,0.5,0.5,100.0,0.7713053951448927,1,0
synthetic_product,0.5,0.5,0.5,100.0,0.419256777734109,1,0
synthetic_product,0.5,0.5,0.5,100.0,0.74551673360015,3,1
synthetic_product,0.5,0.5,0.5,100.0,0.7177105520054676,3,0
synthetic_product,0.5,0.5,0.5,100.0,0.3894397495308372,2,1
synthetic_product,0.5,0.5,0.5,100.0,0.86399616503709,2,0
synthetic_product,0.5,0.5,0.5,100.0,0.6521289856655929,1,1
synthetic_product,0.5,0.5,0.5,100.0,0.6349440750359154,2,1
synthetic_product,0.5,0.5,0.5,100.0,0.9421867127599504,3,1
synthetic_product,0.5,0.5,0.5,100.0,0.9939490707274147,1,1
synthetic_product,0.5,0.5,0.5,100.0,0.6164179619984501,1,0
synthetic_product,0.5,0.5,0.5,100.0,0.01,1,1
synthetic_product,0.5,0.5,0.5,100.0,0.3597991152011222,1,1
synthetic_product,0.5,0.5,0.5,100.0,0.4693717274691667,1,0
synthetic_product,0.5,0.5,0.5,100.0,0.2842705546457457,2,1
synthetic_product,0.5,0.5,0.5,100.0,0.6973075825206262,2,1
synthetic_product,0.5,0.5,0.5,100.0,1.057760180139462,2,0
synthetic_product,0.5,0.5,0.5,100.0,0.6634378315589056,3,1
synthetic_product,0.5,0.5,0.5,100.0,0.7957278767149356,2,1
synthetic_product,0.5,0.5,0.5,100.0,0.7284809730030615,1,0
synthetic_product,0.5,0.5,0.5,100.0,0.7260188965186053,1,0
synthetic_product,0.5,0.5,0.5,100.0,0.8123503621840863,3,0
synthetic_product,0.5,0.5,0.5,100.0,0.6554943513112912,2,1
synthetic_product,0.5,0.5,0.5,100.0,0.7327052271477169,1,0
synthetic_product,0.5,0.5,0.5,100.0,0.8131083239981997,1,1
synthetic_product,0.5,0.5,0.5,100.0,0.760060562896214,2,0
synthetic_product,0.5,0.5,0.5,100.0,0.5799061742337417,1,1
synthetic_product,0.5,0.5,0.5,100.0,0.37413886009804953,1,1
synthetic_product,0.5,0.5,0.5,100.0,0.8892633703131649,2,0
synthetic_product,0.5,0.5,0.5,100.0,0.5667920996296352,3,0
synthetic_product,0.5,0.5,0.5,100.0,0.6353835178673609,1,0
synthetic_product,0.5,0.5,0.5,100.0,0.47635046459619934,2,0
synthetic_product,0.5,0.5,0.5,100.0,1.1582742733994547,2,0
synthetic_product,0.5,0.5,0.5,100.0,0.8301395321012905,1,0
synthetic_product,0.5,0.5,0.5,100.0,0.3707385895010288,1,1
synthetic_product,0.5,0.5,0.5,100.0,0.780023400415497,2,1
synthetic_product,0.5,0.5,0.5,100.0,0.9155545006763463,1,0
synthetic_product,0.5,0.5,0.5,100.0,0.2652929796002548,2,1
synthetic_product,0.5,0.5,0.5,100.0,0.6818717364639283,2,0
synthetic_product,0.5,0.5,0.5,100.0,0.5779742947735889,2,1
synthetic_product,0.5,0.5,0.5,100.0,0.5333738881138861,1,1
synthetic_product,0.5,0.5,0.5,100.0,0.6266353086535313,1,0
synthetic_product,0.5,0.5,0.5,100.0,0.3145085409277088,2,0
synthetic_product,0.5,0.5,0.5,100.0,0.8899061823072514,1,1
synthetic_product,0.5,0.5,0.5,100.0,0.7156084880449805,2,0
synthetic_product,0.5,0.5,0.5,100.0,0.9645284932968435,3,1
synthetic_product,0.5,0.5,0.5,100.0,0.5440853595817968,3,1
synthetic_product,0.5,0.5,0.5,100.0,0.7351848215525184,3,1
synthetic_product,0.5,0.5,0.5,100.0,0.31593800270282013,3,1
synthetic_product,0.5,0.5,0.5,100.0,0.6387495510915767,1,1
synthetic_product,0.5,0.5,0.5,100.0,0.9981841469672114,3,0
synthetic_product,0.5,0.5,0.5,100.0,0.7497893751879433,1,0
synthetic_product,0.5,0.5,0.5,100.0,0.9652928276819551,2,1
synthetic_product,0.5,0.5,0.5,100.0,0.7800969744912494,2,1
synthetic_product,0.5,0.5,0.5,100.0,0.8280898567078218,1,0
synthetic_product,0.5,0.5,0.5,100.0,0.6372750736458679,2,0
synthetic_product,0.5,0.5,0.5,100.0,0.2718814406952386,1,1
synthetic_product,0.5,0.5,0.5,100.0,0.9298200680178552,1,0
synthetic_product,0.5,0.5,0.5,100.0,0.6547189889582476,1,0
synthetic_product,0.5,0.5,0.5,100.0,0.37064410500881173,1,0
synthetic_product,0.5,0.5,0.5,100.0,0.7282723737332444,1,0
synthetic_product,0.5,0.5,0.5,100.0,0.9592816200703542,3,0
synthetic_product,0.5,0.5,0.5,100.0,1.210544065038369,3,0
synthetic_product,0.5,0.5,0.5,100.0,0.6439562773773986,1,0
synthetic_product,0.5,0.5,0.5,100.0,0.4631175491770112,2,1
synthetic_product,0.5,0.5,0.5,100.0,0.5845070667199012,2,1
synthetic_product,0.5,0.5,0.5,100.0,0.16585601448905177,1,1
synthetic_product,0.5,0.5,0.5,100.0,0.4327058600016759,1,1
synthetic_product,0.5,0.5,0.5,100.0,0.801704033804695,1,0
synthetic_product,0.5,0.5,0.5,100.0,0.7764348697149934,1,1
synthetic_product,0.5,0.5,0.5,100.0,0.8735854387435739,1,0
synthetic_product,0.5,0.5,0.5,100.0,1.02952999452355,2,0
synthetic_product,0.5,0.5,0.5,100.0,0.9465425773851623,2,0
synthetic_product,0.5,0.5,0.5,100.0,0.5754932470910225,2,1
synthetic_product,0.5,0.5,0.5,100.0,0.7103039202989304,3,1
synthetic_product,0.5,0.5,0.5,100.0,0.506130593710746,2,0
synthetic_product,0.5,0.5,0.5,100.0,0.5405962574862981,2,0
synthetic_product,0.5,0.5,0.5,100.0,0.7211724921943523,2,1
synthetic_product,0.5,0.5,0.5,100.0,0.37024326793751516,1,1
synthetic_product,0.5,0.5,0.5,100.0,0.3738757103399815,1,0
synthetic_product,0.5,0.5,0.5,100.0,0.5260533045860569,2,1
synthetic_product,0.5,0.5,0.5,100.0,0.533111332092853,3,1
synthetic_product,0.5,0.5,0.5,100.0,0.841171106942424,3,0
synthetic_product,0.5,0.5,0.5,100.0,0.7383818945454742,2,1
synthetic_product,0.5,0.5,0.5,100.0,0.40901752672277075,1,1
synthetic_product,0.5,0.5,0.5,100.0,0.6806018995563727,3,1
synthetic_product,0.5,0.5,0.5,100.0,0.5713821584538009,1,1
synthetic_product,0.5,0.5,0.5,100.0,0.6045938878202679,1,0
synthetic_product,0.5,0.5,0.5,100.0,0.37448219151607265,2,1
synthetic_product,0.5,0.5,0.5,100.0,0.04315536673483869,1,1
synthetic_product,0.5,0.5,0.5,100.0,0.391173586102796,1,0
synthetic_product,0.5,0.5,0.5,100.0,0.4993736351509397,2,1
synthetic_product,0.5,0.5,0.5,100.0,0.6420768838086668,2,1
synthetic_product,0.5,0.5,0.5,100.0,0.3525889052942443,2,1
synthetic_product,0.5,0.5,0.5,100.0,1.0393647128081183,1,1
synthetic_product,0.5,0.5,0.5,100.0,0.5439333682907038,2,0
synthetic_product,0.5,0.5,0.5,100.0,0.6411663011414742,2,0
synthetic_product,0.5,0.5,0.5,100.0,0.7845858059413593,1,1
synthetic_product,0.5,0.5,0.5,100.0,0.6780869817205574,2,0
synthetic_product,0.5,0.5,0.5,100.0,0.33928757833371853,2,1
synthetic_product,0.5,0.5,0.5,100.0,1.0253561654936303,2,0
synthetic_product,0.5,0.5,0.5,100.0,0.9559452929894334,1,1
synthetic_product,0.5,0.5,0.5,100.0,0.3622678904375052,3,1
synthetic_product,0.5,0.5,0.5,100.0,0.7172546369163117,3,1
synthetic_product,0.5,0.5,0.5,100.0,1.059625538719711,3,0
synthetic_product,0.5,0.5,0.5,100.0,0.42462265272418787,2,1
synthetic_product,0.5,0.5,0.5,100.0,0.785516356930193,2,0
synthetic_product,0.5,0.5,0.5,100.0,1.2347685502336292,3,1
synthetic_product,0.5,0.5,0.5,100.0,0.4696919031652454,1,1
synthetic_product,0.5,0.5,0.5,100.0,0.4429627066899408,1,0
synthetic_product,0.5,0.5,0.5,100.0,0.9329168818430091,3,0
synthetic_product,0.5,0.5,0.5,100.0,0.9992570508351339,3,0
synthetic_product,0.5,0.5,0.5,100.0,0.9022448233805226,2,0
synthetic_product,0.5,0.5,0.5,100.0,0.6356768357597867,2,0
synthetic_product,0.5,0.5,0.5,100.0,0.721568148151765,3,0
synthetic_product,0.5,0.5,0.5,100.0,0.6358583348050051,1,1
synthetic_product,0.5,0.5,0.5,100.0,1.0812073341153552,3,1
synthetic_product,0.5,0.5,0.5,100.0,0.7667409497898543,2,1
synthetic_product,0.5,0.5,0.5,100.0,1.0196198761739192,2,0
synthetic_product,0.5,0.5,0.5,100.0,0.3226495613007069,2,1
synthetic_product,0.5,0.5,0.5,100.0,0.9369751371593724,2,0
synthetic_product,0.5,0.5,0.5,100.0,1.1513860765799657,1,0
synthetic_product,0.5,0.5,0.5,100.0,0.47983797343848467,3,1
synthetic_product,0.5,0.5,0.5,100.0,0.6757855723287236,2,1
synthetic_product,0.5,0.5,0.5,100.0,0.29099027997196086,1,0
synthetic_product,0.5,0.5,0.5,100.0,0.74708624067979,1,1
synthetic_product,0.5,0.5,0.5,100.0,0.7518707807490728,3,0
synthetic_product,0.5,0.5,0.5,100.0,0.5024940261844375,3,0
synthetic_product,0.5,0.5,0.5,100.0,0.520509980467846,1,0
synthetic_product,0.5,0.5,0.5,100.0,0.7049413399482654,2,0
synthetic_product,0.5,0.5,0.5,100.0,0.6934548807485423,2,1
synthetic_product,0.5,0.5,0.5,100.0,0.48752579389242345,2,1
synthetic_product,0.5,0.5,0.5,100.0,0.7723375950195672,3,1
synthetic_product,0.5,0.5,0.5,100.0,0.7119220314658996,1,0
synthetic_product,0.5,0.5,0.5,100.0,0.7796741497570572,2,0
synthetic_product,0.5,0.5,0.5,100.0,0.748613756540006,2,1
synthetic_product,0.5,0.5,0.5,100.0,0.9332817931989393,2,0
synthetic_product,0.5,0.5,0.5,100.0,0.2649145718111978,1,1
synthetic_product,0.5,0.5,0.5,100.0,1.1441922165297405,3,1
synthetic_product,0.5,0.5,0.5,100.0,0.8804876946724346,2,0
synthetic_product,0.5,0.5,0.5,100.0,0.7081404997816401,2,0
synthetic_product,0.5,0.5,0.5,100.0,0.5481281091722401,3,1
synthetic_product,0.5,0.5,0.5,100.0,1.0119535856324657,2,0
synthetic_product,0.5,0.5,0.5,100.0,0.36623562498859213,2,0
synthetic_product,0.5,0.5,0.5,100.0,0.7363477156102104,3,1
synthetic_product,0.5,0.5,0.5,100.0,1.2206993201801801,2,0
synthetic_product,0.5,0.5,0.5,100.0,0.5666995527506268,2,1
synthetic_product,0.5,0.5,0.5,100.0,0.9706041170143365,2,1
synthetic_product,0.5,0.5,0.5,100.0,0.6691460297572988,2,1
synthetic_product,0.5,0.5,0.5,100.0,0.7284773388608976,1,1
synthetic_product,0.5,0.5,0.5,100.0,1.0951881735386286,1,0
synthetic_product,0.5,0.5,0.5,100.0,0.46950214117966194,1,0
synthetic_product,0.5,0.5,0.5,100.0,0.34986395565336625,1,0
synthetic_product,0.5,0.5,0.5,100.0,1.0072507959087489,3,0
synthetic_product,0.5,0.5,0.5,100.0,0.47007077355714866,2,0
synthetic_product,0.5,0.5,0.5,100.0,0.37720427194254347,1,1
synthetic_product,0.5,0.5,0.5,100.0,0.17389489613117393,2,0
synthetic_product,0.5,0.5,0.5,100.0,0.8908856415936488,1,1
synthetic_product,0.5,0.5,0.5,100.0,0.2384672334480732,2,0
synthetic_product,0.5,0.5,0.5,100.0,0.5620532334929565,3,1
synthetic_product,0.5,0.5,0.5,100.0,0.7183666311688087,2,0
synthetic_product,0.5,0.5,0.5,100.0,0.967367480086741,2,1
synthetic_product,0.5,0.5,0.5,100.0,0.48394051126107385,1,1
synthetic_product,0.5,0.5,0.5,100.0,0.3649135078571645,1,1
synthetic_product,0.5,0.5,0.5,100.0,0.8101267617905593,3,0
synthetic_product,0.5,0.5,0.5,100.0,0.7853860720960387,1,1
synthetic_product,0.5,0.5,0.5,100.0,0.3604748929709938,1,0
synthetic_product,0.5,0.5,0.5,100.0,0.27107366701693775,2,0
synthetic_product,0.5,0.5,0.5,100.0,0.6361726668082768,2,1
synthetic_product,0.5,0.5,0.5,100.0,0.31821089888203014,1,1
synthetic_product,0.5,0.5,0.5,100.0,0.7386458189755443,1,1
synthetic_product,0.5,0.5,0.5,100.0,0.6395590916940175,2,0
synthetic_product,0.5,0.5,0.5,100.0,0.6215583323858401,3,0
synthetic_product,0.5,0.5,0.5,100.0,0.8500801516435819,3,0
synthetic_product,0.5,0.5,0.5,100.0,1.0734948987352593,3,0
synthetic_product,0.5,0.5,0.5,100.0,0.49307169642102544,3,1
synthetic_product,0.5,0.5,0.5,100.0,0.6554371734966853,2,1
synthetic_product,0.5,0.5,0.5,100.0,1.0967092846619262,2,0
synthetic_product,0.5,0.5,0.5,100.0,0.9026817678632457,2,0
synthetic_product,0.5,0.5,0.5,100.0,0.7897634102018791,1,0
synthetic_product,0.5,0.5,0.5,100.0,0.8708464267398722,3,0
synthetic_product,0.5,0.5,0.5,100.0,0.6436882851643213,3,1
synthetic_product,0.5,0.5,0.5,100.0,0.3096651888198089,1,1
synthetic_product,0.5,0.5,0.5,100.0,0.7037748816231971,1,0
synthetic_product,0.5,0.5,0.5,100.0,0.2952945318441284,2,1
synthetic_product,0.5,0.5,0.5,100.0,0.5227637073573203,3,1
synthetic_product,0.5,0.5,0.5,100.0,0.8203294587088988,1,0
synthetic_product,0.5,0.5,0.5,100.0,1.0654343023232913,1,0
synthetic_product,0.5,0.5,0.5,100.0,0.2716407455795081,1,1
synthetic_product,0.5,0.5,0.5,100.0,0.2572270635329711,1,1
synthetic_product,0.5,0.5,0.5,100.0,0.7459459518692552,3,1
synthetic_product,0.5,0.5,0.5,100.0,0.988528850381248,2,1
synthetic_product,0.5,0.5,0.5,100.0,0.693860500175379,1,0
synthetic_product,0.5,0.5,0.5,100.0,0.900289125768248,1,0
synthetic_product,0.5,0.5,0.5,100.0,0.660586209509344,2,0
synthetic_product,0.5,0.5,0.5,100.0,0.4368451726493817,2,1
synthetic_product,0.5,0.5,0.5,100.0,1.0578781661910381,3,0
synthetic_product,0.5,0.5,0.5,100.0,0.58125546998771,1,1
synthetic_product,0.5,0.5,0.5,100.0,0.6290254275827643,2,0
synthetic_product,0.5,0.5,0.5,100.0,0.7292986606030786,1,0
synthetic_product,0.5,0.5,0.5,100.0,0.5218656606768297,2,1
synthetic_product,0.5,0.5,0.5,100.0,0.44651021423224807,1,0
synthetic_product,0.5,0.5,0.5,100.0,0.5571040873455452,1,0
synthetic_product,0.5,0.5,0.5,100.0,0.7754683570699185,1,0
synthetic_product,0.5,0.5,0.5,100.0,1.0276477220664564,2,1
synthetic_product,0.5,0.5,0.5,100.0,0.5251982800655878,2,1
synthetic_product,0.5,0.5,0.5,100.0,0.27497411902970104,2,1
synthetic_product,0.5,0.5,0.5,100.0,0.9208949641335149,3,0
synthetic_product,0.5,0.5,0.5,100.0,0.5751903895553339,2,1
synthetic_product,0.5,0.5,0.5,100.0,0.7032874822504164,3,0
synthetic_product,0.5,0.5,0.5,100.0,0.6431390228988726,1,0
synthetic_product,0.5,0.5,0.5,100.0,0.44665233507845703,1,0
synthetic_product,0.5,0.5,0.5,100.0,0.8793277545163961,2,0
synthetic_product,0.5,0.5,0.5,100.0,0.5745115692574831,3,1
synthetic_product,0.5,0.5,0.5,100.0,1.1175764714545895,3,1
synthetic_product,0.5,0.5,0.5,100.0,0.2681610562932347,2,1
synthetic_product,0.5,0.5,0.5,100.0,0.6666751974034449,3,0
synthetic_product,0.5,0.5,0.5,100.0,0.23449040450031663,1,0
synthetic_product,0.5,0.5,0.5,100.0,1.1002397882080444,3,0
synthetic_product,0.5,0.5,0.5,100.0,0.596819913728285,1,1
synthetic_product,0.5,0.5,0.5,100.0,0.6790454156513991,1,1
synthetic_product,0.5,0.5,0.5,100.0,0.2689957828169883,2,1
synthetic_product,0.5,0.5,0.5,100.0,0.8259758929213821,3,1
synthetic_product,0.5,0.5,0.5,100.0,1.0029988865519905,1,1
synthetic_product,0.5,0.5,0.5,100.0,0.9172099552324006,3,0
synthetic_product,0.5,0.5,0.5,100.0,0.7053824836372131,2,0
synthetic_product,0.5,0.5,0.5,100.0,0.337805245704833,2,1
synthetic_product,0.5,0.5,0.5,100.0,0.9048819793144667,1,0
synthetic_product,0.5,0.5,0.5,100.0,0.5445173474998998,3,1
synthetic_product,0.5,0.5,0.5,100.0,0.6095427375723486,2,0
synthetic_product,0.5,0.5,0.5,100.0,0.5896976107979344,3,0
synthetic_product,0.5,0.5,0.5,100.0,0.5458838021854879,3,1
synthetic_product,0.5,0.5,0.5,100.0,1.0594597290438392,2,0
synthetic_product,0.5,0.5,0.5,100.0,0.8469378430210243,1,1
synthetic_product,0.5,0.5,0.5,100.0,0.7995959142507001,1,0
synthetic_product,0.5,0.5,0.5,100.0,0.19462243935165102,1,1
synthetic_product,0.5,0.5,0.5,100.0,1.2283268677260675,3,0
synthetic_product,0.5,0.5,0.5,100.0,0.819464659156152,3,0
synthetic_product,0.5,0.5,0.5,100.0,0.8612877450119858,3,0
synthetic_product,0.5,0.5,0.5,100.0,0.40262613383337786,2,1
synthetic_product,0.5,0.5,0.5,100.0,0.19185297130470394,1,1
synthetic_product,0.5,0.5,0.5,100.0,0.6899440599152207,3,0
synthetic_product,0.5,0.5,0.5,100.0,1.133096229566465,3,0
synthetic_product,0.5,0.5,0.5,100.0,0.5506987019690984,3,1
synthetic_product,0.5,0.5,0.5,100.0,0.684380993678709,3,1
synthetic_product,0.5,0.5,0.5,100.0,0.6639549422872788,1,0
synthetic_product,0.5,0.5,0.5,100.0,0.89080011288685,2,0
synthetic_product,0.5,0.5,0.5,100.0,0.2610418746508695,2,0
synthetic_product,0.5,0.5,0.5,100.0,1.043093599269157,2,0
synthetic_product,0.5,0.5,0.5,100.0,0.16876880632571006,1,1
synthetic_product,0.5,0.5,0.5,100.0,0.8325933771115971,2,1
synthetic_product,0.5,0.5,0.5,100.0,0.423193930523009,3,1
synthetic_product,0.5,0.5,0.5,100.0,0.5095990124691052,2,0
synthetic_product,0.5,0.5,0.5,100.0,0.8328960225717752,2,0
synthetic_product,0.5,0.5,0.5,100.0,0.23477302242312384,2,1
synthetic_product,0.5,0.5,0.5,100.0,1.0529509132871087,2,1
synthetic_product,0.5,0.5,0.5,100.0,0.7978330629109979,3,0
synthetic_product,0.5,0.5,0.5,100.0,0.7826624087786687,2,1
synthetic_product,0.5,0.5,0.5,100.0,0.967045298518151,3,1
synthetic_product,0.5,0.5,0.5,100.0,0.8263019717578106,3,0
synthetic_product,0.5,0.5,0.5,100.0,0.504855150450227,2,1
synthetic_product,0.5,0.5,0.5,100.0,0.8178639639491028,2,0
synthetic_product,0.5,0.5,0.5,100.0,0.6447001949321363,2,1
synthetic_product,0.5,0.5,0.5,100.0,0.7577861275753521,1,1
synthetic_product,0.5,0.5,0.5,100.0,0.3968550478721303,2,1
synthetic_product,0.5,0.5,0.5,100.0,0.6802415046755856,2,1
synthetic_product,0.5,0.5,0.5,100.0,0.45040879950719026,2,1
synthetic_product,0.5,0.5,0.5,100.0,0.7450732830355684,3,1
synthetic_product,0.5,0.5,0.5,100.0,0.5880004762207891,1,0
synthetic_product,0.5,0.5,0.5,100.0,0.5322851734298903,2,0
synthetic_product,0.5,0.5,0.5,100.0,0.7779509301175865,3,0
synthetic_product,0.5,0.5,0.5,100.0,0.37547338864087254,2,0
synthetic_product,0.5,0.5,0.5,100.0,0.4869774347626315,1,0
synthetic_product,0.5,0.5,0.5,100.0,0.38786260875883,1,1
synthetic_product,0.5,0.5,0.5,100.0,0.5671239878988512,1,1
synthetic_product,0.5,0.5,0.5,100.0,0.7749689361948131,2,0
synthetic_product,0.5,0.5,0.5,100.0,0.5137704643539158,1,0
synthetic_product,0.5,0.5,0.5,100.0,0.895291306633333,1,0
synthetic_product,0.5,0.5,0.5,100.0,0.7887386205338315,1,0
synthetic_product,0.5,0.5,0.5,100.0,0.5182767666879221,1,0
synthetic_product,0.5,0.5,0.5,100.0,0.5340167864587245,2,0
synthetic_product,0.5,0.5,0.5,100.0,0.6880025685890968,2,0
synthetic_product,0.5,0.5,0.5,100.0,0.2944513050129225,3,1
synthetic_product,0.5,0.5,0.5,100.0,0.692414880705445,3,1
synthetic_product,0.5,0.5,0.5,100.0,0.8403783474967739,2,0
synthetic_product,0.5,0.5,0.5,100.0,0.5073563414045817,3,1
synthetic_product,0.5,0.5,0.5,100.0,0.4890239632351158,1,0
synthetic_product,0.5,0.5,0.5,100.0,0.26830075945553955,2,0
synthetic_product,0.5,0.5,0.5,100.0,1.0647830544121588,2,0
synthetic_product,0.5,0.5,0.5,100.0,0.35329759543373007,1,1
synthetic_product,0.5,0.5,0.5,100.0,0.96609064213291,2,0
synthetic_product,0.5,0.5,0.5,100.0,0.4112227426636497,2,1
synthetic_product,0.5,0.5,0.5,100.0,0.27388503506989914,1,1
synthetic_product,0.5,0.5,0.5,100.0,1.1783658543664608,3,0
synthetic_product,0.5,0.5,0.5,100.0,0.4712329480426391,2,0
synthetic_product,0.5,0.5,0.5,100.0,0.40131695679280177,1,1
synthetic_product,0.5,0.5,0.5,100.0,0.7723857000836627,3,0
synthetic_product,0.5,0.5,0.5,100.0,0.9426727426033004,1,0
synthetic_product,0.5,0.5,0.5,100.0,0.44915371839115953,2,1
synthetic_product,0.5,0.5,0.5,100.0,0.5979846221558451,2,1
synthetic_product,0.5,0.5,0.5,100.0,0.5082684606252496,2,0
synthetic_product,0.5,0.5,0.5,100.0,0.5476241257722617,1,0
synthetic_product,0.5,0.5,0.5,100.0,0.581179182685303,1,1
synthetic_product,0.5,0.5,0.5,100.0,0.43486916824385585,2,0
synthetic_product,0.5,0.5,0.5,100.0,0.9824636639265109,2,0
synthetic_product,0.5,0.5,0.5,100.0,0.5935693492462762,3,1
synthetic_product,0.5,0.5,0.5,100.0,0.7892859511903579,1,1
synthetic_product,0.5,0.5,0.5,100.0,0.6475287619780032,3,0
synthetic_product,0.5,0.5,0.5,100.0,0.41292779205945995,1,1
synthetic_product,0.5,0.5,0.5,100.0,0.6352617025806893,2,1
synthetic_product,0.5,0.5,0.5,100.0,0.6177785452958172,2,1
synthetic_product,0.5,0.5,0.5,100.0,0.3239599492437038,3,0
synthetic_product,0.5,0.5,0.5,100.0,0.5888629962165844,2,1
synthetic_product,0.5,0.5,0.5,100.0,0.7218862252582839,2,1
synthetic_product,0.5,0.5,0.5,100.0,0.10381958451244963,1,1
synthetic_product,0.5,0.5,0.5,100.0,0.4335851788045754,1,1
synthetic_product,0.5,0.5,0.5,100.0,0.4756771619850959,1,0
synthetic_product,0.5,0.5,0.5,100.0,0.44903759342849103,2,1
synthetic_product,0.5,0.5,0.5,100.0,0.9310055131883158,2,0
synthetic_product,0.5,0.5,0.5,100.0,0.34246589286222645,1,1
synthetic_product,0.5,0.5,0.5,100.0,0.755705366961158,2,1
synthetic_product,0.5,0.5,0.5,100.0,0.6136390619673963,2,0
synthetic_product,0.5,0.5,0.5,100.0,0.13259043680615717,1,1
synthetic_product,0.5,0.5,0.5,100.0,0.6087147203815501,1,1
synthetic_product,0.5,0.5,0.5,100.0,0.9700462756329267,3,1
synthetic_product,0.5,0.5,0.5,100.0,0.5362755151553654,1,0
synthetic_product,0.5,0.5,0.5,100.0,0.9055860707984473,1,0
synthetic_product,0.5,0.5,0.5,100.0,0.6583460802582084,1,0
synthetic_product,0.5,0.5,0.5,100.0,0.7113441637082419,2,1
synthetic_product,0.5,0.5,0.5,100.0,0.6864475187696397,1,1
synthetic_product,0.5,0.5,0.5,100.0,0.6872291008347243,1,0
synthetic_product,0.5,0.5,0.5,100.0,0.7267356318426548,3,1
synthetic_product,0.5,0.5,0.5,100.0,0.5922121805611559,2,1
synthetic_product,0.5,0.5,0.5,100.0,1.0143253134361425,2,0
synthetic_product,0.5,0.5,0.5,100.0,0.29182775634169983,1,0
synthetic_product,0.5,0.5,0.5,100.0,0.6936879609601592,2,1
synthetic_product,0.5,0.5,0.5,100.0,1.057874268992591,2,1
synthetic_product,0.5,0.5,0.5,100.0,0.5528102664883039,1,0
synthetic_product,0.5,0.5,0.5,100.0,1.0990656437220225,3,1
synthetic_product,0.5,0.5,0.5,100.0,0.704042939927194,1,0
synthetic_product,0.5,0.5,0.5,100.0,0.7599404268339789,1,0
synthetic_product,0.5,0.5,0.5,100.0,0.5604655741228753,1,1
synthetic_product,0.5,0.5,0.5,100.0,1.006429443659173,3,1
synthetic_product,0.5,0.5,0.5,100.0,0.7076203940189372,1,0
synthetic_product,0.5,0.5,0.5,100.0,0.8895965587387171,2,0
synthetic_product,0.5,0.5,0.5,100.0,0.546536450922202,1,0
synthetic_product,0.5,0.5,0.5,100.0,0.9587556997725323,2,1
synthetic_product,0.5,0.5,0.5,100.0,0.7025906357716736,3,1
synthetic_product,0.5,0.5,0.5,100.0,0.32726569704849884,1,0
synthetic_product,0.5,0.5,0.5,100.0,0.38160917576390785,1,1
synthetic_product,0.5,0.5,0.5,100.0,0.6200546211175324,1,0
synthetic_product,0.5,0.5,0.5,100.0,0.8638111353899175,1,0
synthetic_product,0.5,0.5,0.5,100.0,0.3597457703726333,1,1
synthetic_product,0.5,0.5,0.5,100.0,0.4999804438337887,1,0
synthetic_product,0.5,0.5,0.5,100.0,0.4225344210910387,1,0
synthetic_product,0.5,0.5,0.5,100.0,0.7488185581666046,2,0
synthetic_product,0.5,0.5,0.5,100.0,0.20338970238046983,1,0
synthetic_product,0.5,0.5,0.5,100.0,0.7337147005328912,3,1
synthetic_product,0.5,0.5,0.5,100.0,0.754433019318293,3,0
synthetic_product,0.5,0.5,0.5,100.0,0.9794862018397943,2,0
synthetic_product,0.5,0.5,0.5,100.0,0.18738662457643096,1,1
synthetic_product,0.5,0.5,0.5,100.0,0.894789784880246,2,1
synthetic_product,0.5,0.5,0.5,100.0,0.718557100594011,1,0
synthetic_product,0.5,0.5,0.5,100.0,0.8061419169489499,2,1
synthetic_product,0.5,0.5,0.5,100.0,0.6989117596587335,3,1
synthetic_product,0.5,0.5,0.5,100.0,0.4728418410204994,2,1
synthetic_product,0.5,0.5,0.5,100.0,0.6676191414875239,2,0
synthetic_product,0.5,0.5,0.5,100.0,0.9408071531973501,3,1
synthetic_product,0.5,0.5,0.5,100.0,0.7209643769902104,2,0
synthetic_product,0.5,0.5,0.5,100.0,0.3397388358120812,1,1
synthetic_product,0.5,0.5,0.5,100.0,0.3659381772310893,3,1
synthetic_product,0.5,0.5,0.5,100.0,0.6146513280358448,2,1
synthetic_product,0.5,0.5,0.5,100.0,0.6172812419100133,1,1
synthetic_product,0.5,0.5,0.5,100.0,0.5859183578772521,2,0
synthetic_product,0.5,0.5,0.5,100.0,0.8092504640588978,3,1
synthetic_product,0.5,0.5,0.5,100.0,0.7304197789366733,3,0
synthetic_product,0.5,0.5,0.5,100.0,0.7834194030260961,1,0
synthetic_product,0.5,0.5,0.5,100.0,0.48828744531922086,1,1
synthetic_product,0.5,0.5,0.5,100.0,0.4359320485346147,1,1
synthetic_product,0.5,0.5,0.5,100.0,0.42610012776615586,1,0
synthetic_product,0.5,0.5,0.5,100.0,0.3999384243750586,2,1
synthetic_product,0.5,0.5,0.5,100.0,0.6403846270467856,3,0
synthetic_product,0.5,0.5,0.5,100.0,1.1549512130132016,3,0
synthetic_product,0.5,0.5,0.5,100.0,0.3416727889289724,3,1
synthetic_product,0.5,0.5,0.5,100.0,0.680276666225456,2,1
synthetic_product,0.5,0.5,0.5,100.0,0.3716902601078157,3,1
synthetic_product,0.5,0.5,0.5,100.0,0.6940333150535789,2,0
synthetic_product,0.5,0.5,0.5,100.0,0.3687410913627198,3,1
synthetic_product,0.5,0.5,0.5,100.0,0.6606605523037274,2,0
synthetic_product,0.5,0.5,0.5,100.0,0.7752327209160705,1,0
synthetic_product,0.5,0.5,0.5,100.0,0.36527476858978936,1,0
synthetic_product,0.5,0.5,0.5,100.0,0.6093474252602955,2,0
synthetic_product,0.5,0.5,0.5,100.0,0.7644181164162476,2,0
synthetic_product,0.5,0.5,0.5,100.0,0.5989730809901552,2,1
synthetic_product,0.5,0.5,0.5,100.0,0.7706219266867658,2,1
synthetic_product,0.5,0.5,0.5,100.0,0.33289006853209696,1,0
synthetic_product,0.5,0.5,0.5,100.0,0.5641401741460509,1,0
synthetic_product,0.5,0.5,0.5,100.0,0.5401849748770422,2,1
synthetic_product,0.5,0.5,0.5,100.0,0.39852933763491777,1,1
synthetic_product,0.5,0.5,0.5,100.0,0.11158822959099172,1,1
synthetic_product,0.5,0.5,0.5,100.0,0.9207743517848328,2,1
synthetic_product,0.5,0.5,0.5,100.0,0.9614798142402825,2,0
synthetic_product,0.5,0.5,0.5,100.0,0.7617467730775872,2,0
synthetic_product,0.5,0.5,0.5,100.0,0.6782370199547906,3,0
synthetic_product,0.5,0.5,0.5,100.0,0.8693869167240805,2,1
synthetic_product,0.5,0.5,0.5,100.0,0.4308515989882022,1,0
synthetic_product,0.5,0.5,0.5,100.0,0.20160216664087827,1,1
synthetic_product,0.5,0.5,0.5,100.0,0.5792434489684879,3,1
synthetic_product,0.5,0.5,0.5,100.0,0.8154029637147967,3,1
synthetic_product,0.5,0.5,0.5,100.0,0.7184505094553539,2,1
synthetic_product,0.5,0.5,0.5,100.0,0.4147021706677484,1,0
synthetic_product,0.5,0.5,0.5,100.0,0.34126069136607706,1,1
synthetic_product,0.5,0.5,0.5,100.0,0.8692396861488986,1,1
synthetic_product,0.5,0.5,0.5,100.0,0.3585531924849863,1,1
synthetic_product,0.5,0.5,0.5,100.0,0.7177577390074378,2,1
synthetic_product,0.5,0.5,0.5,100.0,0.6233838612177529,2,1
synthetic_product,0.5,0.5,0.5,100.0,0.520742017799007,3,1
synthetic_product,0.5,0.5,0.5,100.0,0.6609953358212208,3,1
synthetic_product,0.5,0.5,0.5,100.0,0.5601337756362056,2,1
synthetic_product,0.5,0.5,0.5,100.0,0.49827975623161685,2,0
synthetic_product,0.5,0.5,0.5,100.0,1.0401737620387308,2,1
synthetic_product,0.5,0.5,0.5,100.0,0.15422525095237044,1,1
synthetic_product,0.5,0.5,0.5,100.0,0.2718093852814395,2,1
synthetic_product,0.5,0.5,0.5,100.0,0.6319558911247264,2,1
synthetic_product,0.5,0.5,0.5,100.0,0.4591738648640993,1,1
synthetic_product,0.5,0.5,0.5,100.0,0.5048477872920438,2,1
synthetic_product,0.5,0.5,0.5,100.0,0.9225719972638505,2,0
synthetic_product,0.5,0.5,0.5,100.0,1.0120480141424792,2,1
synthetic_product,0.5,0.5,0.5,100.0,0.6111597911602531,2,0
synthetic_product,0.5,0.5,0.5,100.0,0.5440784366146233,1,0
synthetic_product,0.5,0.5,0.5,100.0,0.9594559202813068,2,1
synthetic_product,0.5,0.5,0.5,100.0,0.4769768332498326,1,1
synthetic_product,0.5,0.5,0.5,100.0,0.25573435687916324,2,1
synthetic_product,0.5,0.5,0.5,100.0,0.810163101746904,3,0
synthetic_product,0.5,0.5,0.5,100.0,0.5754780363858955,2,1
synthetic_product,0.5,0.5,0.5,100.0,0.5145586119512858,1,1
synthetic_product,0.5,0.5,0.5,100.0,0.8312563195893687,2,0
synthetic_product,0.5,0.5,0.5,100.0,0.27849644406850266,1,1
synthetic_product,0.5,0.5,0.5,100.0,0.6913229140996717,2,1
synthetic_product,0.5,0.5,0.5,100.0,0.2077201433147569,1,1
synthetic_product,0.5,0.5,0.5,100.0,0.6312630880752714,3,1
synthetic_product,0.5,0.5,0.5,100.0,0.5094935015552143,1,0
synthetic_product,0.5,0.5,0.5,100.0,0.7586832977045721,2,1
synthetic_product,0.5,0.5,0.5,100.0,0.332107863274557,1,1
synthetic_product,0.5,0.5,0.5,100.0,0.707986757219937,3,0
synthetic_product,0.5,0.5,0.5,100.0,0.3671421560549236,3,0
synthetic_product,0.5,0.5,0.5,100.0,0.29602514549582865,2,0
synthetic_product,0.5,0.5,0.5,100.0,0.6318532653277217,2,1
synthetic_product,0.5,0.5,0.5,100.0,0.3599580475868773,1,0
synthetic_product,0.5,0.5,0.5,100.0,0.7773939222937674,2,0
synthetic_product,0.5,0.5,0.5,100.0,0.5989492611078816,3,1
synthetic_product,0.5,0.5,0.5,100.0,0.7294100372390768,1,0
synthetic_product,0.5,0.5,0.5,100.0,0.8965563250238074,1,0
synthetic_product,0.5,0.5,0.5,100.0,0.8486877441360058,3,0
synthetic_product,0.5,0.5,0.5,100.0,0.49926822021300316,3,1
synthetic_product,0.5,0.5,0.5,100.0,0.5346328921627855,1,1
synthetic_product,0.5,0.5,0.5,100.0,0.7838190080006507,2,0
synthetic_product,0.5,0.5,0.5,100.0,0.749142220452029,1,1
synthetic_product,0.5,0.5,0.5,100.0,0.6212279964206878,3,1
synthetic_product,0.5,0.5,0.5,100.0,0.9456337059687979,3,1
synthetic_product,0.5,0.5,0.5,100.0,1.1243172678657731,3,0
synthetic_product,0.5,0.5,0.5,100.0,0.19593562203341966,1,0
synthetic_product,0.5,0.5,0.5,100.0,0.7469068683461239,1,1
synthetic_product,0.5,0.5,0.5,100.0,1.0507364631579195,2,1
synthetic_product,0.5,0.5,0.5,100.0,0.7555065583001428,3,0
synthetic_product,0.5,0.5,0.5,100.0,0.8929047674187469,3,0
synthetic_product,0.5,0.5,0.5,100.0,0.7655743783937138,1,0
synthetic_product,0.5,0.5,0.5,100.0,1.1950873881467,3,1
synthetic_product,0.5,0.5,0.5,100.0,0.6421556745304116,1,1
synthetic_product,0.5,0.5,0.5,100.0,0.4449197747211187,3,0
synthetic_product,0.5,0.5,0.5,100.0,0.48942214438482873,2,0
synthetic_product,0.5,0.5,0.5,100.0,0.7674440981692643,3,0
synthetic_product,0.5,0.5,0.5,100.0,0.7415304911097572,3,1
synthetic_product,0.5,0.5,0.5,100.0,0.5095312176964765,2,1
synthetic_product,0.5,0.5,0.5,100.0,0.976766771548248,2,1
synthetic_product,0.5,0.5,0.5,100.0,0.3714620778928896,1,1
synthetic_product,0.5,0.5,0.5,100.0,0.652306847933564,2,0
synthetic_product,0.5,0.5,0.5,100.0,0.8336679439874477,3,1
synthetic_product,0.5,0.5,0.5,100.0,0.7237471200988848,1,0
synthetic_product,0.5,0.5,0.5,100.0,0.571849819726917,2,0
synthetic_product,0.5,0.5,0.5,100.0,0.3665740793213423,1,0
synthetic_product,0.5,0.5,0.5,100.0,0.6637105528121993,1,1
synthetic_product,0.5,0.5,0.5,100.0,0.7985081114620383,1,1
synthetic_product,0.5,0.5,0.5,100.0,0.5355839400629064,2,0
synthetic_product,0.5,0.5,0.5,100.0,0.3749276847819149,2,1
synthetic_product,0.5,0.5,0.5,100.0,0.5539915788955271,2,1
synthetic_product,0.5,0.5,0.5,100.0,0.4003725924552175,3,1
synthetic_product,0.5,0.5,0.5,100.0,0.7142344448942834,2,0
synthetic_product,0.5,0.5,0.5,100.0,0.38544179155506475,2,1
synthetic_product,0.5,0.5,0.5,100.0,0.5045154278710539,2,0
synthetic_product,0.5,0.5,0.5,100.0,0.3296088424788716,2,1
synthetic_product,0.5,0.5,0.5,100.0,0.7001950180086222,2,1
synthetic_product,0.5,0.5,0.5,100.0,0.7976847046886633,3,1
synthetic_product,0.5,0.5,0.5,100.0,0.7627417804909133,1,0
synthetic_product,0.5,0.5,0.5,100.0,0.5482335728477135,1,1
synthetic_product,0.5,0.5,0.5,100.0,0.5153345480932612,1,0
synthetic_product,0.5,0.5,0.5,100.0,0.6399043304264905,3,0
synthetic_product,0.5,0.5,0.5,100.0,0.8385825163597744,2,0
synthetic_product,0.5,0.5,0.5,100.0,0.20700050331003317,1,1
synthetic_product,0.5,0.5,0.5,100.0,0.6578024356393276,1,0
synthetic_product,0.5,0.5,0.5,100.0,0.5723074387258704,2,0
synthetic_product,0.5,0.5,0.5,100.0,0.1467018367753241,1,1
synthetic_product,0.5,0.5,0.5,100.0,0.5248271875217388,2,1
synthetic_product,0.5,0.5,0.5,100.0,1.1004507305849691,2,1
synthetic_product,0.5,0.5,0.5,100.0,0.7735170175625186,3,0
synthetic_product,0.5,0.5,0.5,100.0,0.6813507599830643,1,0
synthetic_product,0.5,0.5,0.5,100.0,0.4635425136936061,3,0
synthetic_product,0.5,0.5,0.5,100.0,0.8809805481304229,1,1
synthetic_product,0.5,0.5,0.5,100.0,0.25930449757312807,2,1
synthetic_product,0.5,0.5,0.5,100.0,0.6559012066717443,2,1
synthetic_product,0.5,0.5,0.5,100.0,0.4868592328760141,2,0
synthetic_product,0.5,0.5,0.5,100.0,0.36747926535101155,1,1
synthetic_product,0.5,0.5,0.5,100.0,1.0544812302355562,3,0
synthetic_product,0.5,0.5,0.5,100.0,1.2531425820140085,3,0
synthetic_product,0.5,0.5,0.5,100.0,0.5657249563140112,2,1
synthetic_product,0.5,0.5,0.5,100.0,0.8672184841415246,3,1
synthetic_product,0.5,0.5,0.5,100.0,0.5911642777188477,2,1
synthetic_product,0.5,0.5,0.5,100.0,0.8176502003626515,1,1
synthetic_product,0.5,0.5,0.5,100.0,0.6463224288940191,1,0
synthetic_product,0.5,0.5,0.5,100.0,1.1508406574219459,3,0
synthetic_product,0.5,0.5,0.5,100.0,0.15591697072297467,1,1
synthetic_product,0.5,0.5,0.5,100.0,0.07503750943005257,1,0
synthetic_product,0.5,0.5,0.5,100.0,0.5242781601501214,1,0
synthetic_product,0.5,0.5,0.5,100.0,0.8690685265717608,2,0
synthetic_product,0.5,0.5,0.5,100.0,0.5322405685942083,2,0
synthetic_product,0.5,0.5,0.5,100.0,0.5355901752709512,3,1
synthetic_product,0.5,0.5,0.5,100.0,0.44875136449777403,2,0
synthetic_product,0.5,0.5,0.5,100.0,0.3711907802096428,3,0
synthetic_product,0.5,0.5,0.5,100.0,0.6055473317443412,1,1
synthetic_product,0.5,0.5,0.5,100.0,0.43935623415335245,1,0
synthetic_product,0.5,0.5,0.5,100.0,0.6248639982822539,1,1
synthetic_product,0.5,0.5,0.5,100.0,0.6271734313463495,3,0
synthetic_product,0.5,0.5,0.5,100.0,0.39578672977278734,2,1
synthetic_product,0.5,0.5,0.5,100.0,1.1507695470847006,3,0
synthetic_product,0.5,0.5,0.5,100.0,0.8151979670800295,2,1
synthetic_product,0.5,0.5,0.5,100.0,1.0622216868135963,2,0
synthetic_product,0.5,0.5,0.5,100.0,0.5865127657191896,2,0
synthetic_product,0.5,0.5,0.5,100.0,1.0220728472885046,3,0
synthetic_product,0.5,0.5,0.5,100.0,0.6589209206446371,2,0
synthetic_product,0.5,0.5,0.5,100.0,0.528798438856141,1,1
synthetic_product,0.5,0.5,0.5,100.0,0.5928091881961821,2,1
synthetic_product,0.5,0.5,0.5,100.0,0.6217491689021837,2,1
synthetic_product,0.5,0.5,0.5,100.0,0.5092221506681075,2,0
synthetic_product,0.5,0.5,0.5,100.0,0.8432884966422945,1,0
synthetic_product,0.5,0.5,0.5,100.0,0.6491632578893565,2,0
synthetic_product,0.5,0.5,0.5,100.0,0.8025929398191753,1,0
synthetic_product,0.5,0.5,0.5,100.0,0.6214468751056821,3,1
synthetic_product,0.5,0.5,0.5,100.0,0.40915381198948253,1,1
synthetic_product,0.5,0.5,0.5,100.0,0.6386147877878136,2,1
synthetic_product,0.5,0.5,0.5,100.0,0.38469621111898583,1,0
synthetic_product,0.5,0.5,0.5,100.0,0.5870374797188147,2,1
synthetic_product,0.5,0.5,0.5,100.0,0.591763212164761,1,1
synthetic_product,0.5,0.5,0.5,100.0,0.8553336427530436,2,1
synthetic_product,0.5,0.5,0.5,100.0,0.49319252813604425,2,0
synthetic_product,0.5,0.5,0.5,100.0,0.5790988685173521,3,0
synthetic_product,0.5,0.5,0.5,100.0,0.6912031171864225,1,0
synthetic_product,0.5,0.5,0.5,100.0,0.31556902118608027,2,1
synthetic_product,0.5,0.5,0.5,100.0,0.4326644010347348,3,1
synthetic_product,0.5,0.5,0.5,100.0,0.37286619436899393,2,1
synthetic_product,0.5,0.5,0.5,100.0,0.647807166960994,2,0
synthetic_product,0.5,0.5,0.5,100.0,0.6197180005747549,1,1
synthetic_product,0.5,0.5,0.5,100.0,0.7114544134199856,2,1
synthetic_product,0.5,0.5,0.5,100.0,0.3667484469736341,1,0
synthetic_product,0.5,0.5,0.5,100.0,0.6846004206776934,2,0
synthetic_product,0.5,0.5,0.5,100.0,1.0150724360608605,2,1
synthetic_product,0.5,0.5,0.5,100.0,1.009409935904242,1,0
synthetic_product,0.5,0.5,0.5,100.0,0.4782957601019664,2,0
synthetic_product,0.5,0.5,0.5,100.0,0.4189139942516855,2,0
synthetic_product,0.5,0.5,0.5,100.0,1.0062783168859617,3,1
synthetic_product,0.5,0.5,0.5,100.0,0.4482098752443643,1,1
synthetic_product,0.5,0.5,0.5,100.0,0.8136780375365585,2,0
synthetic_product,0.5,0.5,0.5,100.0,0.01,1,1
synthetic_product,0.5,0.5,0.5,100.0,0.8220830877384763,1,0
synthetic_product,0.5,0.5,0.5,100.0,0.9145910131829654,2,1
synthetic_product,0.5,0.5,0.5,100.0,0.41175365359368116,1,1
synthetic_product,0.5,0.5,0.5,100.0,0.5151339568503809,2,1
synthetic_product,0.5,0.5,0.5,100.0,0.5902336780040194,1,1
synthetic_product,0.5,0.5,0.5,100.0,0.7326665170404695,2,1
synthetic_product,0.5,0.5,0.5,100.0,0.5791932345429682,2,0
synthetic_product,0.5,0.5,0.5,100.0,1.0222815027265029,3,1
synthetic_product,0.5,0.5,0.5,100.0,0.7517665615576692,3,0
synthetic_product,0.5,0.5,0.5,100.0,0.9018255884691473,3,1
synthetic_product,0.5,0.5,0.5,100.0,0.7390247963656175,3,1
synthetic_product,0.5,0.5,0.5,100.0,0.5579411275271798,2,1
synthetic_product,0.5,0.5,0.5,100.0,1.074397445026912,3,1
synthetic_product,0.5,0.5,0.5,100.0,0.7975326180485607,3,1
synthetic_product,0.5,0.5,0.5,100.0,1.0791050482806994,3,0
synthetic_product,0.5,0.5,0.5,100.0,0.1905759869336342,2,1
synthetic_product,0.5,0.5,0.5,100.0,0.5031117982045706,2,1
synthetic_product,0.5,0.5,0.5,100.0,0.7781394042196162,1,1
synthetic_product,0.5,0.5,0.5,100.0,1.0724570881125093,2,0
synthetic_product,0.5,0.5,0.5,100.0,0.4082447016179694,3,1
synthetic_product,0.5,0.5,0.5,100.0,0.9840297021942677,2,0
synthetic_product,0.5,0.5,0.5,100.0,0.6112325504842991,1,1
synthetic_product,0.5,0.5,0.5,100.0,0.7487722345727543,2,1
synthetic_product,0.5,0.5,0.5,100.0,0.7401557247123514,1,1
synthetic_product,0.5,0.5,0.5,100.0,0.8092356065786096,3,0
synthetic_product,0.5,0.5,0.5,100.0,0.13939913988137365,1,1
synthetic_product,0.5,0.5,0.5,100.0,0.7180009004544113,1,0
synthetic_product,0.5,0.5,0.5,100.0,0.14269235624155066,1,1
synthetic_product,0.5,0.5,0.5,100.0,1.0471260299641452,2,1
synthetic_product,0.5,0.5,0.5,100.0,0.4665051400265202,3,1
synthetic_product,0.5,0.5,0.5,100.0,0.3308342152600195,2,1
synthetic_product,0.5,0.5,0.5,100.0,0.8730531570089444,2,0
synthetic_product,0.5,0.5,0.5,100.0,0.8351490796747636,1,0
synthetic_product,0.5,0.5,0.5,100.0,0.5063321274416906,2,1
synthetic_product,0.5,0.5,0.5,100.0,0.4258950315003813,1,0
synthetic_product,0.5,0.5,0.5,100.0,0.19580187901899945,1,1
synthetic_product,0.5,0.5,0.5,100.0,0.6979678867639497,3,1
synthetic_product,0.5,0.5,0.5,100.0,0.12326856415607854,1,0
synthetic_product,0.5,0.5,0.5,100.0,0.516809644484213,1,0
synthetic_product,0.5,0.5,0.5,100.0,1.1421429544693182,3,0
synthetic_product,0.5,0.5,0.5,100.0,0.6114460143520832,2,1
synthetic_product,0.5,0.5,0.5,100.0,0.38026409729099964,1,0
synthetic_product,0.5,0.5,0.5,100.0,0.391032326356239,2,1
synthetic_product,0.5,0.5,0.5,100.0,1.1779737551759704,3,0
synthetic_product,0.5,0.5,0.5,100.0,0.8627259435302722,2,1
synthetic_product,0.5,0.5,0.5,100.0,0.4204722257011409,2,1
synthetic_product,0.5,0.5,0.5,100.0,1.037486319552737,3,1
synthetic_product,0.5,0.5,0.5,100.0,1.0992071725916317,3,1
synthetic_product,0.5,0.5,0.5,100.0,0.08766874103450575,1,1
synthetic_product,0.5,0.5,0.5,100.0,0.9005183776954411,2,1
synthetic_product,0.5,0.5,0.5,100.0,0.5538360795488311,2,1
synthetic_product,0.5,0.5,0.5,100.0,0.8894524953220013,2,0
synthetic_product,0.5,0.5,0.5,100.0,0.8343723604586963,1,1
synthetic_product,0.5,0.5,0.5,100.0,0.5914617283264402,2,0
synthetic_product,0.5,0.5,0.5,100.0,0.7605804226922068,2,1
synthetic_product,0.5,0.5,0.5,100.0,0.8215763015358702,2,1
synthetic_product,0.5,0.5,0.5,100.0,0.8839039405022446,2,0
synthetic_product,0.5,0.5,0.5,100.0,1.0173792897243108,1,0
synthetic_product,0.5,0.5,0.5,100.0,0.18983753601935133,2,1
synthetic_product,0.5,0.5,0.5,100.0,0.8506786377052709,2,0
synthetic_product,0.5,0.5,0.5,100.0,0.5328196959670795,2,1
synthetic_product,0.5,0.5,0.5,100.0,0.7820817905507,2,1
synthetic_product,0.5,0.5,0.5,100.0,0.7750511759087328,3,1
synthetic_product,0.5,0.5,0.5,100.0,0.5105777430258461,1,0
synthetic_product,0.5,0.5,0.5,100.0,1.0441868604403266,1,0
synthetic_product,0.5,0.5,0.5,100.0,0.5843240876414694,3,1
synthetic_product,0.5,0.5,0.5,100.0,0.6881065729148809,2,1
synthetic_product,0.5,0.5,0.5,100.0,0.8554454826748812,1,1
synthetic_product,0.5,0.5,0.5,100.0,0.5683857633070447,2,0
synthetic_product,0.5,0.5,0.5,100.0,0.4883839547835217,2,0
synthetic_product,0.5,0.5,0.5,100.0,0.16213994112969066,1,1
synthetic_product,0.5,0.5,0.5,100.0,0.45717524861102216,3,1
synthetic_product,0.5,0.5,0.5,100.0,0.9915924744886774,1,1
synthetic_product,0.5,0.5,0.5,100.0,0.848837742839902,1,1
synthetic_product,0.5,0.5,0.5,100.0,0.7263317022321759,2,1
synthetic_product,0.5,0.5,0.5,100.0,1.1732290476117178,3,1
synthetic_product,0.5,0.5,0.5,100.0,0.7213817038425987,2,0
synthetic_product,0.5,0.5,0.5,100.0,0.46989399436923446,1,1
synthetic_product,0.5,0.5,0.5,100.0,0.740840984012922,1,1
synthetic_product,0.5,0.5,0.5,100.0,0.6860615405966844,1,1
synthetic_product,0.5,0.5,0.5,100.0,0.7948974166322194,2,1
synthetic_product,0.5,0.5,0.5,100.0,0.6117534374524518,2,0
synthetic_product,0.5,0.5,0.5,100.0,0.5071519199141615,2,0
synthetic_product,0.5,0.5,0.5,100.0,0.8049901895305044,2,1
synthetic_product,0.5,0.5,0.5,100.0,1.0338443831128898,2,0
synthetic_product,0.5,0.5,0.5,100.0,0.4570595643095655,1,1
synthetic_product,0.5,0.5,0.5,100.0,0.24457109860554635,1,1
synthetic_product,0.5,0.5,0.5,100.0,0.45215691900196364,2,0
synthetic_product,0.5,0.5,0.5,100.0,1.0254533759007047,2,0
synthetic_product,0.5,0.5,0.5,100.0,1.0233182858587018,3,1
synthetic_product,0.5,0.5,0.5,100.0,0.5758553910493364,1,0
synthetic_product,0.5,0.5,0.5,100.0,0.8203508642351498,2,0
synthetic_product,0.5,0.5,0.5,100.0,0.5331497401407687,3,1
synthetic_product,0.5,0.5,0.5,100.0,0.429870432623884,3,1
synthetic_product,0.5,0.5,0.5,100.0,0.4257031008366298,2,1
synthetic_product,0.5,0.5,0.5,100.0,0.31622922306173357,1,1
synthetic_product,0.5,0.5,0.5,100.0,0.666875497940725,1,0
synthetic_product,0.5,0.5,0.5,100.0,1.0404819504156317,2,0
synthetic_product,0.5,0.5,0.5,100.0,1.1812795968987135,2,1
synthetic_product,0.5,0.5,0.5,100.0,0.7954221596574551,2,0
synthetic_product,0.5,0.5,0.5,100.0,0.7749928518880506,2,0
synthetic_product,0.5,0.5,0.5,100.0,0.4001811268078133,2,1
synthetic_product,0.5,0.5,0.5,100.0,0.5901339091435909,1,1
synthetic_product,0.5,0.5,0.5,100.0,0.7823414182974763,2,0
synthetic_product,0.5,0.5,0.5,100.0,0.8481849901852935,2,0
synthetic_product,0.5,0.5,0.5,100.0,1.0531794151112908,3,0
synthetic_product,0.5,0.5,0.5,100.0,0.7897836988309744,2,1
synthetic_product,0.5,0.5,0.5,100.0,0.3971860413152319,1,1
synthetic_product,0.5,0.5,0.5,100.0,0.5088749932475581,2,1
synthetic_product,0.5,0.5,0.5,100.0,0.7940748775612967,1,1
synthetic_product,0.5,0.5,0.5,100.0,0.7051497683299885,3,1
synthetic_product,0.5,0.5,0.5,100.0,0.2465618281431059,2,1
synthetic_product,0.5,0.5,0.5,100.0,0.36442154729243476,2,1
synthetic_product,0.5,0.5,0.5,100.0,0.9548971322779414,1,1
synthetic_product,0.5,0.5,0.5,100.0,1.2222526064399668,2,0
synthetic_product,0.5,0.5,0.5,100.0,0.8586947849502035,3,1
synthetic_product,0.5,0.5,0.5,100.0,0.7330074190524908,1,0
synthetic_product,0.5,0.5,0.5,100.0,0.5956074499401214,3,0
synthetic_product,0.5,0.5,0.5,100.0,0.4523761287402928,1,1
synthetic_product,0.5,0.5,0.5,100.0,0.4268425233783849,2,0
synthetic_product,0.5,0.5,0.5,100.0,0.6549525422750141,2,0
synthetic_product,0.5,0.5,0.5,100.0,0.5523413865450832,1,1
synthetic_product,0.5,0.5,0.5,100.0,0.8479752477538179,3,0
synthetic_product,0.5,0.5,0.5,100.0,0.2853601005795828,2,1
synthetic_product,0.5,0.5,0.5,100.0,0.43711241869965156,1,1
synthetic_product,0.5,0.5,0.5,100.0,0.6373524533456971,2,0
synthetic_product,0.5,0.5,0.5,100.0,0.5232185340997938,1,0
synthetic_product,0.5,0.5,0.5,100.0,0.3711443967151826,2,1
synthetic_product,0.5,0.5,0.5,100.0,0.5627552689392982,1,1
synthetic_product,0.5,0.5,0.5,100.0,1.0321493952400356,2,1
synthetic_product,0.5,0.5,0.5,100.0,0.4202004823036025,3,1
synthetic_product,0.5,0.5,0.5,100.0,0.7659937668159863,1,1
synthetic_product,0.5,0.5,0.5,100.0,0.5519378149546128,3,1
synthetic_product,0.5,0.5,0.5,100.0,0.23462354648018474,2,1
synthetic_product,0.5,0.5,0.5,100.0,0.7075658385603388,1,1
synthetic_product,0.5,0.5,0.5,100.0,1.0300805696511663,2,1
synthetic_product,0.5,0.5,0.5,100.0,0.6875977963644266,3,1
synthetic_product,0.5,0.5,0.5,100.0,0.7003058397554206,2,0
synthetic_product,0.5,0.5,0.5,100.0,0.7790120116590538,3,1
synthetic_product,0.5,0.5,0.5,100.0,0.886266897310399,2,0
synthetic_product,0.5,0.5,0.5,100.0,0.741881025090639,3,1
synthetic_product,0.5,0.5,0.5,100.0,0.9051179953568955,3,1
synthetic_product,0.5,0.5,0.5,100.0,0.49855333255456247,2,0
synthetic_product,0.5,0.5,0.5,100.0,1.0907995824472132,3,0
synthetic_product,0.5,0.5,0.5,100.0,0.4853985311055035,1,1
synthetic_product,0.5,0.5,0.5,100.0,0.5887420511805616,2,0
synthetic_product,0.5,0.5,0.5,100.0,0.2960390743378283,1,1
synthetic_product,0.5,0.5,0.5,100.0,0.6442016364908142,2,1
synthetic_product,0.5,0.5,0.5,100.0,0.5354029734287709,3,0
synthetic_product,0.5,0.5,0.5,100.0,1.0970820726678323,3,1
synthetic_product,0.5,0.5,0.5,100.0,0.9215243029289814,3,1
synthetic_product,0.5,0.5,0.5,100.0,0.3295017759877444,1,1
synthetic_product,0.5,0.5,0.5,100.0,0.6930237481329778,2,0
synthetic_product,0.5,0.5,0.5,100.0,0.783060262031684,3,0
synthetic_product,0.5,0.5,0.5,100.0,0.888839461495966,2,0
synthetic_product,0.5,0.5,0.5,100.0,0.45318053827674454,1,1
synthetic_product,0.5,0.5,0.5,100.0,0.9502240733971177,2,1
synthetic_product,0.5,0.5,0.5,100.0,0.5924484443497696,2,1
synthetic_product,0.5,0.5,0.5,100.0,0.6944619890302023,2,1
synthetic_product,0.5,0.5,0.5,100.0,0.5737481888046707,3,0
synthetic_product,0.5,0.5,0.5,100.0,0.7738544406123785,1,0
synthetic_product,0.5,0.5,0.5,100.0,0.44116054295835944,2,1
synthetic_product,0.5,0.5,0.5,100.0,0.4412013941829359,2,1
synthetic_product,0.5,0.5,0.5,100.0,0.56393497591868,2,1
synthetic_product,0.5,0.5,0.5,100.0,0.8696274369639301,2,0
synthetic_product,0.5,0.5,0.5,100.0,0.7314411318874564,2,0
synthetic_product,0.5,0.5,0.5,100.0,0.7138093136763719,1,0
synthetic_product,0.5,0.5,0.5,100.0,0.4605966032465697,3,1
synthetic_product,0.5,0.5,0.5,100.0,0.833360349455125,3,1
synthetic_product,0.5,0.5,0.5,100.0,0.4506179370061693,1,1
synthetic_product,0.5,0.5,0.5,100.0,1.042021973477241,3,0
synthetic_product,0.5,0.5,0.5,100.0,0.6622909383564154,1,1
synthetic_product,0.5,0.5,0.5,100.0,0.5848745398202352,1,0
synthetic_product,0.5,0.5,0.5,100.0,1.096591076169607,2,0
synthetic_product,0.5,0.5,0.5,100.0,0.822397173447237,2,0
synthetic_product,0.5,0.5,0.5,100.0,0.8141255957610087,2,0
synthetic_product,0.5,0.5,0.5,100.0,0.5206574510828812,1,1
synthetic_product,0.5,0.5,0.5,100.0,0.36571735150574797,2,0
synthetic_product,0.5,0.5,0.5,100.0,0.6673534101432881,1,0
synthetic_product,0.5,0.5,0.5,100.0,0.8817215484738374,2,1
synthetic_product,0.5,0.5,0.5,100.0,0.8752072459830718,2,1
synthetic_product,0.5,0.5,0.5,100.0,0.8195996283566389,3,0
synthetic_product,0.5,0.5,0.5,100.0,0.68159913360234,2,1
synthetic_product,0.5,0.5,0.5,100.0,0.6388700530407013,1,0
synthetic_product,0.5,0.5,0.5,100.0,0.9912493945129626,2,1
synthetic_product,0.5,0.5,0.5,100.0,0.884189483170992,3,1
synthetic_product,0.5,0.5,0.5,100.0,0.5370397279409543,2,0
synthetic_product,0.5,0.5,0.5,100.0,0.7844721493767084,3,0
synthetic_product,0.5,0.5,0.5,100.0,0.5602717002172775,1,1
synthetic_product,0.5,0.5,0.5,100.0,1.0791542266017362,1,0
synthetic_product,0.5,0.5,0.5,100.0,0.5367249290024876,3,1
synthetic_product,0.5,0.5,0.5,100.0,0.4421022578033747,1,1
synthetic_product,0.5,0.5,0.5,100.0,0.30694185849841793,1,1
synthetic_product,0.5,0.5,0.5,100.0,0.8804602426718491,2,0
synthetic_product,0.5,0.5,0.5,100.0,0.8496471953859414,3,1
synthetic_product,0.5,0.5,0.5,100.0,0.784604630690749,3,1
synthetic_product,0.5,0.5,0.5,100.0,0.7202527218202636,2,1
synthetic_product,0.5,0.5,0.5,100.0,0.8476463536519515,1,0
synthetic_product,0.5,0.5,0.5,100.0,0.3566823902786749,2,0
synthetic_product,0.5,0.5,0.5,100.0,0.6765444942055514,2,1
synthetic_product,0.5,0.5,0.5,100.0,1.224465885177951,3,0
synthetic_product,0.5,0.5,0.5,100.0,0.5113973904041764,3,1
synthetic_product,0.5,0.5,0.5,100.0,0.9944706946681555,1,0
synthetic_product,0.5,0.5,0.5,100.0,0.6135308744479635,1,0
synthetic_product,0.5,0.5,0.5,100.0,0.7865904322807911,2,0
synthetic_product,0.5,0.5,0.5,100.0,0.19811121764707657,1,1
synthetic_product,0.5,0.5,0.5,100.0,0.39407145496546997,3,0
synthetic_product,0.5,0.5,0.5,100.0,0.7815110525978611,3,0
synthetic_product,0.5,0.5,0.5,100.0,0.8744773021980011,2,0
synthetic_product,0.5,0.5,0.5,100.0,0.49963504194151676,1,0
synthetic_product,0.5,0.5,0.5,100.0,0.5175957353815572,1,1
synthetic_product,0.5,0.5,0.5,100.0,0.4678626405327716,2,1
synthetic_product,0.5,0.5,0.5,100.0,0.7197738623400183,3,1
synthetic_product,0.5,0.5,0.5,100.0,0.49889782635303875,1,0
synthetic_product,0.5,0.5,0.5,100.0,0.9079967217406963,1,0
synthetic_product,0.5,0.5,0.5,100.0,0.5201991041977982,2,1
synthetic_product,0.5,0.5,0.5,100.0,0.598296235093613,2,1
synthetic_product,0.5,0.5,0.5,100.0,0.9635290149556512,3,1
synthetic_product,0.5,0.5,0.5,100.0,0.7497268357906657,3,0
synthetic_product,0.5,0.5,0.5,100.0,0.6176442976363733,1,1
synthetic_product,0.5,0.5,0.5,100.0,0.7233217319516678,2,1
synthetic_product,0.5,0.5,0.5,100.0,1.0123545651074182,2,1
synthetic_product,0.5,0.5,0.5,100.0,0.4938970415139494,1,0
synthetic_product,0.5,0.5,0.5,100.0,0.6664213281360452,3,1
synthetic_product,0.5,0.5,0.5,100.0,0.9346717916153512,2,0
synthetic_product,0.5,0.5,0.5,100.0,0.4627488339291077,2,0
synthetic_product,0.5,0.5,0.5,100.0,0.5614847488767531,2,0
synthetic_product,0.5,0.5,0.5,100.0,0.7531877935792229,2,0
synthetic_product,0.5,0.5,0.5,100.0,0.37799844691713563,3,0
synthetic_product,0.5,0.5,0.5,100.0,1.2782740332778506,3,0
synthetic_product,0.5,0.5,0.5,100.0,0.61492005106939,3,1
synthetic_product,0.5,0.5,0.5,100.0,0.5564892424127355,3,0
synthetic_product,0.5,0.5,0.5,100.0,0.5752636316649978,2,0
synthetic_product,0.5,0.5,0.5,100.0,0.6629046065289528,1,1
synthetic_product,0.5,0.5,0.5,100.0,0.7197423199687338,1,0
synthetic_product,0.5,0.5,0.5,100.0,0.5407770666656421,1,1
synthetic_product,0.5,0.5,0.5,100.0,0.4332222043096326,2,0
synthetic_product,0.5,0.5,0.5,100.0,0.31977737155893293,1,0
synthetic_product,0.5,0.5,0.5,100.0,0.7730560358044626,2,1
synthetic_product,0.5,0.5,0.5,100.0,0.8150979836331593,2,0
synthetic_product,0.5,0.5,0.5,100.0,0.9286881971526647,3,1
synthetic_product,0.5,0.5,0.5,100.0,0.7802335878913524,1,0
synthetic_product,0.5,0.5,0.5,100.0,0.9240675295038082,2,1
synthetic_product,0.5,0.5,0.5,100.0,1.2167286657806884,2,0
synthetic_product,0.5,0.5,0.5,100.0,0.5693431761719993,2,1
synthetic_product,0.5,0.5,0.5,100.0,0.8429517952001369,3,1
synthetic_product,0.5,0.5,0.5,100.0,0.49938582578163404,2,0
synthetic_product,0.5,0.5,0.5,100.0,0.5424314139226946,2,0
synthetic_product,0.5,0.5,0.5,100.0,0.39631604829038436,2,1
synthetic_product,0.5,0.5,0.5,100.0,0.5509454287556355,1,1
synthetic_product,0.5,0.5,0.5,100.0,0.25522888963829393,1,1
synthetic_product,0.5,0.5,0.5,100.0,0.6577511727185429,3,1
synthetic_product,0.5,0.5,0.5,100.0,0.29769944337757753,1,0
synthetic_product,0.5,0.5,0.5,100.0,0.24207357831001744,2,0
synthetic_product,0.5,0.5,0.5,100.0,0.9426531094434923,3,0
synthetic_product,0.5,0.5,0.5,100.0,0.6273621348799113,1,1
synthetic_product,0.5,0.5,0.5,100.0,0.2245875460594039,2,1
synthetic_product,0.5,0.5,0.5,100.0,0.761121949953214,3,1
synthetic_product,0.5,0.5,0.5,100.0,0.9251819850665803,2,1
synthetic_product,0.5,0.5,0.5,100.0,0.7289984775494756,1,1
synthetic_product,0.5,0.5,0.5,100.0,0.8713732090243713,2,1
synthetic_product,0.5,0.5,0.5,100.0,0.6172110562078861,2,1
synthetic_product,0.5,0.5,0.5,100.0,0.7465595066665115,2,1
synthetic_product,0.5,0.5,0.5,100.0,0.7850558835484363,2,1
synthetic_product,0.5,0.5,0.5,100.0,0.7142348181799735,2,0
synthetic_product,0.5,0.5,0.5,100.0,0.7857955840510538,3,1
synthetic_product,0.5,0.5,0.5,100.0,0.8983129245926121,1,0
synthetic_product,0.5,0.5,0.5,100.0,0.43358650494403206,1,0
synthetic_product,0.5,0.5,0.5,100.0,0.8708865817403421,3,0
synthetic_product,0.5,0.5,0.5,100.0,0.8404640004466423,3,1
synthetic_product,0.5,0.5,0.5,100.0,0.49578273175148274,1,1
synthetic_product,0.5,0.5,0.5,100.0,0.2646872512022621,1,1
synthetic_product,0.5,0.5,0.5,100.0,0.6627613740768099,3,0
synthetic_product,0.5,0.5,0.5,100.0,0.5912611088793925,1,0
synthetic_product,0.5,0.5,0.5,100.0,0.5347837934327913,3,0
synthetic_product,0.5,0.5,0.5,100.0,0.7317826528809923,2,0
synthetic_product,0.5,0.5,0.5,100.0,0.27398185657957563,1,0
synthetic_product,0.5,0.5,0.5,100.0,0.6792025876242858,1,0
synthetic_product,0.5,0.5,0.5,100.0,0.8397958490221643,1,0
synthetic_product,0.5,0.5,0.5,100.0,0.7316014758135606,1,0
synthetic_product,0.5,0.5,0.5,100.0,0.4707229839808288,2,1
synthetic_product,0.5,0.5,0.5,100.0,0.639203376599846,2,1
synthetic_product,0.5,0.5,0.5,100.0,0.3023500204908753,2,1
synthetic_product,0.5,0.5,0.5,100.0,0.4840228699312728,3,1
synthetic_product,0.5,0.5,0.5,100.0,0.7747717257354972,2,1
synthetic_product,0.5,0.5,0.5,100.0,0.8126217938260432,2,1
synthetic_product,0.5,0.5,0.5,100.0,1.1655049591985662,3,0
synthetic_product,0.5,0.5,0.5,100.0,0.6681543479939904,2,1
synthetic_product,0.5,0.5,0.5,100.0,0.48526382997277884,3,0
synthetic_product,0.5,0.5,0.5,100.0,0.9414112883545124,1,0
synthetic_product,0.5,0.5,0.5,100.0,0.5078858102422523,1,0
synthetic_product,0.5,0.5,0.5,100.0,0.8517789944821608,1,1
synthetic_product,0.5,0.5,0.5,100.0,0.9062510245773592,1,0
synthetic_product,0.5,0.5,0.5,100.0,0.9393193057564465,1,1
synthetic_product,0.5,0.5,0.5,100.0,0.959739473332188,2,1
synthetic_product,0.5,0.5,0.5,100.0,0.42667627136597375,1,0
synthetic_product,0.5,0.5,0.5,100.0,0.6869215624257069,2,1
synthetic_product,0.5,0.5,0.5,100.0,0.8076784397424905,1,0
synthetic_product,0.5,0.5,0.5,100.0,0.7423046610720196,3,1
synthetic_product,0.5,0.5,0.5,100.0,0.9052656450986456,3,0
synthetic_product,0.5,0.5,0.5,100.0,0.8276375397350542,1,0
synthetic_product,0.5,0.5,0.5,100.0,0.7738768943342503,1,0
synthetic_product,0.5,0.5,0.5,100.0,0.7612320252524596,2,1
synthetic_product,0.5,0.5,0.5,100.0,0.7226829519623628,3,1
synthetic_product,0.5,0.5,0.5,100.0,0.841424926828251,1,0
synthetic_product,0.5,0.5,0.5,100.0,0.23015091923718398,1,0
synthetic_product,0.5,0.5,0.5,100.0,0.7743538683091874,2,1
synthetic_product,0.5,0.5,0.5,100.0,0.5115025398364498,2,1
synthetic_product,0.5,0.5,0.5,100.0,0.43213510838359276,1,0
synthetic_product,0.5,0.5,0.5,100.0,0.6424789625176933,2,0
synthetic_product,0.5,0.5,0.5,100.0,0.6110569133133528,2,1
synthetic_product,0.5,0.5,0.5,100.0,0.44235107800550405,2,0
synthetic_product,0.5,0.5,0.5,100.0,0.9319520633636081,2,0
synthetic_product,0.5,0.5,0.5,100.0,0.4068528323896557,1,1
synthetic_product,0.5,0.5,0.5,100.0,0.8706679535092846,2,0
synthetic_product,0.5,0.5,0.5,100.0,0.21883343238622108,2,0
synthetic_product,0.5,0.5,0.5,100.0,1.1318293208840484,2,0
synthetic_product,0.5,0.5,0.5,100.0,0.5330625166689404,1,0
synthetic_product,0.5,0.5,0.5,100.0,0.08928627853261362,1,1
synthetic_product,0.5,0.5,0.5,100.0,0.6577897705551721,3,1
synthetic_product,0.5,0.5,0.5,100.0,0.8869903887695592,3,0
synthetic_product,0.5,0.5,0.5,100.0,0.596204438051307,1,1
synthetic_product,0.5,0.5,0.5,100.0,0.35551291417393416,1,1
synthetic_product,0.5,0.5,0.5,100.0,0.4349991722977491,1,1
synthetic_product,0.5,0.5,0.5,100.0,0.4513923816705712,2,1
synthetic_product,0.5,0.5,0.5,100.0,0.7784972747560479,3,1
synthetic_product,0.5,0.5,0.5,100.0,0.605616496160973,2,1
synthetic_product,0.5,0.5,0.5,100.0,0.9249449548715136,3,0
synthetic_product,0.5,0.5,0.5,100.0,0.8338471021093514,2,1
synthetic_product,0.5,0.5,0.5,100.0,0.3842854472417658,3,1
synthetic_product,0.5,0.5,0.5,100.0,0.3040705965429884,2,0
synthetic_product,0.5,0.5,0.5,100.0,0.7914652653695027,3,0
synthetic_product,0.5,0.5,0.5,100.0,1.0028668645642058,2,0
synthetic_product,0.5,0.5,0.5,100.0,0.6621623299646804,1,0
synthetic_product,0.5,0.5,0.5,100.0,0.4000764551516782,1,1
synthetic_product,0.5,0.5,0.5,100.0,0.5635025063411769,3,0
synthetic_product,0.5,0.5,0.5,100.0,0.6369852459448527,2,1
synthetic_product,0.5,0.5,0.5,100.0,0.6965073706136884,2,0
synthetic_product,0.5,0.5,0.5,100.0,0.6511786378305608,1,1
synthetic_product,0.5,0.5,0.5,100.0,0.8879786526728868,2,0
synthetic_product,0.5,0.5,0.5,100.0,0.6090799607683046,2,0
synthetic_product,0.5,0.5,0.5,100.0,0.9187109153239755,1,0
synthetic_product,0.5,0.5,0.5,100.0,0.6929292840788077,1,0
synthetic_product,0.5,0.5,0.5,100.0,0.5504298206271018,1,0
synthetic_product,0.5,0.5,0.5,100.0,0.6895998853318331,1,0
synthetic_product,0.5,0.5,0.5,100.0,0.5926390855808165,1,1
synthetic_product,0.5,0.5,0.5,100.0,0.8004331701789501,1,1
synthetic_product,0.5,0.5,0.5,100.0,0.39366165205180814,1,1
synthetic_product,0.5,0.5,0.5,100.0,0.480461782897704,1,0
synthetic_product,0.5,0.5,0.5,100.0,0.236815755913134,1,1
synthetic_product,0.5,0.5,0.5,100.0,0.5570087999884333,2,1
synthetic_product,0.5,0.5,0.5,100.0,0.9553708183632715,1,1
synthetic_product,0.5,0.5,0.5,100.0,0.7418298459039807,1,0
synthetic_product,0.5,0.5,0.5,100.0,0.6149666958679607,2,1
synthetic_product,0.5,0.5,0.5,100.0,0.49793707228638157,2,0
synthetic_product,0.5,0.5,0.5,100.0,0.6125406487511006,2,1
synthetic_product,0.5,0.5,0.5,100.0,0.7826423108937055,2,1
synthetic_product,0.5,0.5,0.5,100.0,0.1401004036546902,1,1
synthetic_product,0.5,0.5,0.5,100.0,0.7144569416673439,1,0
synthetic_product,0.5,0.5,0.5,100.0,1.2259030626154999,3,0
synthetic_product,0.5,0.5,0.5,100.0,0.6004448725695123,3,1
synthetic_product,0.5,0.5,0.5,100.0,0.14014814900564548,2,1
synthetic_product,0.5,0.5,0.5,100.0,0.2903936466069623,1,1
synthetic_product,0.5,0.5,0.5,100.0,0.5403946861689981,3,1
synthetic_product,0.5,0.5,0.5,100.0,0.8239010272548113,2,0
synthetic_product,0.5,0.5,0.5,100.0,0.534749742297805,3,0
synthetic_product,0.5,0.5,0.5,100.0,0.717788652012564,2,0
synthetic_product,0.5,0.5,0.5,100.0,0.4638477226176332,1,0
synthetic_product,0.5,0.5,0.5,100.0,0.7080482671287089,3,0
synthetic_product,0.5,0.5,0.5,100.0,0.79426115294673,2,0
synthetic_product,0.5,0.5,0.5,100.0,0.8768627121569544,3,0
synthetic_product,0.5,0.5,0.5,100.0,0.7622580863160754,1,1
synthetic_product,0.5,0.5,0.5,100.0,0.6929504531370574,2,0
synthetic_product,0.5,0.5,0.5,100.0,0.5627520459892489,3,1
synthetic_product,0.5,0.5,0.5,100.0,0.7389219782560894,1,0
synthetic_product,0.5,0.5,0.5,100.0,1.1513195247146184,1,1
synthetic_product,0.5,0.5,0.5,100.0,0.2975091469464604,1,0
synthetic_product,0.5,0.5,0.5,100.0,0.6318196623374914,2,1
synthetic_product,0.5,0.5,0.5,100.0,0.27226711024390343,3,1
synthetic_product,0.5,0.5,0.5,100.0,0.47859497243636234,1,1
synthetic_product,0.5,0.5,0.5,100.0,0.6620998982726536,1,0
synthetic_product,0.5,0.5,0.5,100.0,0.6656519205675798,2,1
synthetic_product,0.5,0.5,0.5,100.0,0.8787936007032305,1,1
synthetic_product,0.5,0.5,0.5,100.0,0.45374328864867086,2,1
synthetic_product,0.5,0.5,0.5,100.0,0.3614799352389721,2,1
synthetic_product,0.5,0.5,0.5,100.0,0.6400119065500348,2,1
synthetic_product,0.5,0.5,0.5,100.0,0.4821344307485128,3,1
synthetic_product,0.5,0.5,0.5,100.0,1.1011654348024644,2,0
synthetic_product,0.5,0.5,0.5,100.0,0.8012016744286743,2,1
synthetic_product,0.5,0.5,0.5,100.0,0.7964822447449292,3,0
synthetic_product,0.5,0.5,0.5,100.0,1.040784558627943,3,0
synthetic_product,0.5,0.5,0.5,100.0,0.5361341642355386,2,1
synthetic_product,0.5,0.5,0.5,100.0,0.8157912411323033,2,0
synthetic_product,0.5,0.5,0.5,100.0,0.7211892234560583,3,0
synthetic_product,0.5,0.5,0.5,100.0,0.4583367615035564,2,0
synthetic_product,0.5,0.5,0.5,100.0,0.8170468072418177,1,1
synthetic_product,0.5,0.5,0.5,100.0,0.8568565582279477,1,0
synthetic_product,0.5,0.5,0.5,100.0,0.1369127611268208,1,1
synthetic_product,0.5,0.5,0.5,100.0,0.9102873994065052,2,0
synthetic_product,0.5,0.5,0.5,100.0,0.23406955441630026,3,0
synthetic_product,0.5,0.5,0.5,100.0,0.5524561008319578,3,0
synthetic_product,0.5,0.5,0.5,100.0,0.27791743776220923,1,1
synthetic_product,0.5,0.5,0.5,100.0,0.8321626493331289,3,1
synthetic_product,0.5,0.5,0.5,100.0,0.3112363085896024,1,0
synthetic_product,0.5,0.5,0.5,100.0,0.7913711864352994,3,1
synthetic_product,0.5,0.5,0.5,100.0,0.7851224482478605,2,1
synthetic_product,0.5,0.5,0.5,100.0,0.479577886432534,2,1
synthetic_product,0.5,0.5,0.5,100.0,0.6876131869887743,2,1
synthetic_product,0.5,0.5,0.5,100.0,0.8642643926989646,1,0
synthetic_product,0.5,0.5,0.5,100.0,0.5426452674354196,1,0
synthetic_product,0.5,0.5,0.5,100.0,0.7794892983190247,1,1
synthetic_product,0.5,0.5,0.5,100.0,0.8569816401369906,3,0
synthetic_product,0.5,0.5,0.5,100.0,0.8170242262926143,2,1
synthetic_product,0.5,0.5,0.5,100.0,0.8258016200529398,2,0
synthetic_product,0.5,0.5,0.5,100.0,1.0839160500955507,2,1
synthetic_product,0.5,0.5,0.5,100.0,0.24979587199368208,2,1
synthetic_product,0.5,0.5,0.5,100.0,0.9096819366151239,2,1
synthetic_product,0.5,0.5,0.5,100.0,1.2124886845169778,3,0
synthetic_product,0.5,0.5,0.5,100.0,0.9680056716915857,2,1
synthetic_product,0.5,0.5,0.5,100.0,0.6098179982897337,2,0
synthetic_product,0.5,0.5,0.5,100.0,0.7093109176336849,1,1
synthetic_product,0.5,0.5,0.5,100.0,0.5853120893505965,2,0
synthetic_product,0.5,0.5,0.5,100.0,0.49696404030631836,2,1
synthetic_product,0.5,0.5,0.5,100.0,0.28457033610076354,2,1
synthetic_product,0.5,0.5,0.5,100.0,1.0428068846285987,3,1
synthetic_product,0.5,0.5,0.5,100.0,0.6505480815029148,1,1
synthetic_product,0.5,0.5,0.5,100.0,0.3955064197748073,1,0
synthetic_product,0.5,0.5,0.5,100.0,0.9608609659260775,1,1
synthetic_product,0.5,0.5,0.5,100.0,1.0021585380578761,2,0
synthetic_product,0.5,0.5,0.5,100.0,0.5831557888749329,2,0
synthetic_product,0.5,0.5,0.5,100.0,1.0105954171582217,2,0
synthetic_product,0.5,0.5,0.5,100.0,0.3901207949207036,1,0
synthetic_product,0.5,0.5,0.5,100.0,1.324261598984992,3,1
synthetic_product,0.5,0.5,0.5,100.0,0.5953087758663972,3,1
synthetic_product,0.5,0.5,0.5,100.0,0.9857324561404537,2,0
synthetic_product,0.5,0.5,0.5,100.0,0.16440623710384522,2,1
synthetic_product,0.5,0.5,0.5,100.0,0.32968652896042655,2,1
synthetic_product,0.5,0.5,0.5,100.0,0.6209015287402647,3,0
synthetic_product,0.5,0.5,0.5,100.0,0.7370203413654867,3,0
synthetic_product,0.5,0.5,0.5,100.0,0.42000000364820855,2,0
synthetic_product,0.5,0.5,0.5,100.0,0.7674278446433515,2,1
synthetic_product,0.5,0.5,0.5,100.0,0.46573883770738317,2,1
synthetic_product,0.5,0.5,0.5,100.0,0.3745014202225652,1,1
synthetic_product,0.5,0.5,0.5,100.0,0.3427808466022874,2,0
synthetic_product,0.5,0.5,0.5,100.0,0.2538664977493146,1,1
synthetic_product,0.5,0.5,0.5,100.0,0.8606068859490742,1,1
synthetic_product,0.5,0.5,0.5,100.0,0.5127839121216781,1,0
synthetic_product,0.5,0.5,0.5,100.0,0.7096015242507104,1,1
synthetic_product,0.5,0.5,0.5,100.0,0.7476138602155901,2,0
synthetic_product,0.5,0.5,0.5,100.0,0.7952678395727578,2,1
synthetic_product,0.5,0.5,0.5,100.0,0.9326517190543023,2,1
synthetic_product,0.5,0.5,0.5,100.0,0.8348639907780456,3,1
synthetic_product,0.5,0.5,0.5,100.0,0.3471558691550711,1,1
synthetic_product,0.5,0.5,0.5,100.0,0.33595211530221486,1,1
synthetic_product,0.5,0.5,0.5,100.0,0.4675698011077845,2,1
synthetic_product,0.5,0.5,0.5,100.0,0.47672394686447545,3,1
synthetic_product,0.5,0.5,0.5,100.0,0.42726000550287696,1,0
synthetic_product,0.5,0.5,0.5,100.0,0.2812769119714195,2,1
synthetic_product,0.5,0.5,0.5,100.0,0.9200693528845693,2,1
synthetic_product,0.5,0.5,0.5,100.0,0.9042188221421612,1,0
synthetic_product,0.5,0.5,0.5,100.0,0.5631833520094295,2,0
synthetic_product,0.5,0.5,0.5,100.0,0.291401068522442,1,1
synthetic_product,0.5,0.5,0.5,100.0,0.7588300129291081,2,1
synthetic_product,0.5,0.5,0.5,100.0,0.5487659285490709,1,1
synthetic_product,0.5,0.5,0.5,100.0,0.33632129194304305,2,1
synthetic_product,0.5,0.5,0.5,100.0,0.5395572188258678,1,1
synthetic_product,0.5,0.5,0.5,100.0,0.5239029334744262,3,1
synthetic_product,0.5,0.5,0.5,100.0,0.544534018462796,2,1
synthetic_product,0.5,0.5,0.5,100.0,1.0183239482290747,2,0
synthetic_product,0.5,0.5,0.5,100.0,0.5690327830726011,2,1
synthetic_product,0.5,0.5,0.5,100.0,1.0245840179161307,1,0
synthetic_product,0.5,0.5,0.5,100.0,0.5968981934063226,2,1
synthetic_product,0.5,0.5,0.5,100.0,0.4764312864799699,1,1
synthetic_product,0.5,0.5,0.5,100.0,0.6807209127011713,1,1
synthetic_product,0.5,0.5,0.5,100.0,0.7268332737855183,2,0
synthetic_product,0.5,0.5,0.5,100.0,0.42485713610491127,2,1
synthetic_product,0.5,0.5,0.5,100.0,1.0929848067596943,3,1
synthetic_product,0.5,0.5,0.5,100.0,0.5613677614745727,1,1
synthetic_product,0.5,0.5,0.5,100.0,0.8862140565021676,2,1
synthetic_product,0.5,0.5,0.5,100.0,0.33234997638994446,3,1
synthetic_product,0.5,0.5,0.5,100.0,0.8453841738317862,1,0
synthetic_product,0.5,0.5,0.5,100.0,0.8645909698655566,2,0
synthetic_product,0.5,0.5,0.5,100.0,0.8200341903126273,1,1
synthetic_product,0.5,0.5,0.5,100.0,0.1707524616240511,1,1
synthetic_product,0.5,0.5,0.5,100.0,0.7287295363175259,2,0
synthetic_product,0.5,0.5,0.5,100.0,0.5325993831789669,2,0
synthetic_product,0.5,0.5,0.5,100.0,0.5744456857226907,2,0
synthetic_product,0.5,0.5,0.5,100.0,0.5966097454796233,1,0
synthetic_product,0.5,0.5,0.5,100.0,0.8919924850136626,1,0
synthetic_product,0.5,0.5,0.5,100.0,0.8099233291365744,3,1
synthetic_product,0.5,0.5,0.5,100.0,0.09973853110568043,2,1
synthetic_product,0.5,0.5,0.5,100.0,0.8742248686046896,3,0
synthetic_product,0.5,0.5,0.5,100.0,0.7967517065059523,1,1
synthetic_product,0.5,0.5,0.5,100.0,1.0783096483167265,2,1
synthetic_product,0.5,0.5,0.5,100.0,1.112261707631808,3,1
synthetic_product,0.5,0.5,0.5,100.0,0.5756456242892953,3,0
synthetic_product,0.5,0.5,0.5,100.0,1.021607245266458,1,1
synthetic_product,0.5,0.5,0.5,100.0,0.5831639537104165,2,0
synthetic_product,0.5,0.5,0.5,100.0,0.8715310064210251,3,0
synthetic_product,0.5,0.5,0.5,100.0,1.032605070828841,3,0
synthetic_product,0.5,0.5,0.5,100.0,0.7695679334232955,1,0
synthetic_product,0.5,0.5,0.5,100.0,0.8464158289591851,2,0
synthetic_product,0.5,0.5,0.5,100.0,0.20717867444014681,1,1
synthetic_product,0.5,0.5,0.5,100.0,0.5197822276380788,1,1
synthetic_product,0.5,0.5,0.5,100.0,0.2643422061512952,3,0
synthetic_product,0.5,0.5,0.5,100.0,1.1900564164927285,2,0
synthetic_product,0.5,0.5,0.5,100.0,1.0723740429908304,1,1
synthetic_product,0.5,0.5,0.5,100.0,0.7546212237414566,2,0
synthetic_product,0.5,0.5,0.5,100.0,0.7806025378062039,2,0
synthetic_product,0.5,0.5,0.5,100.0,0.6495416326690052,1,0
synthetic_product,0.5,0.5,0.5,100.0,0.6255659517863674,2,0
synthetic_product,0.5,0.5,0.5,100.0,0.4011012661338585,1,1
synthetic_product,0.5,0.5,0.5,100.0,0.8034165069671875,1,1
synthetic_product,0.5,0.5,0.5,100.0,0.4476932723367978,2,0
synthetic_product,0.5,0.5,0.5,100.0,0.8054628388163693,2,0
synthetic_product,0.5,0.5,0.5,100.0,0.36243367504966084,2,0
synthetic_product,0.5,0.5,0.5,100.0,0.7251239192930788,1,1
synthetic_product,0.5,0.5,0.5,100.0,0.4550316807080275,2,0
synthetic_product,0.5,0.5,0.5,100.0,0.6557701397195457,3,0
synthetic_product,0.5,0.5,0.5,100.0,0.8723995891160953,3,1
synthetic_product,0.5,0.5,0.5,100.0,0.6779923243301611,2,1
synthetic_product,0.5,0.5,0.5,100.0,0.9537532331558735,2,1
synthetic_product,0.5,0.5,0.5,100.0,0.6426405515961262,2,1
synthetic_product,0.5,0.5,0.5,100.0,0.7937258615536736,3,0
synthetic_product,0.5,0.5,0.5,100.0,0.8766509587919744,2,0
synthetic_product,0.5,0.5,0.5,100.0,0.4592124079694194,1,1
synthetic_product,0.5,0.5,0.5,100.0,0.5492428692477074,1,1
synthetic_product,0.5,0.5,0.5,100.0,0.8947822176320422,2,1
synthetic_product,0.5,0.5,0.5,100.0,0.7806372086056992,2,1
synthetic_product,0.5,0.5,0.5,100.0,0.3461608616764438,3,1
synthetic_product,0.5,0.5,0.5,100.0,0.8720616352842923,1,0
synthetic_product,0.5,0.5,0.5,100.0,0.7398056361526197,1,1
synthetic_product,0.5,0.5,0.5,100.0,0.9935346636951596,1,0
synthetic_product,0.5,0.5,0.5,100.0,0.568163710464982,1,1
synthetic_product,0.5,0.5,0.5,100.0,0.4191242961616291,1,1
synthetic_product,0.5,0.5,0.5,100.0,0.8830376940023766,2,0
synthetic_product,0.5,0.5,0.5,100.0,0.6023265759529552,2,1
synthetic_product,0.5,0.5,0.5,100.0,0.5733209905883014,3,0
synthetic_product,0.5,0.5,0.5,100.0,0.6301527306893313,2,1
synthetic_product,0.5,0.5,0.5,100.0,0.49039551774810863,2,1
synthetic_product,0.5,0.5,0.5,100.0,0.7804667213811549,2,1
synthetic_product,0.5,0.5,0.5,100.0,1.0149947825423369,3,0
synthetic_product,0.5,0.5,0.5,100.0,0.9846228823341816,1,0
synthetic_product,0.5,0.5,0.5,100.0,0.47514777309965267,1,1
synthetic_product,0.5,0.5,0.5,100.0,0.6544085721612735,1,1
synthetic_product,0.5,0.5,0.5,100.0,1.0794617692669426,2,0
synthetic_product,0.5,0.5,0.5,100.0,0.7691181393881003,2,1
synthetic_product,0.5,0.5,0.5,100.0,0.8375612625042544,1,1
synthetic_product,0.5,0.5,0.5,100.0,0.6378411871980938,3,0
synthetic_product,0.5,0.5,0.5,100.0,0.645888745587252,1,1
synthetic_product,0.5,0.5,0.5,100.0,0.24470239310916278,2,0
synthetic_product,0.5,0.5,0.5,100.0,0.3808740194436079,1,1
synthetic_product,0.5,0.5,0.5,100.0,0.9861928110760338,1,0
synthetic_product,0.5,0.5,0.5,100.0,0.7115391869587268,2,1
synthetic_product,0.5,0.5,0.5,100.0,0.9817742801900311,3,0
synthetic_product,0.5,0.5,0.5,100.0,0.9894556701412551,2,0
synthetic_product,0.5,0.5,0.5,100.0,0.6967747686974678,1,0
synthetic_product,0.5,0.5,0.5,100.0,0.7399138340535673,2,0
synthetic_product,0.5,0.5,0.5,100.0,0.7439285138835334,1,0
synthetic_product,0.5,0.5,0.5,100.0,0.5341405729508368,1,1
synthetic_product,0.5,0.5,0.5,100.0,0.15260230031504318,2,1
synthetic_product,0.5,0.5,0.5,100.0,0.6373761369900074,2,0
synthetic_product,0.5,0.5,0.5,100.0,0.32678504360955585,1,1
synthetic_product,0.5,0.5,0.5,100.0,0.6685958047199422,2,1
synthetic_product,0.5,0.5,0.5,100.0,0.8095008341230835,1,1
synthetic_product,0.5,0.5,0.5,100.0,0.8965521321798194,1,0
synthetic_product,0.5,0.5,0.5,100.0,0.436744943081094,1,1
synthetic_product,0.5,0.5,0.5,100.0,1.2592929409985907,3,1
synthetic_product,0.5,0.5,0.5,100.0,0.22458946301606642,1,1
synthetic_product,0.5,0.5,0.5,100.0,0.8691943285575982,2,0
synthetic_product,0.5,0.5,0.5,100.0,0.6912655321191764,2,0
synthetic_product,0.5,0.5,0.5,100.0,0.6904180586013764,2,1
synthetic_product,0.5,0.5,0.5,100.0,0.7047382966139838,2,0
synthetic_product,0.5,0.5,0.5,100.0,0.9050679535736824,2,0
synthetic_product,0.5,0.5,0.5,100.0,0.6122175981113998,3,0
synthetic_product,0.5,0.5,0.5,100.0,0.24718431514244432,2,1
synthetic_product,0.5,0.5,0.5,100.0,0.08167137027312614,1,1
synthetic_product,0.5,0.5,0.5,100.0,0.6007389776930399,3,0
synthetic_product,0.5,0.5,0.5,100.0,0.6421121460889754,2,0
synthetic_product,0.5,0.5,0.5,100.0,0.14533849847391633,2,1
synthetic_product,0.5,0.5,0.5,100.0,0.9191303823248276,2,0
synthetic_product,0.5,0.5,0.5,100.0,0.674458023439442,3,1
synthetic_product,0.5,0.5,0.5,100.0,0.5614982351112993,2,0
synthetic_product,0.5,0.5,0.5,100.0,0.5674439691289138,1,0
synthetic_product,0.5,0.5,0.5,100.0,0.4356024887788757,2,1
synthetic_product,0.5,0.5,0.5,100.0,0.5862335839470827,2,1
synthetic_product,0.5,0.5,0.5,100.0,0.6846345692492651,1,1
synthetic_product,0.5,0.5,0.5,100.0,0.95095278751564,2,0
synthetic_product,0.5,0.5,0.5,100.0,0.7553428332106216,1,0
synthetic_product,0.5,0.5,0.5,100.0,0.7444178910657553,2,0
synthetic_product,0.5,0.5,0.5,100.0,0.6041073024399414,3,1
synthetic_product,0.5,0.5,0.5,100.0,0.8148353776210161,2,1
synthetic_product,0.5,0.5,0.5,100.0,0.37198418829442476,2,1
synthetic_product,0.5,0.5,0.5,100.0,0.8861693791756021,1,1
synthetic_product,0.5,0.5,0.5,100.0,0.36312731225391043,2,1
synthetic_product,0.5,0.5,0.5,100.0,0.35542101384328384,1,1
synthetic_product,0.5,0.5,0.5,100.0,0.8247258535290257,1,1
synthetic_product,0.5,0.5,0.5,100.0,0.7895430155783905,3,1
synthetic_product,0.5,0.5,0.5,100.0,0.8718267018491997,2,1
synthetic_product,0.5,0.5,0.5,100.0,0.7950389204827844,1,0
synthetic_product,0.5,0.5,0.5,100.0,0.9646491895861102,2,0
synthetic_product,0.5,0.5,0.5,100.0,0.3546147753167975,1,1
synthetic_product,0.5,0.5,0.5,100.0,0.5681577204496001,3,1
synthetic_product,0.5,0.5,0.5,100.0,0.42594978465642946,1,1
synthetic_product,0.5,0.5,0.5,100.0,1.0745057553699073,2,0
synthetic_product,0.5,0.5,0.5,100.0,0.5219233740100394,3,1
synthetic_product,0.5,0.5,0.5,100.0,0.4356320977839276,1,0
synthetic_product,0.5,0.5,0.5,100.0,0.8477579583389866,3,0
synthetic_product,0.5,0.5,0.5,100.0,0.978962473229777,2,0
synthetic_product,0.5,0.5,0.5,100.0,1.040380904079319,2,0
synthetic_product,0.5,0.5,0.5,100.0,0.7558635198894248,2,1
synthetic_product,0.5,0.5,0.5,100.0,0.5906959987900762,1,0
synthetic_product,0.5,0.5,0.5,100.0,0.8144638782620985,3,0
synthetic_product,0.5,0.5,0.5,100.0,0.3760835696176124,1,1
synthetic_product,0.5,0.5,0.5,100.0,0.8850634315872066,2,0
synthetic_product,0.5,0.5,0.5,100.0,0.3839636220817194,1,1
synthetic_product,0.5,0.5,0.5,100.0,0.5116224743700784,3,0
synthetic_product,0.5,0.5,0.5,100.0,0.5271247360091076,3,1
synthetic_product,0.5,0.5,0.5,100.0,0.26098316475643774,2,1
synthetic_product,0.5,0.5,0.5,100.0,0.8100627316953493,1,0
synthetic_product,0.5,0.5,0.5,100.0,0.8838911294152272,3,0
synthetic_product,0.5,0.5,0.5,100.0,0.7364505400733139,3,1
synthetic_product,0.5,0.5,0.5,100.0,0.9455566402814184,3,1
synthetic_product,0.5,0.5,0.5,100.0,1.0008347791941496,3,1
synthetic_product,0.5,0.5,0.5,100.0,1.0471433399594274,2,0
synthetic_product,0.5,0.5,0.5,100.0,0.8985510360042849,2,0
synthetic_product,0.5,0.5,0.5,100.0,0.8723239258859865,2,0
synthetic_product,0.5,0.5,0.5,100.0,0.796942348516137,3,0
synthetic_product,0.5,0.5,0.5,100.0,0.7520961317762207,2,0
synthetic_product,0.5,0.5,0.5,100.0,0.35366949711212725,1,1
synthetic_product,0.5,0.5,0.5,100.0,0.7477442587753012,2,1
synthetic_product,0.5,0.5,0.5,100.0,0.7009304411487498,2,1
synthetic_product,0.5,0.5,0.5,100.0,0.8201372257381617,2,1
synthetic_product,0.5,0.5,0.5,100.0,0.7043594609674425,2,1
synthetic_product,0.5,0.5,0.5,100.0,0.6041534110754958,3,0
synthetic_product,0.5,0.5,0.5,100.0,0.31370510467098117,2,0
synthetic_product,0.5,0.5,0.5,100.0,0.9997523197378912,2,0
synthetic_product,0.5,0.5,0.5,100.0,0.4278497257528037,3,0
synthetic_product,0.5,0.5,0.5,100.0,0.7609798652944224,2,1
synthetic_product,0.5,0.5,0.5,100.0,0.6340563729648342,1,0
synthetic_product,0.5,0.5,0.5,100.0,0.5342425845642138,1,0
synthetic_product,0.5,0.5,0.5,100.0,0.6683895455236477,2,1
synthetic_product,0.5,0.5,0.5,100.0,0.4556300359710855,2,0
synthetic_product,0.5,0.5,0.5,100.0,1.143568496477032,1,0
synthetic_product,0.5,0.5,0.5,100.0,0.6425321102737718,1,0
synthetic_product,0.5,0.5,0.5,100.0,0.3355260253466102,2,0
synthetic_product,0.5,0.5,0.5,100.0,0.7418870548569299,2,0
synthetic_product,0.5,0.5,0.5,100.0,0.4776193415720469,1,0
synthetic_product,0.5,0.5,0.5,100.0,0.37278957279624286,2,1
synthetic_product,0.5,0.5,0.5,100.0,1.1202298324773958,2,0
synthetic_product,0.5,0.5,0.5,100.0,0.7692159281705553,3,0
synthetic_product,0.5,0.5,0.5,100.0,0.01,1,1
synthetic_product,0.5,0.5,0.5,100.0,0.5971037231891436,3,1
synthetic_product,0.5,0.5,0.5,100.0,0.6966980701851048,2,1
synthetic_product,0.5,0.5,0.5,100.0,0.8679325224803822,2,0
synthetic_product,0.5,0.5,0.5,100.0,0.7967873599608949,2,1
synthetic_product,0.5,0.5,0.5,100.0,0.1772681011985206,1,0
synthetic_product,0.5,0.5,0.5,100.0,0.5172773291547725,3,1
synthetic_product,0.5,0.5,0.5,100.0,1.0146356579187024,2,0
synthetic_product,0.5,0.5,0.5,100.0,0.45736234508437784,3,1
synthetic_product,0.5,0.5,0.5,100.0,0.9171765076651326,3,1
synthetic_product,0.5,0.5,0.5,100.0,0.5102815607271638,3,1
synthetic_product,0.5,0.5,0.5,100.0,0.5892752230209374,1,1
synthetic_product,0.5,0.5,0.5,100.0,1.0870249672524561,3,0
synthetic_product,0.5,0.5,0.5,100.0,0.4087088359148514,2,1
synthetic_product,0.5,0.5,0.5,100.0,0.6054274363194743,1,0
synthetic_product,0.5,0.5,0.5,100.0,0.4892671328713221,2,0
synthetic_product,0.5,0.5,0.5,100.0,0.7043206498832772,1,0
synthetic_product,0.5,0.5,0.5,100.0,0.9518973809286132,1,1
synthetic_product,0.5,0.5,0.5,100.0,0.3497757922495155,2,0
synthetic_product,0.5,0.5,0.5,100.0,0.7035431286336555,1,0
synthetic_product,0.5,0.5,0.5,100.0,0.7676534122828729,1,1
synthetic_product,0.5,0.5,0.5,100.0,0.5838141548991345,2,1
synthetic_product,0.5,0.5,0.5,100.0,0.4702263527909657,1,1
synthetic_product,0.5,0.5,0.5,100.0,0.5312533617073107,1,1
synthetic_product,0.5,0.5,0.5,100.0,0.7620749429124175,2,1
synthetic_product,0.5,0.5,0.5,100.0,0.8943715860762264,1,0
synthetic_product,0.5,0.5,0.5,100.0,0.601888571750448,2,1
synthetic_product,0.5,0.5,0.5,100.0,0.3799164791970533,2,1
synthetic_product,0.5,0.5,0.5,100.0,0.2456684451959856,2,0
synthetic_product,0.5,0.5,0.5,100.0,0.9049368060111523,3,1
synthetic_product,0.5,0.5,0.5,100.0,0.7009405504489697,1,1
synthetic_product,0.5,0.5,0.5,100.0,0.1059078362301667,2,1
synthetic_product,0.5,0.5,0.5,100.0,0.3671864488225334,1,1
synthetic_product,0.5,0.5,0.5,100.0,0.2333190312144155,1,1
synthetic_product,0.5,0.5,0.5,100.0,0.3401867683801456,1,1
synthetic_product,0.5,0.5,0.5,100.0,0.6776857766349209,3,0
synthetic_product,0.5,0.5,0.5,100.0,0.2601126691903672,1,1
synthetic_product,0.5,0.5,0.5,100.0,0.21792648503455758,2,0
synthetic_product,0.5,0.5,0.5,100.0,0.16671492888334108,2,0
synthetic_product,0.5,0.5,0.5,100.0,0.6282503772659623,1,1
synthetic_product,0.5,0.5,0.5,100.0,0.5150453485882733,1,1
synthetic_product,0.5,0.5,0.5,100.0,0.35942699441452614,2,0
synthetic_product,0.5,0.5,0.5,100.0,0.9172537020195144,2,0
synthetic_product,0.5,0.5,0.5,100.0,0.6898281960203267,3,0
synthetic_product,0.5,0.5,0.5,100.0,0.37239805966650674,2,1
synthetic_product,0.5,0.5,0.5,100.0,0.648679233572842,2,0
synthetic_product,0.5,0.5,0.5,100.0,0.8276669202175713,1,0
synthetic_product,0.5,0.5,0.5,100.0,0.5337214912583064,2,0
synthetic_product,0.5,0.5,0.5,100.0,0.33721103032832916,2,1
synthetic_product,0.5,0.5,0.5,100.0,0.9027539459651935,2,0
synthetic_product,0.5,0.5,0.5,100.0,0.7983023900198185,3,0
synthetic_product,0.5,0.5,0.5,100.0,0.3819948373058671,2,0
synthetic_product,0.5,0.5,0.5,100.0,0.4552491062192814,2,1
synthetic_product,0.5,0.5,0.5,100.0,0.2707051219419267,1,0
synthetic_product,0.5,0.5,0.5,100.0,0.5997362396554053,2,0
synthetic_product,0.5,0.5,0.5,100.0,0.46639418098733293,3,0
synthetic_product,0.5,0.5,0.5,100.0,0.4710379888835415,2,1
synthetic_product,0.5,0.5,0.5,100.0,1.0084732778285581,2,0
synthetic_product,0.5,0.5,0.5,100.0,1.1257936276382485,3,0
synthetic_product,0.5,0.5,0.5,100.0,0.2579199811799554,2,0
synthetic_product,0.5,0.5,0.5,100.0,0.9381769307188663,1,0
synthetic_product,0.5,0.5,0.5,100.0,0.8408515609715184,3,0
synthetic_product,0.5,0.5,0.5,100.0,1.226999542160295,2,0
synthetic_product,0.5,0.5,0.5,100.0,0.9431364861569709,3,0
synthetic_product,0.5,0.5,0.5,100.0,0.8888314276050998,1,0
synthetic_product,0.5,0.5,0.5,100.0,0.9919389221056759,3,0
synthetic_product,0.5,0.5,0.5,100.0,0.8777525005591922,2,1
synthetic_product,0.5,0.5,0.5,100.0,0.7216775066539867,2,0
synthetic_product,0.5,0.5,0.5,100.0,0.6528099791629352,3,1
synthetic_product,0.5,0.5,0.5,100.0,1.10291026611449,3,0
synthetic_product,0.5,0.5,0.5,100.0,0.24586019329087666,2,0
synthetic_product,0.5,0.5,0.5,100.0,0.3896677893678273,2,0
synthetic_product,0.5,0.5,0.5,100.0,0.6572424543740014,1,0
synthetic_product,0.5,0.5,0.5,100.0,0.2748575704481774,3,0
synthetic_product,0.5,0.5,0.5,100.0,0.6386498398949284,2,0
synthetic_product,0.5,0.5,0.5,100.0,0.7527361048688979,2,1
synthetic_product,0.5,0.5,0.5,100.0,0.810840249091812,1,1
synthetic_product,0.5,0.5,0.5,100.0,0.5766553990696459,1,1
synthetic_product,0.5,0.5,0.5,100.0,0.33501999730315707,3,1
synthetic_product,0.5,0.5,0.5,100.0,0.9334583766809978,1,0
synthetic_product,0.5,0.5,0.5,100.0,0.7720890930975212,3,0
synthetic_product,0.5,0.5,0.5,100.0,0.46146283758760437,3,1
synthetic_product,0.5,0.5,0.5,100.0,0.8686503455824268,2,1
synthetic_product,0.5,0.5,0.5,100.0,1.015240349914565,3,0
synthetic_product,0.5,0.5,0.5,100.0,0.3465225669037501,2,0
synthetic_product,0.5,0.5,0.5,100.0,0.25065323468802525,1,1
synthetic_product,0.5,0.5,0.5,100.0,0.38883309902503876,1,1
synthetic_product,0.5,0.5,0.5,100.0,0.5995046690352466,2,1
synthetic_product,0.5,0.5,0.5,100.0,0.6267776523921621,2,1
synthetic_product,0.5,0.5,0.5,100.0,0.6713521161765998,2,1
synthetic_product,0.5,0.5,0.5,100.0,0.4586634579139215,1,0
synthetic_product,0.5,0.5,0.5,100.0,0.876338607498748,1,0
synthetic_product,0.5,0.5,0.5,100.0,0.7077714179517518,2,0
synthetic_product,0.5,0.5,0.5,100.0,0.8985392303747828,2,0
synthetic_product,0.5,0.5,0.5,100.0,0.6550786927877933,2,0
synthetic_product,0.5,0.5,0.5,100.0,0.7651936610037333,2,0
synthetic_product,0.5,0.5,0.5,100.0,0.36401573054911746,2,1
synthetic_product,0.5,0.5,0.5,100.0,0.4771860066225675,1,0
synthetic_product,0.5,0.5,0.5,100.0,0.5706563596248851,3,1
synthetic_product,0.5,0.5,0.5,100.0,0.717578371800354,3,1
synthetic_product,0.5,0.5,0.5,100.0,0.4643207455906525,2,1
synthetic_product,0.5,0.5,0.5,100.0,0.5421553676977273,2,1
synthetic_product,0.5,0.5,0.5,100.0,0.5953389481537688,1,0
synthetic_product,0.5,0.5,0.5,100.0,0.5107035608443354,1,1
synthetic_product,0.5,0.5,0.5,100.0,0.6148273711654916,1,1
synthetic_product,0.5,0.5,0.5,100.0,0.39518363290289726,1,1
synthetic_product,0.5,0.5,0.5,100.0,0.6774665850190408,1,1
synthetic_product,0.5,0.5,0.5,100.0,0.9593479865730904,2,0
synthetic_product,0.5,0.5,0.5,100.0,1.073763871289148,2,0
synthetic_product,0.5,0.5,0.5,100.0,0.515329606935197,2,0
synthetic_product,0.5,0.5,0.5,100.0,0.3194066576342991,1,1
synthetic_product,0.5,0.5,0.5,100.0,0.9440571441767296,2,0
synthetic_product,0.5,0.5,0.5,100.0,0.817052299668516,1,0
synthetic_product,0.5,0.5,0.5,100.0,0.38621173203282133,2,1
synthetic_product,0.5,0.5,0.5,100.0,0.715216464722993,2,0
synthetic_product,0.5,0.5,0.5,100.0,0.7106454796386624,2,1
synthetic_product,0.5,0.5,0.5,100.0,0.42594128965810013,3,0
synthetic_product,0.5,0.5,0.5,100.0,0.5514384817627873,3,1
synthetic_product,0.5,0.5,0.5,100.0,0.5224392534190944,3,0
synthetic_product,0.5,0.5,0.5,100.0,0.9922022334590784,2,1
synthetic_product,0.5,0.5,0.5,100.0,0.7153797365233534,1,1
synthetic_product,0.5,0.5,0.5,100.0,0.9630072786234565,2,1
synthetic_product,0.5,0.5,0.5,100.0,0.7892949767926407,3,1
synthetic_product,0.5,0.5,0.5,100.0,0.6512503057297016,2,0
synthetic_product,0.5,0.5,0.5,100.0,1.0321909471761017,1,0
synthetic_product,0.5,0.5,0.5,100.0,0.7565648261029436,2,0
synthetic_product,0.5,0.5,0.5,100.0,0.8763170841343129,3,0
synthetic_product,0.5,0.5,0.5,100.0,0.9630712888064923,2,1
synthetic_product,0.5,0.5,0.5,100.0,0.26419169759431116,2,1
synthetic_product,0.5,0.5,0.5,100.0,0.5320752003638369,2,1
synthetic_product,0.5,0.5,0.5,100.0,0.4599068993585935,1,0
synthetic_product,0.5,0.5,0.5,100.0,0.7820178708563686,1,0
synthetic_product,0.5,0.5,0.5,100.0,0.6041450366596447,3,1
synthetic_product,0.5,0.5,0.5,100.0,0.6016851360787789,1,1
synthetic_product,0.5,0.5,0.5,100.0,0.3844068739693785,1,0
synthetic_product,0.5,0.5,0.5,100.0,0.46565611163683307,1,1
synthetic_product,0.5,0.5,0.5,100.0,0.9418886635146185,2,1
synthetic_product,0.5,0.5,0.5,100.0,0.6666817928089234,1,1
synthetic_product,0.5,0.5,0.5,100.0,1.0198778982507362,3,0
synthetic_product,0.5,0.5,0.5,100.0,0.5331673870643902,1,0
synthetic_product,0.5,0.5,0.5,100.0,0.5234468652806723,1,0
synthetic_product,0.5,0.5,0.5,100.0,0.9054149955485655,2,0
synthetic_product,0.5,0.5,0.5,100.0,0.8960957783318845,2,0
synthetic_product,0.5,0.5,0.5,100.0,0.927529273792322,3,0
synthetic_product,0.5,0.5,0.5,100.0,0.6662873563159848,1,1
synthetic_product,0.5,0.5,0.5,100.0,1.012524748249939,3,0
synthetic_product,0.5,0.5,0.5,100.0,0.7865412418235622,3,0
synthetic_product,0.5,0.5,0.5,100.0,0.5411141456029077,1,0
synthetic_product,0.5,0.5,0.5,100.0,1.0287134675949343,2,0
synthetic_product,0.5,0.5,0.5,100.0,0.32690229199317655,1,0
synthetic_product,0.5,0.5,0.5,100.0,0.8167060454134687,3,1
synthetic_product,0.5,0.5,0.5,100.0,0.7959522271416735,1,0
synthetic_product,0.5,0.5,0.5,100.0,0.7131136733562968,2,1
synthetic_product,0.5,0.5,0.5,100.0,0.4895211695636588,2,0
synthetic_product,0.5,0.5,0.5,100.0,0.7921810522757053,1,0
synthetic_product,0.5,0.5,0.5,100.0,0.6817934421941376,2,1
synthetic_product,0.5,0.5,0.5,100.0,0.5654433114955008,2,1
synthetic_product,0.5,0.5,0.5,100.0,0.8717859537656694,2,1
synthetic_product,0.5,0.5,0.5,100.0,0.6553285255960372,2,1
synthetic_product,0.5,0.5,0.5,100.0,0.7987783378438278,2,1
synthetic_product,0.5,0.5,0.5,100.0,0.7583055474826518,2,1
synthetic_product,0.5,0.5,0.5,100.0,0.3371166336575695,2,0
synthetic_product,0.5,0.5,0.5,100.0,0.49893897625273115,2,1
synthetic_product,0.5,0.5,0.5,100.0,0.4275065973913281,2,1
synthetic_product,0.5,0.5,0.5,100.0,0.5844849688455876,3,1
synthetic_product,0.5,0.5,0.5,100.0,0.5058267153218545,1,1
synthetic_product,0.5,0.5,0.5,100.0,0.364093000073331,1,1
synthetic_product,0.5,0.5,0.5,100.0,0.5675382184099239,2,1
synthetic_product,0.5,0.5,0.5,100.0,0.9572570023650188,2,1
synthetic_product,0.5,0.5,0.5,100.0,0.5323594688026789,1,1
synthetic_product,0.5,0.5,0.5,100.0,0.74605870035657,1,1
synthetic_product,0.5,0.5,0.5,100.0,0.43925751067246693,2,1
synthetic_product,0.5,0.5,0.5,100.0,0.5511002094820109,3,1
synthetic_product,0.5,0.5,0.5,100.0,0.6302366839111776,2,1
synthetic_product,0.5,0.5,0.5,100.0,0.8879401494886175,3,0
synthetic_product,0.5,0.5,0.5,100.0,0.7271736924677933,2,0
synthetic_product,0.5,0.5,0.5,100.0,0.8939762049106682,2,1
synthetic_product,0.5,0.5,0.5,100.0,1.0684340356588438,3,1
synthetic_product,0.5,0.5,0.5,100.0,0.5027376624620078,1,0
synthetic_product,0.5,0.5,0.5,100.0,0.568415065321103,1,1
synthetic_product,0.5,0.5,0.5,100.0,0.8455657120452013,1,1
synthetic_product,0.5,0.5,0.5,100.0,0.5373190513260937,1,0
synthetic_product,0.5,0.5,0.5,100.0,0.6464723591133819,3,0
synthetic_product,0.5,0.5,0.5,100.0,0.6884836047794691,2,0
synthetic_product,0.5,0.5,0.5,100.0,0.8990741859292526,2,0
synthetic_product,0.5,0.5,0.5,100.0,0.614273831424282,3,1
synthetic_product,0.5,0.5,0.5,100.0,0.12987014737481187,1,1
synthetic_product,0.5,0.5,0.5,100.0,0.9781405148938419,3,0
synthetic_product,0.5,0.5,0.5,100.0,0.486874665647566,1,1
synthetic_product,0.5,0.5,0.5,100.0,0.8474715658309883,1,0
synthetic_product,0.5,0.5,0.5,100.0,0.47806224196783453,1,0
synthetic_product,0.5,0.5,0.5,100.0,0.5197376986377562,3,0
synthetic_product,0.5,0.5,0.5,100.0,0.4811057804910077,1,0
synthetic_product,0.5,0.5,0.5,100.0,0.4788084161587012,3,1
synthetic_product,0.5,0.5,0.5,100.0,0.9188932100645998,2,0
synthetic_product,0.5,0.5,0.5,100.0,0.7218399731627284,2,1
synthetic_product,0.5,0.5,0.5,100.0,0.4811316295268968,1,1
synthetic_product,0.5,0.5,0.5,100.0,0.2213372748681444,1,1
synthetic_product,0.5,0.5,0.5,100.0,0.8778426903896723,2,0
synthetic_product,0.5,0.5,0.5,100.0,0.6425266907790578,2,1
synthetic_product,0.5,0.5,0.5,100.0,0.5575836027650267,2,0
synthetic_product,0.5,0.5,0.5,100.0,0.8870487647734308,2,0
synthetic_product,0.5,0.5,0.5,100.0,1.078892358858878,3,1
synthetic_product,0.5,0.5,0.5,100.0,0.6801193258341516,2,1
synthetic_product,0.5,0.5,0.5,100.0,0.8340271049938582,2,0
synthetic_product,0.5,0.5,0.5,100.0,0.655294485772951,2,1
synthetic_product,0.5,0.5,0.5,100.0,0.7255815425720963,2,1
synthetic_product,0.5,0.5,0.5,100.0,0.6168014521664629,1,1
synthetic_product,0.5,0.5,0.5,100.0,0.2407743747395391,2,1
synthetic_product,0.5,0.5,0.5,100.0,0.2748244152752944,2,1
synthetic_product,0.5,0.5,0.5,100.0,0.8151146193312784,1,1
synthetic_product,0.5,0.5,0.5,100.0,0.7923119933006038,3,0
synthetic_product,0.5,0.5,0.5,100.0,0.6132484145159686,1,0
synthetic_product,0.5,0.5,0.5,100.0,0.7882278241035346,3,0
synthetic_product,0.5,0.5,0.5,100.0,0.47163387807412493,2,1
synthetic_product,0.5,0.5,0.5,100.0,0.6913720847748278,2,0
synthetic_product,0.5,0.5,0.5,100.0,0.3273218881087085,2,0
synthetic_product,0.5,0.5,0.5,100.0,0.682669846531971,1,1
synthetic_product,0.5,0.5,0.5,100.0,1.0387581221081654,2,0
synthetic_product,0.5,0.5,0.5,100.0,0.5498759601270519,1,1
synthetic_product,0.5,0.5,0.5,100.0,0.611572839471318,1,0
synthetic_product,0.5,0.5,0.5,100.0,0.8785935280275685,2,1
synthetic_product,0.5,0.5,0.5,100.0,1.1060279009980156,2,0
synthetic_product,0.5,0.5,0.5,100.0,0.6784525549385063,1,1
synthetic_product,0.5,0.5,0.5,100.0,0.17929825277954994,2,0
synthetic_product,0.5,0.5,0.5,100.0,0.9470012111216985,3,1
synthetic_product,0.5,0.5,0.5,100.0,0.46679698573545986,2,1
synthetic_product,0.5,0.5,0.5,100.0,0.3361974404171984,1,0
synthetic_product,0.5,0.5,0.5,100.0,0.3005896246635321,1,0
synthetic_product,0.5,0.5,0.5,100.0,0.8471487778547265,1,0
synthetic_product,0.5,0.5,0.5,100.0,0.8905315837432718,3,0
synthetic_product,0.5,0.5,0.5,100.0,0.48986217706024937,3,1
synthetic_product,0.5,0.5,0.5,100.0,0.4245029574538598,1,0
synthetic_product,0.5,0.5,0.5,100.0,0.6702666794329513,2,1
synthetic_product,0.5,0.5,0.5,100.0,0.44789970427395365,1,0
synthetic_product,0.5,0.5,0.5,100.0,0.9260018289454451,1,0
synthetic_product,0.5,0.5,0.5,100.0,0.6679274984916803,1,0
synthetic_product,0.5,0.5,0.5,100.0,0.23007177352973657,1,1
synthetic_product,0.5,0.5,0.5,100.0,0.9929012653477082,1,0
synthetic_product,0.5,0.5,0.5,100.0,0.653714356638725,1,1
synthetic_product,0.5,0.5,0.5,100.0,0.5078364063478686,3,1
synthetic_product,0.5,0.5,0.5,100.0,1.043762456157222,3,0
synthetic_product,0.5,0.5,0.5,100.0,0.7300297055653177,2,0
synthetic_product,0.5,0.5,0.5,100.0,0.9572483371136239,2,0
synthetic_product,0.5,0.5,0.5,100.0,0.053827441537170576,1,1
synthetic_product,0.5,0.5,0.5,100.0,0.816087345100635,3,1
synthetic_product,0.5,0.5,0.5,100.0,0.9229313480694455,3,1
synthetic_product,0.5,0.5,0.5,100.0,0.47068394659812157,1,1
synthetic_product,0.5,0.5,0.5,100.0,1.1691793883544073,3,1
synthetic_product,0.5,0.5,0.5,100.0,0.4587027667415665,2,1
synthetic_product,0.5,0.5,0.5,100.0,0.4096957112265632,2,1
synthetic_product,0.5,0.5,0.5,100.0,0.6363125126761245,1,1
synthetic_product,0.5,0.5,0.5,100.0,0.5151783289791335,3,1
synthetic_product,0.5,0.5,0.5,100.0,0.22544710940026008,1,1
synthetic_product,0.5,0.5,0.5,100.0,0.5662105417081122,3,0
synthetic_product,0.5,0.5,0.5,100.0,0.5186694406814218,1,1
synthetic_product,0.5,0.5,0.5,100.0,0.7190322691485036,2,1
synthetic_product,0.5,0.5,0.5,100.0,0.8093969584292342,3,0
synthetic_product,0.5,0.5,0.5,100.0,0.8026369618352176,2,0
synthetic_product,0.5,0.5,0.5,100.0,0.4588555327051099,3,0
synthetic_product,0.5,0.5,0.5,100.0,0.26407965817535073,2,1
synthetic_product,0.5,0.5,0.5,100.0,1.0548266834709756,3,1
synthetic_product,0.5,0.5,0.5,100.0,0.7347499496990585,3,0
synthetic_product,0.5,0.5,0.5,100.0,0.7205485758272488,1,0
synthetic_product,0.5,0.5,0.5,100.0,1.013398449447882,1,1
synthetic_product,0.5,0.5,0.5,100.0,0.3648842017242222,2,0
synthetic_product,0.5,0.5,0.5,100.0,0.5728480682035989,2,0
synthetic_product,0.5,0.5,0.5,100.0,0.7539326105258715,2,0
synthetic_product,0.5,0.5,0.5,100.0,0.8028153367915606,1,0
synthetic_product,0.5,0.5,0.5,100.0,0.5806297995207139,2,0
synthetic_product,0.5,0.5,0.5,100.0,0.6659152691274518,2,1
synthetic_product,0.5,0.5,0.5,100.0,0.7017622622718229,2,0
synthetic_product,0.5,0.5,0.5,100.0,1.0456815081317261,2,1
synthetic_product,0.5,0.5,0.5,100.0,0.6547531176126504,1,0
synthetic_product,0.5,0.5,0.5,100.0,0.4743848060090067,1,1
synthetic_product,0.5,0.5,0.5,100.0,0.7961515006415075,2,1
synthetic_product,0.5,0.5,0.5,100.0,0.41298114928575835,2,0
synthetic_product,0.5,0.5,0.5,100.0,0.8667969532111393,2,0
synthetic_product,0.5,0.5,0.5,100.0,0.8640489260692038,2,0
synthetic_product,0.5,0.5,0.5,100.0,0.8072827488508983,2,0
synthetic_product,0.5,0.5,0.5,100.0,0.47810640330080645,2,1
synthetic_product,0.5,0.5,0.5,100.0,0.7588182555516836,3,1
synthetic_product,0.5,0.5,0.5,100.0,0.48361581100865186,2,0
synthetic_product,0.5,0.5,0.5,100.0,0.4164512379101591,2,1
synthetic_product,0.5,0.5,0.5,100.0,0.19439654100752343,1,1
synthetic_product,0.5,0.5,0.5,100.0,0.8626921070680648,1,0
synthetic_product,0.5,0.5,0.5,100.0,0.6057697417857466,3,1
synthetic_product,0.5,0.5,0.5,100.0,0.26034522271561505,2,0
synthetic_product,0.5,0.5,0.5,100.0,1.019500314091073,2,0
synthetic_product,0.5,0.5,0.5,100.0,0.5038248701073477,1,1
synthetic_product,0.5,0.5,0.5,100.0,0.6658021405954392,3,1
synthetic_product,0.5,0.5,0.5,100.0,1.063408998856763,3,0
synthetic_product,0.5,0.5,0.5,100.0,1.138501058059551,3,0
synthetic_product,0.5,0.5,0.5,100.0,0.6019979437011125,3,0
synthetic_product,0.5,0.5,0.5,100.0,0.8400454646388084,2,1
synthetic_product,0.5,0.5,0.5,100.0,0.15596265496179412,2,1
synthetic_product,0.5,0.5,0.5,100.0,0.7595728475150804,1,1
synthetic_product,0.5,0.5,0.5,100.0,0.6339646868498321,2,0
synthetic_product,0.5,0.5,0.5,100.0,0.8108824777007156,1,1
synthetic_product,0.5,0.5,0.5,100.0,0.7084453065654058,1,0
synthetic_product,0.5,0.5,0.5,100.0,0.4504613951507046,1,0
synthetic_product,0.5,0.5,0.5,100.0,0.44248055787801227,2,0
synthetic_product,0.5,0.5,0.5,100.0,0.8605495214611014,3,0
synthetic_product,0.5,0.5,0.5,100.0,0.3705306317523424,2,1
synthetic_product,0.5,0.5,0.5,100.0,0.2658335220173937,1,1
synthetic_product,0.5,0.5,0.5,100.0,0.589600886289774,2,1
synthetic_product,0.5,0.5,0.5,100.0,0.7326212102711877,3,0
synthetic_product,0.5,0.5,0.5,100.0,0.9861016334956991,2,0
synthetic_product,0.5,0.5,0.5,100.0,0.5029837208613261,3,1
synthetic_product,0.5,0.5,0.5,100.0,0.6342108444467758,3,0
synthetic_product,0.5,0.5,0.5,100.0,0.9118547341799706,2,0
synthetic_product,0.5,0.5,0.5,100.0,0.9331048759279378,2,1
synthetic_product,0.5,0.5,0.5,100.0,0.5404584988826422,2,1
synthetic_product,0.5,0.5,0.5,100.0,0.6356495127604089,2,0
synthetic_product,0.5,0.5,0.5,100.0,0.5822737253377387,3,1
synthetic_product,0.5,0.5,0.5,100.0,0.5622682174896624,1,1
synthetic_product,0.5,0.5,0.5,100.0,0.6557041690507792,3,1
synthetic_product,0.5,0.5,0.5,100.0,0.32543542194641756,2,1
synthetic_product,0.5,0.5,0.5,100.0,0.808586935522571,3,1
synthetic_product,0.5,0.5,0.5,100.0,0.47339260377633224,1,1
synthetic_product,0.5,0.5,0.5,100.0,0.8007835532040728,1,0
synthetic_product,0.5,0.5,0.5,100.0,0.8955150197318749,3,1
synthetic_product,0.5,0.5,0.5,100.0,0.21163925053465163,2,0
synthetic_product,0.5,0.5,0.5,100.0,0.3379128449448566,2,1
synthetic_product,0.5,0.5,0.5,100.0,0.5927419840516751,3,0
synthetic_product,0.5,0.5,0.5,100.0,0.3829039670859277,2,1
synthetic_product,0.5,0.5,0.5,100.0,0.5224526149176074,2,1
synthetic_product,0.5,0.5,0.5,100.0,0.6818341871057014,2,0
synthetic_product,0.5,0.5,0.5,100.0,0.9226472475252143,2,0
synthetic_product,0.5,0.5,0.5,100.0,0.2776317260845023,1,1
synthetic_product,0.5,0.5,0.5,100.0,0.8342222422512557,3,0
synthetic_product,0.5,0.5,0.5,100.0,0.3053284424920543,2,0
synthetic_product,0.5,0.5,0.5,100.0,0.7238449664687383,2,0
synthetic_product,0.5,0.5,0.5,100.0,1.1291514609992876,1,1
synthetic_product,0.5,0.5,0.5,100.0,0.4456926470909427,2,0
synthetic_product,0.5,0.5,0.5,100.0,0.9149001757006922,1,1
synthetic_product,0.5,0.5,0.5,100.0,0.585744980981122,1,0
synthetic_product,0.5,0.5,0.5,100.0,0.821425621886448,2,0
synthetic_product,0.5,0.5,0.5,100.0,0.5692828009197088,1,1
synthetic_product,0.5,0.5,0.5,100.0,0.2783276448489436,1,1
synthetic_product,0.5,0.5,0.5,100.0,0.7733275889169546,3,1
synthetic_product,0.5,0.5,0.5,100.0,0.745008795778919,3,1
synthetic_product,0.5,0.5,0.5,100.0,0.5088832385255293,1,0
synthetic_product,0.5,0.5,0.5,100.0,1.0153785205136863,2,1
synthetic_product,0.5,0.5,0.5,100.0,0.8868711511651547,2,1
synthetic_product,0.5,0.5,0.5,100.0,0.9789590145318452,3,0
synthetic_product,0.5,0.5,0.5,100.0,0.9274161459922606,1,0
synthetic_product,0.5,0.5,0.5,100.0,0.6786342160546694,1,0
synthetic_product,0.5,0.5,0.5,100.0,0.29815464632937444,3,1
synthetic_product,0.5,0.5,0.5,100.0,0.7323051139948467,1,0
synthetic_product,0.5,0.5,0.5,100.0,0.6482317347393778,1,0
synthetic_product,0.5,0.5,0.5,100.0,0.9225802524209806,3,0
synthetic_product,0.5,0.5,0.5,100.0,0.3922735699367616,2,0
synthetic_product,0.5,0.5,0.5,100.0,1.0233048805582152,2,0
synthetic_product,0.5,0.5,0.5,100.0,0.4365628953436229,3,1
synthetic_product,0.5,0.5,0.5,100.0,1.2684423516816032,3,0
synthetic_product,0.5,0.5,0.5,100.0,0.7149910189718215,2,1
synthetic_product,0.5,0.5,0.5,100.0,0.7248218330321851,1,0
synthetic_product,0.5,0.5,0.5,100.0,0.5183089677878784,2,0
synthetic_product,0.5,0.5,0.5,100.0,0.45699140575382086,1,0
synthetic_product,0.5,0.5,0.5,100.0,1.0845239359193057,2,1
synthetic_product,0.5,0.5,0.5,100.0,0.49970250336463795,1,1
synthetic_product,0.5,0.5,0.5,100.0,0.5410648193226903,2,1
synthetic_product,0.5,0.5,0.5,100.0,0.09639313566169912,1,1
synthetic_product,0.5,0.5,0.5,100.0,0.4996933495692681,2,0
synthetic_product,0.5,0.5,0.5,100.0,0.2326772027093616,1,1
synthetic_product,0.5,0.5,0.5,100.0,0.6435584411314511,3,1
synthetic_product,0.5,0.5,0.5,100.0,0.4705146641023559,1,0
synthetic_product,0.5,0.5,0.5,100.0,0.45517157773663874,1,0
synthetic_product,0.5,0.5,0.5,100.0,0.8775230925157659,3,1
synthetic_product,0.5,0.5,0.5,100.0,0.6463011124482914,3,1
synthetic_product,0.5,0.5,0.5,100.0,0.555010120675432,1,0
synthetic_product,0.5,0.5,0.5,100.0,0.4170177518161212,1,0
synthetic_product,0.5,0.5,0.5,100.0,0.6969120797878139,2,0
synthetic_product,0.5,0.5,0.5,100.0,1.1065119734284181,2,1
synthetic_product,0.5,0.5,0.5,100.0,0.3950587726462614,3,1
synthetic_product,0.5,0.5,0.5,100.0,0.5030895196157285,2,1
synthetic_product,0.5,0.5,0.5,100.0,0.4353785390434902,1,1
synthetic_product,0.5,0.5,0.5,100.0,0.43689331774926077,1,0
synthetic_product,0.5,0.5,0.5,100.0,0.933847771391745,1,0
synthetic_product,0.5,0.5,0.5,100.0,0.4791209312451388,2,1
synthetic_product,0.5,0.5,0.5,100.0,0.7023938526680915,1,1
synthetic_product,0.5,0.5,0.5,100.0,0.6809737102998988,1,1
synthetic_product,0.5,0.5,0.5,100.0,0.5861084784668202,1,1
synthetic_product,0.5,0.5,0.5,100.0,0.7913672903069342,3,1
synthetic_product,0.5,0.5,0.5,100.0,0.8379024471894692,3,1
synthetic_product,0.5,0.5,0.5,100.0,0.4410309934140524,2,0
synthetic_product,0.5,0.5,0.5,100.0,0.2429501287595494,2,0
synthetic_product,0.5,0.5,0.5,100.0,0.6090846018313434,1,1
synthetic_product,0.5,0.5,0.5,100.0,0.6759000463485403,3,1
synthetic_product,0.5,0.5,0.5,100.0,0.41171020227944355,2,1
synthetic_product,0.5,0.5,0.5,100.0,0.811027572133571,3,1
synthetic_product,0.5,0.5,0.5,100.0,0.36288122108382603,3,1
synthetic_product,0.5,0.5,0.5,100.0,0.4202811916067992,1,1
synthetic_product,0.5,0.5,0.5,100.0,0.27254833788686644,2,1
synthetic_product,0.5,0.5,0.5,100.0,0.7802661175912673,1,1
synthetic_product,0.5,0.5,0.5,100.0,0.5768491896801156,2,0
synthetic_product,0.5,0.5,0.5,100.0,0.7158638266212096,2,1
synthetic_product,0.5,0.5,0.5,100.0,0.39571379529812944,3,1
synthetic_product,0.5,0.5,0.5,100.0,0.6504382821885177,2,0
synthetic_product,0.5,0.5,0.5,100.0,0.39329399131895154,1,1
synthetic_product,0.5,0.5,0.5,100.0,0.4954598740024853,2,0
synthetic_product,0.5,0.5,0.5,100.0,0.403732110226093,2,0
synthetic_product,0.5,0.5,0.5,100.0,0.5359803002754442,1,1
synthetic_product,0.5,0.5,0.5,100.0,0.37224066408919304,1,1
synthetic_product,0.5,0.5,0.5,100.0,1.0047343339874684,2,0
synthetic_product,0.5,0.5,0.5,100.0,0.8792545196933426,2,1
synthetic_product,0.5,0.5,0.5,100.0,0.4786805986448339,2,0
synthetic_product,0.5,0.5,0.5,100.0,0.42520791261476915,2,1
synthetic_product,0.5,0.5,0.5,100.0,0.27559092524568507,2,1
synthetic_product,0.5,0.5,0.5,100.0,0.9866206514017302,1,1
synthetic_product,0.5,0.5,0.5,100.0,0.5657946494091158,3,1
synthetic_product,0.5,0.5,0.5,100.0,0.47910823508018185,1,0
synthetic_product,0.5,0.5,0.5,100.0,0.520013336212696,1,1
synthetic_product,0.5,0.5,0.5,100.0,0.40445915260105697,2,0
synthetic_product,0.5,0.5,0.5,100.0,0.7226327301263467,2,0
synthetic_product,0.5,0.5,0.5,100.0,0.5053961036765671,2,0
synthetic_product,0.5,0.5,0.5,100.0,0.9519225191578472,1,1
synthetic_product,0.5,0.5,0.5,100.0,0.5080608577919146,1,0
synthetic_product,0.5,0.5,0.5,100.0,0.5192556750991874,3,1
synthetic_product,0.5,0.5,0.5,100.0,0.29615088243630455,2,1
synthetic_product,0.5,0.5,0.5,100.0,0.9062153665156133,2,0
synthetic_product,0.5,0.5,0.5,100.0,0.6927480233317915,2,1
synthetic_product,0.5,0.5,0.5,100.0,0.8268694924669402,3,1
synthetic_product,0.5,0.5,0.5,100.0,0.7242650406635914,1,1
synthetic_product,0.5,0.5,0.5,100.0,0.5850567075319358,2,0
synthetic_product,0.5,0.5,0.5,100.0,0.9487621403002051,3,0
synthetic_product,0.5,0.5,0.5,100.0,0.6870056957192886,2,0
synthetic_product,0.5,0.5,0.5,100.0,0.931345501524973,3,0
synthetic_product,0.5,0.5,0.5,100.0,1.1239581900434679,2,1
synthetic_product,0.5,0.5,0.5,100.0,0.8451106416058743,2,0
synthetic_product,0.5,0.5,0.5,100.0,0.5447010359471078,2,0
synthetic_product,0.5,0.5,0.5,100.0,1.0479729112558076,1,0
synthetic_product,0.5,0.5,0.5,100.0,0.5628338278686492,3,1
synthetic_product,0.5,0.5,0.5,100.0,0.7383712981841094,1,1
synthetic_product,0.5,0.5,0.5,100.0,0.6270321124072977,1,0
synthetic_product,0.5,0.5,0.5,100.0,0.5585429561940828,2,0
synthetic_product,0.5,0.5,0.5,100.0,0.5671855363868754,2,0
synthetic_product,0.5,0.5,0.5,100.0,1.0348257123615556,3,0
synthetic_product,0.5,0.5,0.5,100.0,0.30769618861076936,2,1
synthetic_product,0.5,0.5,0.5,100.0,0.3725880266755965,1,1
synthetic_product,0.5,0.5,0.5,100.0,0.5661054755046971,3,0
synthetic_product,0.5,0.5,0.5,100.0,0.7483057360216472,3,1
synthetic_product,0.5,0.5,0.5,100.0,0.27727621104861594,1,1
synthetic_product,0.5,0.5,0.5,100.0,0.8712634548308262,2,1
synthetic_product,0.5,0.5,0.5,100.0,0.3991588533545105,2,0
synthetic_product,0.5,0.5,0.5,100.0,0.7699371657835444,1,0
synthetic_product,0.5,0.5,0.5,100.0,0.6167071257843918,1,0
synthetic_product,0.5,0.5,0.5,100.0,0.4090420409646252,2,0
synthetic_product,0.5,0.5,0.5,100.0,0.9120576512779724,3,0
synthetic_product,0.5,0.5,0.5,100.0,0.2098432066973095,1,0
synthetic_product,0.5,0.5,0.5,100.0,0.40731512400001985,2,1
synthetic_product,0.5,0.5,0.5,100.0,0.9745355740854801,2,1
synthetic_product,0.5,0.5,0.5,100.0,1.0278161311365661,2,1
synthetic_product,0.5,0.5,0.5,100.0,0.5278826103107639,2,1
synthetic_product,0.5,0.5,0.5,100.0,0.3926579448092038,2,0
synthetic_product,0.5,0.5,0.5,100.0,0.35727750776865597,3,0
synthetic_product,0.5,0.5,0.5,100.0,0.5535271877786595,2,1
synthetic_product,0.5,0.5,0.5,100.0,0.9075902607040959,2,1
synthetic_product,0.5,0.5,0.5,100.0,0.905415482833533,1,1
synthetic_product,0.5,0.5,0.5,100.0,0.43727258712778566,2,1
synthetic_product,0.5,0.5,0.5,100.0,1.019369990425373,2,0
synthetic_product,0.5,0.5,0.5,100.0,0.41002573593464864,2,1
synthetic_product,0.5,0.5,0.5,100.0,0.4126713654336718,3,1
synthetic_product,0.5,0.5,0.5,100.0,0.6651185053376173,1,0
synthetic_product,0.5,0.5,0.5,100.0,0.6351111548750111,1,1
synthetic_product,0.5,0.5,0.5,100.0,0.6429824924463318,3,1
synthetic_product,0.5,0.5,0.5,100.0,0.8860925417988567,2,1
synthetic_product,0.5,0.5,0.5,100.0,0.5565009841066263,1,1
synthetic_product,0.5,0.5,0.5,100.0,0.3444952197633489,3,1
synthetic_product,0.5,0.5,0.5,100.0,0.9060320216567932,3,1
synthetic_product,0.5,0.5,0.5,100.0,0.6294865491244328,1,1
synthetic_product,0.5,0.5,0.5,100.0,0.8278582809802092,1,1
synthetic_product,0.5,0.5,0.5,100.0,0.762258048371949,2,1
synthetic_product,0.5,0.5,0.5,100.0,0.3148916850646142,1,1
synthetic_product,0.5,0.5,0.5,100.0,0.62328137508377,3,0
synthetic_product,0.5,0.5,0.5,100.0,0.5183798200071734,3,1
synthetic_product,0.5,0.5,0.5,100.0,0.6581558775000395,2,0
synthetic_product,0.5,0.5,0.5,100.0,0.4973136865997094,2,1
synthetic_product,0.5,0.5,0.5,100.0,0.7349366785256032,2,0
synthetic_product,0.5,0.5,0.5,100.0,0.9572319974554863,3,1
synthetic_product,0.5,0.5,0.5,100.0,1.0989205558616402,2,0
synthetic_product,0.5,0.5,0.5,100.0,0.4719821762426552,2,0
synthetic_product,0.5,0.5,0.5,100.0,0.7482463124769714,1,0
synthetic_product,0.5,0.5,0.5,100.0,0.4044115112716307,3,1
synthetic_product,0.5,0.5,0.5,100.0,0.815384626606177,2,0
synthetic_product,0.5,0.5,0.5,100.0,0.44173684347895104,1,0
synthetic_product,0.5,0.5,0.5,100.0,0.38169295347498833,2,1
synthetic_product,0.5,0.5,0.5,100.0,0.877145800902045,3,1
synthetic_product,0.5,0.5,0.5,100.0,0.7399253244037313,1,0
synthetic_product,0.5,0.5,0.5,100.0,1.2456653653476384,3,0
synthetic_product,0.5,0.5,0.5,100.0,0.636185561939053,2,1
synthetic_product,0.5,0.5,0.5,100.0,0.7146374074628631,2,0
synthetic_product,0.5,0.5,0.5,100.0,0.6722295321867103,2,0
synthetic_product,0.5,0.5,0.5,100.0,0.7721170904648212,1,0
synthetic_product,0.5,0.5,0.5,100.0,0.8768232905862905,2,1
synthetic_product,0.5,0.5,0.5,100.0,0.5660411805455822,2,1
synthetic_product,0.5,0.5,0.5,100.0,0.4969660874270933,1,1
synthetic_product,0.5,0.5,0.5,100.0,0.96916743836305,1,0
synthetic_product,0.5,0.5,0.5,100.0,0.8156327492485771,3,0
synthetic_product,0.5,0.5,0.5,100.0,0.8689515682808617,3,1
synthetic_product,0.5,0.5,0.5,100.0,0.46366508369565423,3,1
synthetic_product,0.5,0.5,0.5,100.0,0.710682721345558,3,0
synthetic_product,0.5,0.5,0.5,100.0,1.0111776151213663,2,0
synthetic_product,0.5,0.5,0.5,100.0,0.9219337598507409,2,0
synthetic_product,0.5,0.5,0.5,100.0,0.5334662358335929,1,0
synthetic_product,0.5,0.5,0.5,100.0,1.0175601534055516,2,1
synthetic_product,0.5,0.5,0.5,100.0,0.25742090875868784,2,1
synthetic_product,0.5,0.5,0.5,100.0,0.799912055496889,2,0
synthetic_product,0.5,0.5,0.5,100.0,1.0159398767562318,3,0
synthetic_product,0.5,0.5,0.5,100.0,0.4282839021850768,2,1
synthetic_product,0.5,0.5,0.5,100.0,0.2595310273293175,2,1
synthetic_product,0.5,0.5,0.5,100.0,0.8923022444393583,1,1
synthetic_product,0.5,0.5,0.5,100.0,0.5941184646860198,3,0
synthetic_product,0.5,0.5,0.5,100.0,0.7971448606528446,2,1
synthetic_product,0.5,0.5,0.5,100.0,0.8277754085411929,1,0
synthetic_product,0.5,0.5,0.5,100.0,0.22562612230613366,2,1
synthetic_product,0.5,0.5,0.5,100.0,0.8550127053553146,3,1
synthetic_product,0.5,0.5,0.5,100.0,0.5200286104958561,3,0
synthetic_product,0.5,0.5,0.5,100.0,0.6462523963737217,1,1
synthetic_product,0.5,0.5,0.5,100.0,1.0164158352897315,2,0
synthetic_product,0.5,0.5,0.5,100.0,0.642823754298376,1,0
synthetic_product,0.5,0.5,0.5,100.0,0.7088071546767718,2,1
synthetic_product,0.5,0.5,0.5,100.0,0.8401173007888545,2,0
synthetic_product,0.5,0.5,0.5,100.0,0.6082542620801795,3,0
synthetic_product,0.5,0.5,0.5,100.0,0.652505352165495,2,0
synthetic_product,0.5,0.5,0.5,100.0,0.6578998348296322,2,0
synthetic_product,0.5,0.5,0.5,100.0,0.4456775324623925,2,1
synthetic_product,0.5,0.5,0.5,100.0,0.752772222606677,2,0
synthetic_product,0.5,0.5,0.5,100.0,0.423239243656361,2,1
synthetic_product,0.5,0.5,0.5,100.0,0.6281674165911741,2,1
synthetic_product,0.5,0.5,0.5,100.0,0.7704906634344522,3,0
synthetic_product,0.5,0.5,0.5,100.0,0.34420023461925026,2,1
synthetic_product,0.5,0.5,0.5,100.0,1.0768587649474748,1,0
synthetic_product,0.5,0.5,0.5,100.0,0.3181976867048356,2,0
synthetic_product,0.5,0.5,0.5,100.0,0.29185064953423856,2,1
synthetic_product,0.5,0.5,0.5,100.0,0.47409851983356743,1,1
synthetic_product,0.5,0.5,0.5,100.0,0.07750049695671699,1,0
synthetic_product,0.5,0.5,0.5,100.0,0.5996757404832035,3,0
synthetic_product,0.5,0.5,0.5,100.0,1.0527178661067298,3,1
synthetic_product,0.5,0.5,0.5,100.0,0.598390259930739,1,0
synthetic_product,0.5,0.5,0.5,100.0,0.8636567512914317,2,0
synthetic_product,0.5,0.5,0.5,100.0,0.8687790314090286,1,1
synthetic_product,0.5,0.5,0.5,100.0,0.5480367345016265,2,1
synthetic_product,0.5,0.5,0.5,100.0,0.8722069626623234,2,0
synthetic_product,0.5,0.5,0.5,100.0,1.0909124654453757,1,1
synthetic_product,0.5,0.5,0.5,100.0,0.5998195317090737,3,1
synthetic_product,0.5,0.5,0.5,100.0,0.3015937111613413,2,0
synthetic_product,0.5,0.5,0.5,100.0,0.31751973233881303,2,0
synthetic_product,0.5,0.5,0.5,100.0,0.4002977178401592,2,1
synthetic_product,0.5,0.5,0.5,100.0,1.014501625191969,2,0
synthetic_product,0.5,0.5,0.5,100.0,0.955449216840609,2,1
synthetic_product,0.5,0.5,0.5,100.0,0.7573373968111247,1,1
synthetic_product,0.5,0.5,0.5,100.0,0.6586867202210813,1,0
synthetic_product,0.5,0.5,0.5,100.0,0.8306873984219164,1,0
synthetic_product,0.5,0.5,0.5,100.0,0.9556125592858778,1,0
synthetic_product,0.5,0.5,0.5,100.0,0.8727308180949659,2,0
synthetic_product,0.5,0.5,0.5,100.0,0.3218127697526217,1,1
synthetic_product,0.5,0.5,0.5,100.0,0.5572996856467451,2,1
synthetic_product,0.5,0.5,0.5,100.0,0.58923234223607,1,1
synthetic_product,0.5,0.5,0.5,100.0,0.6924010046658249,2,0
synthetic_product,0.5,0.5,0.5,100.0,0.49699389963672613,2,1
synthetic_product,0.5,0.5,0.5,100.0,0.7424336169756951,1,0
synthetic_product,0.5,0.5,0.5,100.0,0.5215859794108841,2,1
synthetic_product,0.5,0.5,0.5,100.0,0.6450728578157574,3,1
synthetic_product,0.5,0.5,0.5,100.0,0.8154174418506155,3,0
synthetic_product,0.5,0.5,0.5,100.0,0.37395234795410504,2,1
synthetic_product,0.5,0.5,0.5,100.0,0.30020819702313295,1,1
synthetic_product,0.5,0.5,0.5,100.0,0.33597803944427684,1,0
synthetic_product,0.5,0.5,0.5,100.0,0.8463486746274453,2,0
synthetic_product,0.5,0.5,0.5,100.0,0.7021056297520254,1,0
synthetic_product,0.5,0.5,0.5,100.0,0.772666632678606,2,1
synthetic_product,0.5,0.5,0.5,100.0,0.7166661032971229,1,0
synthetic_product,0.5,0.5,0.5,100.0,0.3943110966418604,3,1
synthetic_product,0.5,0.5,0.5,100.0,0.6384368681819791,1,1
synthetic_product,0.5,0.5,0.5,100.0,0.5307687895986097,2,1
synthetic_product,0.5,0.5,0.5,100.0,0.23021988373841057,1,1
synthetic_product,0.5,0.5,0.5,100.0,1.146284477872627,3,0
synthetic_product,0.5,0.5,0.5,100.0,0.6647342104630943,3,0
synthetic_product,0.5,0.5,0.5,100.0,0.3354781672523345,3,1
synthetic_product,0.5,0.5,0.5,100.0,0.9096400042282117,2,1
synthetic_product,0.5,0.5,0.5,100.0,1.0162697755494774,2,0
synthetic_product,0.5,0.5,0.5,100.0,0.8266685720887791,3,1
synthetic_product,0.5,0.5,0.5,100.0,0.5338123939000968,1,1
synthetic_product,0.5,0.5,0.5,100.0,0.4843160808998181,1,1
synthetic_product,0.5,0.5,0.5,100.0,0.9936170408449956,3,0
synthetic_product,0.5,0.5,0.5,100.0,0.8813379884190913,3,0
synthetic_product,0.5,0.5,0.5,100.0,0.7904827513533843,2,1
synthetic_product,0.5,0.5,0.5,100.0,0.6776286802196154,3,0
synthetic_product,0.5,0.5,0.5,100.0,0.2967854546669185,3,1
synthetic_product,0.5,0.5,0.5,100.0,1.0283441309588435,3,0
synthetic_product,0.5,0.5,0.5,100.0,0.5584257403737901,2,0
synthetic_product,0.5,0.5,0.5,100.0,0.5662652666144365,2,0
synthetic_product,0.5,0.5,0.5,100.0,0.7897706029488764,2,0
synthetic_product,0.5,0.5,0.5,100.0,0.5936145204450853,2,0
synthetic_product,0.5,0.5,0.5,100.0,0.9575848279355275,1,0
synthetic_product,0.5,0.5,0.5,100.0,0.4018698374342361,2,0
synthetic_product,0.5,0.5,0.5,100.0,0.45407709732887946,1,0
synthetic_product,0.5,0.5,0.5,100.0,0.5361181349770848,1,1
synthetic_product,0.5,0.5,0.5,100.0,0.6463405423287376,2,0
synthetic_product,0.5,0.5,0.5,100.0,0.41912652395243405,3,1
synthetic_product,0.5,0.5,0.5,100.0,0.9259745823401179,2,1
synthetic_product,0.5,0.5,0.5,100.0,1.1682051664566797,3,1
synthetic_product,0.5,0.5,0.5,100.0,0.6818255316273287,2,0
synthetic_product,0.5,0.5,0.5,100.0,0.24678026078786877,1,0
synthetic_product,0.5,0.5,0.5,100.0,0.7053366519880723,2,1
synthetic_product,0.5,0.5,0.5,100.0,1.058304205296553,2,0
synthetic_product,0.5,0.5,0.5,100.0,0.11479138879577136,1,0
synthetic_product,0.5,0.5,0.5,100.0,0.7487135161200662,1,1
synthetic_product,0.5,0.5,0.5,100.0,0.5071337407022811,3,1
synthetic_product,0.5,0.5,0.5,100.0,0.49580625419732294,3,1
synthetic_product,0.5,0.5,0.5,100.0,1.037720563841461,2,0
synthetic_product,0.5,0.5,0.5,100.0,0.36805195806700075,2,1
synthetic_product,0.5,0.5,0.5,100.0,0.4117278331103913,1,1
synthetic_product,0.5,0.5,0.5,100.0,0.3358262954279183,2,1
synthetic_product,0.5,0.5,0.5,100.0,0.6301425575737836,1,1
synthetic_product,0.5,0.5,0.5,100.0,0.3526824745090833,2,1
synthetic_product,0.5,0.5,0.5,100.0,0.37523543061911346,2,1
synthetic_product,0.5,0.5,0.5,100.0,0.46826699194033516,3,1
synthetic_product,0.5,0.5,0.5,100.0,0.7129719186828775,3,1
synthetic_product,0.5,0.5,0.5,100.0,0.15224196428931097,2,1
synthetic_product,0.5,0.5,0.5,100.0,0.830757814510095,3,1
synthetic_product,0.5,0.5,0.5,100.0,0.3848445091042751,2,0
synthetic_product,0.5,0.5,0.5,100.0,0.32826273001679873,2,1
synthetic_product,0.5,0.5,0.5,100.0,0.7707032249571669,1,1
synthetic_product,0.5,0.5,0.5,100.0,0.41968460420613224,2,1
synthetic_product,0.5,0.5,0.5,100.0,0.7642298652066597,1,0
synthetic_product,0.5,0.5,0.5,100.0,0.8250998345090345,3,1
synthetic_product,0.5,0.5,0.5,100.0,0.41253913046210666,2,1
synthetic_product,0.5,0.5,0.5,100.0,0.8900983130762842,2,0
synthetic_product,0.5,0.5,0.5,100.0,0.8814590224564451,2,0
synthetic_product,0.5,0.5,0.5,100.0,0.6414321856766727,1,1
synthetic_product,0.5,0.5,0.5,100.0,0.3347562299931926,1,1
synthetic_product,0.5,0.5,0.5,100.0,0.49548891414595414,3,1
synthetic_product,0.5,0.5,0.5,100.0,0.7413173451445367,3,1
synthetic_product,0.5,0.5,0.5,100.0,0.4312106306210518,1,1
synthetic_product,0.5,0.5,0.5,100.0,0.8152767274570936,3,0
synthetic_product,0.5,0.5,0.5,100.0,0.8331869120725185,3,1
synthetic_product,0.5,0.5,0.5,100.0,0.4529402814290638,1,1
synthetic_product,0.5,0.5,0.5,100.0,0.7703523100044314,3,1
synthetic_product,0.5,0.5,0.5,100.0,0.31512306432009124,2,1
synthetic_product,0.5,0.5,0.5,100.0,0.7971154488764619,3,1
synthetic_product,0.5,0.5,0.5,100.0,1.0234013747696826,3,0
synthetic_product,0.5,0.5,0.5,100.0,0.8375423306100721,1,0
synthetic_product,0.5,0.5,0.5,100.0,0.463736647640557,1,1
synthetic_product,0.5,0.5,0.5,100.0,0.9144946361022319,3,1
synthetic_product,0.5,0.5,0.5,100.0,0.5079983606748119,2,1
synthetic_product,0.5,0.5,0.5,100.0,0.3139250355463313,3,0
synthetic_product,0.5,0.5,0.5,100.0,0.9152910619995471,2,1
synthetic_product,0.5,0.5,0.5,100.0,0.8669280995796038,3,1
synthetic_product,0.5,0.5,0.5,100.0,0.6228134497667801,2,0
synthetic_product,0.5,0.5,0.5,100.0,0.48170726525551455,2,1
synthetic_product,0.5,0.5,0.5,100.0,0.3912012152634572,2,0
synthetic_product,0.5,0.5,0.5,100.0,0.7944336288869265,2,0
synthetic_product,0.5,0.5,0.5,100.0,0.37483410372649895,1,1
synthetic_product,0.5,0.5,0.5,100.0,0.7642143946471105,2,0
synthetic_product,0.5,0.5,0.5,100.0,0.903490015770179,1,0
synthetic_product,0.5,0.5,0.5,100.0,0.7605209294371983,1,1
synthetic_product,0.5,0.5,0.5,100.0,1.051499840723943,3,0
synthetic_product,0.5,0.5,0.5,100.0,0.6629688961392081,2,1
synthetic_product,0.5,0.5,0.5,100.0,0.6738358167106037,2,0
synthetic_product,0.5,0.5,0.5,100.0,0.594088862949218,2,0
synthetic_product,0.5,0.5,0.5,100.0,0.4029159108595493,2,0
synthetic_product,0.5,0.5,0.5,100.0,0.32800472716397905,1,1
synthetic_product,0.5,0.5,0.5,100.0,0.7912817915701907,3,0
synthetic_product,0.5,0.5,0.5,100.0,0.33272211137817326,2,1
synthetic_product,0.5,0.5,0.5,100.0,0.8090072324562176,1,1
synthetic_product,0.5,0.5,0.5,100.0,0.8808199684951842,1,0
synthetic_product,0.5,0.5,0.5,100.0,0.5973916223836041,2,0
synthetic_product,0.5,0.5,0.5,100.0,0.30042218745192373,1,1
synthetic_product,0.5,0.5,0.5,100.0,0.5225478152318748,2,1
synthetic_product,0.5,0.5,0.5,100.0,0.9593498998267718,2,0
synthetic_product,0.5,0.5,0.5,100.0,0.5792783329360073,1,0
synthetic_product,0.5,0.5,0.5,100.0,0.2126556105469105,1,1
synthetic_product,0.5,0.5,0.5,100.0,1.0872909828176924,2,0
synthetic_product,0.5,0.5,0.5,100.0,0.8248936473281807,2,1
synthetic_product,0.5,0.5,0.5,100.0,0.7689201703703666,3,1
synthetic_product,0.5,0.5,0.5,100.0,0.7110379795381371,1,0
synthetic_product,0.5,0.5,0.5,100.0,0.39754385291024674,3,1
synthetic_product,0.5,0.5,0.5,100.0,0.9258544375199981,2,1
synthetic_product,0.5,0.5,0.5,100.0,0.20145626516617368,1,1
synthetic_product,0.5,0.5,0.5,100.0,0.6116594017142916,2,1
synthetic_product,0.5,0.5,0.5,100.0,0.7655948241964001,2,1
synthetic_product,0.5,0.5,0.5,100.0,0.8335925978009988,2,0
synthetic_product,0.5,0.5,0.5,100.0,0.5230064716943963,1,1
synthetic_product,0.5,0.5,0.5,100.0,1.157587075759807,2,0
synthetic_product,0.5,0.5,0.5,100.0,0.5579495554279491,1,0
synthetic_product,0.5,0.5,0.5,100.0,0.6093621618161857,2,0
synthetic_product,0.5,0.5,0.5,100.0,0.30365124813802225,2,1
synthetic_product,0.5,0.5,0.5,100.0,0.6488904024797209,1,0
synthetic_product,0.5,0.5,0.5,100.0,0.958651008502672,3,1
synthetic_product,0.5,0.5,0.5,100.0,0.4940481460249115,1,0
synthetic_product,0.5,0.5,0.5,100.0,1.02259550635106,3,1
synthetic_product,0.5,0.5,0.5,100.0,1.1074534950376222,2,1
synthetic_product,0.5,0.5,0.5,100.0,0.45561949721540435,1,1
synthetic_product,0.5,0.5,0.5,100.0,0.7814810955781091,2,1
synthetic_product,0.5,0.5,0.5,100.0,0.562460561971343,2,0
synthetic_product,0.5,0.5,0.5,100.0,0.3097033298948396,3,1
synthetic_product,0.5,0.5,0.5,100.0,0.7379840596380814,3,0
synthetic_product,0.5,0.5,0.5,100.0,0.9227072571777527,3,0
synthetic_product,0.5,0.5,0.5,100.0,0.8217294200706847,2,0
synthetic_product,0.5,0.5,0.5,100.0,0.41246547322557575,1,1
synthetic_product,0.5,0.5,0.5,100.0,0.5541076708875837,2,0
synthetic_product,0.5,0.5,0.5,100.0,0.6015201807212124,2,1
synthetic_product,0.5,0.5,0.5,100.0,0.8330081458519285,2,0
synthetic_product,0.5,0.5,0.5,100.0,0.8200802597901184,2,0
synthetic_product,0.5,0.5,0.5,100.0,0.45945274630466765,2,1
synthetic_product,0.5,0.5,0.5,100.0,0.44613119328259143,2,1
synthetic_product,0.5,0.5,0.5,100.0,0.32641195144971114,3,1
synthetic_product,0.5,0.5,0.5,100.0,0.422909325165274,2,0
synthetic_product,0.5,0.5,0.5,100.0,0.35915323599279414,1,0
synthetic_product,0.5,0.5,0.5,100.0,0.8105150775541712,1,0
synthetic_product,0.5,0.5,0.5,100.0,0.563423697438574,2,0
synthetic_product,0.5,0.5,0.5,100.0,0.6336170448939041,2,0
synthetic_product,0.5,0.5,0.5,100.0,0.7712724818217126,2,0
synthetic_product,0.5,0.5,0.5,100.0,1.0054410231650315,1,0
synthetic_product,0.5,0.5,0.5,100.0,0.9536232175941886,2,0
synthetic_product,0.5,0.5,0.5,100.0,0.5586995276443959,2,1
synthetic_product,0.5,0.5,0.5,100.0,0.36265271736072713,2,1
synthetic_product,0.5,0.5,0.5,100.0,0.6719779247695444,1,0
synthetic_product,0.5,0.5,0.5,100.0,0.9282824130098505,1,0
synthetic_product,0.5,0.5,0.5,100.0,0.8499001810855971,2,1
synthetic_product,0.5,0.5,0.5,100.0,0.645824223986732,2,0
synthetic_product,0.5,0.5,0.5,100.0,0.33693589767639687,1,0
synthetic_product,0.5,0.5,0.5,100.0,0.7598384104330461,2,1
synthetic_product,0.5,0.5,0.5,100.0,0.5599297351708077,1,0
synthetic_product,0.5,0.5,0.5,100.0,0.8697567099019069,2,0
synthetic_product,0.5,0.5,0.5,100.0,0.36521645838907535,2,1
synthetic_product,0.5,0.5,0.5,100.0,0.6176660356172203,2,1
synthetic_product,0.5,0.5,0.5,100.0,0.7752691307227382,3,0
synthetic_product,0.5,0.5,0.5,100.0,0.6324360671190256,2,0
synthetic_product,0.5,0.5,0.5,100.0,0.363482909206524,1,1
synthetic_product,0.5,0.5,0.5,100.0,0.7639075601315528,1,0
synthetic_product,0.5,0.5,0.5,100.0,0.6078728792252389,2,0
synthetic_product,0.5,0.5,0.5,100.0,0.6432870451799818,1,1
synthetic_product,0.5,0.5,0.5,100.0,0.3107238352173156,2,1
synthetic_product,0.5,0.5,0.5,100.0,0.20997760393502876,1,1
synthetic_product,0.5,0.5,0.5,100.0,0.8196880636243697,3,1
synthetic_product,0.5,0.5,0.5,100.0,0.8218487612704376,2,1
synthetic_product,0.5,0.5,0.5,100.0,0.8737602649695626,3,0
synthetic_product,0.5,0.5,0.5,100.0,0.3107625208700639,2,1
synthetic_product,0.5,0.5,0.5,100.0,0.5124275528664728,2,1
synthetic_product,0.5,0.5,0.5,100.0,0.7936256072344579,1,1
synthetic_product,0.5,0.5,0.5,100.0,0.8596130358609156,2,1
synthetic_product,0.5,0.5,0.5,100.0,0.27223182089181913,3,0
synthetic_product,0.5,0.5,0.5,100.0,0.9200564618356619,2,1
synthetic_product,0.5,0.5,0.5,100.0,0.22652959898697875,1,1
synthetic_product,0.5,0.5,0.5,100.0,1.0200775068030707,3,0
synthetic_product,0.5,0.5,0.5,100.0,0.4367663383694142,3,1
synthetic_product,0.5,0.5,0.5,100.0,1.0465940548782577,3,0
synthetic_product,0.5,0.5,0.5,100.0,0.5413223470814122,2,1
synthetic_product,0.5,0.5,0.5,100.0,0.35303829967606987,1,1
synthetic_product,0.5,0.5,0.5,100.0,0.7060055177324054,2,1
synthetic_product,0.5,0.5,0.5,100.0,0.7741459684653298,2,1
synthetic_product,0.5,0.5,0.5,100.0,0.8094531127130183,1,1
synthetic_product,0.5,0.5,0.5,100.0,0.4223540089722531,2,1
synthetic_product,0.5,0.5,0.5,100.0,0.551788448922275,2,0
synthetic_product,0.5,0.5,0.5,100.0,0.6070365328871568,3,0
synthetic_product,0.5,0.5,0.5,100.0,0.5420686555318454,1,1
synthetic_product,0.5,0.5,0.5,100.0,0.8568867598916936,1,0
synthetic_product,0.5,0.5,0.5,100.0,0.8007653318841932,1,1
synthetic_product,0.5,0.5,0.5,100.0,1.0834880404372116,3,1
synthetic_product,0.5,0.5,0.5,100.0,0.4460970739246005,1,0
synthetic_product,0.5,0.5,0.5,100.0,0.7617985919780274,3,1
synthetic_product,0.5,0.5,0.5,100.0,0.3484401558028917,2,1
synthetic_product,0.5,0.5,0.5,100.0,0.49859600398082526,2,1
synthetic_product,0.5,0.5,0.5,100.0,1.0747757593732958,2,0
synthetic_product,0.5,0.5,0.5,100.0,0.5753247716215213,1,1
synthetic_product,0.5,0.5,0.5,100.0,0.9353499634736399,2,1
synthetic_product,0.5,0.5,0.5,100.0,0.8217950044326137,1,1
synthetic_product,0.5,0.5,0.5,100.0,0.5190868905900574,1,1
synthetic_product,0.5,0.5,0.5,100.0,0.606951347357606,2,0
synthetic_product,0.5,0.5,0.5,100.0,0.9259988298541829,1,1
synthetic_product,0.5,0.5,0.5,100.0,0.48791668576977093,1,0
synthetic_product,0.5,0.5,0.5,100.0,0.7816102425058404,2,0
synthetic_product,0.5,0.5,0.5,100.0,0.34326232014030733,1,1
synthetic_product,0.5,0.5,0.5,100.0,0.7209264780554219,3,1
synthetic_product,0.5,0.5,0.5,100.0,0.35589168993832315,2,1
synthetic_product,0.5,0.5,0.5,100.0,0.6184081260746398,2,0
synthetic_product,0.5,0.5,0.5,100.0,0.5619855133276533,2,1
synthetic_product,0.5,0.5,0.5,100.0,0.6855380244898598,1,0
synthetic_product,0.5,0.5,0.5,100.0,0.41842649169563373,2,1
synthetic_product,0.5,0.5,0.5,100.0,0.7554169837221755,3,1
synthetic_product,0.5,0.5,0.5,100.0,0.6112535118206144,2,0
synthetic_product,0.5,0.5,0.5,100.0,0.8026277410332385,1,0
synthetic_product,0.5,0.5,0.5,100.0,0.5134910348609315,3,1
synthetic_product,0.5,0.5,0.5,100.0,0.6089442837853056,1,0
synthetic_product,0.5,0.5,0.5,100.0,0.377551437598915,3,0
synthetic_product,0.5,0.5,0.5,100.0,1.011458638648077,3,0
synthetic_product,0.5,0.5,0.5,100.0,0.5958253570201267,3,0
synthetic_product,0.5,0.5,0.5,100.0,0.4380180503097738,1,0
synthetic_product,0.5,0.5,0.5,100.0,0.7553556062543201,1,0
synthetic_product,0.5,0.5,0.5,100.0,0.28888409457084097,1,1
synthetic_product,0.5,0.5,0.5,100.0,0.8783415572183827,2,1
synthetic_product,0.5,0.5,0.5,100.0,0.77220864333494,3,1
synthetic_product,0.5,0.5,0.5,100.0,0.9145794372950454,2,0
synthetic_product,0.5,0.5,0.5,100.0,0.7118261080002438,3,1
synthetic_product,0.5,0.5,0.5,100.0,1.0758798013406794,2,1
synthetic_product,0.5,0.5,0.5,100.0,0.6922040676457831,2,1
synthetic_product,0.5,0.5,0.5,100.0,0.9080245911626003,3,1
synthetic_product,0.5,0.5,0.5,100.0,0.2988294619543798,1,0
synthetic_product,0.5,0.5,0.5,100.0,1.0451647903837682,2,0
synthetic_product,0.5,0.5,0.5,100.0,0.8582404201227064,3,1
synthetic_product,0.5,0.5,0.5,100.0,0.6936731518206529,1,0
synthetic_product,0.5,0.5,0.5,100.0,0.9060840271031777,2,1
synthetic_product,0.5,0.5,0.5,100.0,0.9542057080479148,2,0
synthetic_product,0.5,0.5,0.5,100.0,0.9281327805783874,2,1
synthetic_product,0.5,0.5,0.5,100.0,0.10989608773756329,1,1
synthetic_product,0.5,0.5,0.5,100.0,0.6957399906589073,1,1
synthetic_product,0.5,0.5,0.5,100.0,0.363473346376456,3,1
synthetic_product,0.5,0.5,0.5,100.0,0.7229320676103236,2,1
synthetic_product,0.5,0.5,0.5,100.0,0.5708971801561803,1,0
synthetic_product,0.5,0.5,0.5,100.0,0.6379330295896115,3,0
synthetic_product,0.5,0.5,0.5,100.0,0.48114040659944857,3,0
synthetic_product,0.5,0.5,0.5,100.0,0.6317405981059816,2,1
synthetic_product,0.5,0.5,0.5,100.0,0.5237202414963839,1,1
synthetic_product,0.5,0.5,0.5,100.0,0.8781232235321077,2,0
synthetic_product,0.5,0.5,0.5,100.0,0.7379911539813948,3,0
synthetic_product,0.5,0.5,0.5,100.0,0.7611352227715613,3,1
synthetic_product,0.5,0.5,0.5,100.0,0.6014015141855734,3,1
synthetic_product,0.5,0.5,0.5,100.0,0.7281748508637716,2,0
synthetic_product,0.5,0.5,0.5,100.0,0.6943633648103467,2,1
synthetic_product,0.5,0.5,0.5,100.0,0.4682609972627443,1,1
synthetic_product,0.5,0.5,0.5,100.0,0.6884680564108743,1,0
synthetic_product,0.5,0.5,0.5,100.0,1.0751965621613613,2,0
synthetic_product,0.5,0.5,0.5,100.0,0.7626431344225205,2,0
synthetic_product,0.5,0.5,0.5,100.0,0.7515987537240266,1,1
synthetic_product,0.5,0.5,0.5,100.0,0.9463424506930715,2,0
synthetic_product,0.5,0.5,0.5,100.0,0.5028493486898425,2,0
synthetic_product,0.5,0.5,0.5,100.0,0.9587561786855334,3,1
synthetic_product,0.5,0.5,0.5,100.0,0.17594602323273056,1,1
synthetic_product,0.5,0.5,0.5,100.0,0.6002820073770742,2,0
synthetic_product,0.5,0.5,0.5,100.0,0.6280265312536243,1,0
synthetic_product,0.5,0.5,0.5,100.0,1.0647175272020608,2,0
synthetic_product,0.5,0.5,0.5,100.0,0.8826436513991004,3,0
synthetic_product,0.5,0.5,0.5,100.0,0.4240748930781673,1,1
synthetic_product,0.5,0.5,0.5,100.0,0.6055474918189307,2,1
synthetic_product,0.5,0.5,0.5,100.0,1.1662326222336792,3,0
synthetic_product,0.5,0.5,0.5,100.0,0.510781116768591,1,1
synthetic_product,0.5,0.5,0.5,100.0,0.3489490519779097,2,1
synthetic_product,0.5,0.5,0.5,100.0,0.7519580443777447,2,1
synthetic_product,0.5,0.5,0.5,100.0,0.8220623544615352,3,1
synthetic_product,0.5,0.5,0.5,100.0,0.5455093403510081,2,0
synthetic_product,0.5,0.5,0.5,100.0,0.7318475885002442,2,1
synthetic_product,0.5,0.5,0.5,100.0,0.7547919394521666,2,1
synthetic_product,0.5,0.5,0.5,100.0,0.6158405665186053,2,0
synthetic_product,0.5,0.5,0.5,100.0,0.5599311819107547,1,0
synthetic_product,0.5,0.5,0.5,100.0,0.3957413220233496,2,1
synthetic_product,0.5,0.5,0.5,100.0,0.41156828837906456,2,1
synthetic_product,0.5,0.5,0.5,100.0,0.4721117934771288,2,1
synthetic_product,0.5,0.5,0.5,100.0,0.3464344873212717,2,0
synthetic_product,0.5,0.5,0.5,100.0,0.43253297733965707,3,1
synthetic_product,0.5,0.5,0.5,100.0,0.8882372196823702,2,1
synthetic_product,0.5,0.5,0.5,100.0,0.6898494374321653,2,0
synthetic_product,0.5,0.5,0.5,100.0,1.0276917735821727,2,1
synthetic_product,0.5,0.5,0.5,100.0,0.6172341181555546,2,1
synthetic_product,0.5,0.5,0.5,100.0,0.7037203689403604,2,0
synthetic_product,0.5,0.5,0.5,100.0,0.46713364279433345,1,1
synthetic_product,0.5,0.5,0.5,100.0,0.7427062480143038,1,1
synthetic_product,0.5,0.5,0.5,100.0,0.7807639586732492,2,0
synthetic_product,0.5,0.5,0.5,100.0,0.5380665501776202,2,0
synthetic_product,0.5,0.5,0.5,100.0,0.6765523823780732,3,1
synthetic_product,0.5,0.5,0.5,100.0,0.9982614735487931,1,0
synthetic_product,0.5,0.5,0.5,100.0,0.7614970157934551,2,1
synthetic_product,0.5,0.5,0.5,100.0,0.8022595765881556,2,1
synthetic_product,0.5,0.5,0.5,100.0,0.6365238483565476,1,0
synthetic_product,0.5,0.5,0.5,100.0,0.6632557704930556,1,0
synthetic_product,0.5,0.5,0.5,100.0,0.696884977509505,1,0
synthetic_product,0.5,0.5,0.5,100.0,0.706343824271123,2,1
synthetic_product,0.5,0.5,0.5,100.0,1.0178690814865845,2,1
synthetic_product,0.5,0.5,0.5,100.0,0.6254888590520892,2,0
synthetic_product,0.5,0.5,0.5,100.0,0.5769603274646917,1,0
synthetic_product,0.5,0.5,0.5,100.0,0.8925795717857289,3,0
synthetic_product,0.5,0.5,0.5,100.0,0.49719283712737566,1,0
synthetic_product,0.5,0.5,0.5,100.0,0.9656054116823313,1,0
synthetic_product,0.5,0.5,0.5,100.0,0.618090904764832,2,1
synthetic_product,0.5,0.5,0.5,100.0,0.9297865298400126,1,0
synthetic_product,0.5,0.5,0.5,100.0,0.296225021315206,3,1
synthetic_product,0.5,0.5,0.5,100.0,0.6143891851163887,1,0
synthetic_product,0.5,0.5,0.5,100.0,0.35518935253744266,1,0
synthetic_product,0.5,0.5,0.5,100.0,0.6822786527633264,2,0
synthetic_product,0.5,0.5,0.5,100.0,0.5398879020342869,3,1
synthetic_product,0.5,0.5,0.5,100.0,0.58312809377072,1,1
synthetic_product,0.5,0.5,0.5,100.0,1.1579623403874597,3,0
synthetic_product,0.5,0.5,0.5,100.0,0.6912338847646093,3,1
synthetic_product,0.5,0.5,0.5,100.0,0.5875826289899139,2,0
synthetic_product,0.5,0.5,0.5,100.0,0.8937214772441036,1,0
synthetic_product,0.5,0.5,0.5,100.0,0.7777288060929075,2,1
synthetic_product,0.5,0.5,0.5,100.0,0.25299062829869945,1,0
synthetic_product,0.5,0.5,0.5,100.0,1.0034077426090247,2,0
synthetic_product,0.5,0.5,0.5,100.0,0.6391631079608114,2,1
synthetic_product,0.5,0.5,0.5,100.0,0.8670404441657199,2,0
synthetic_product,0.5,0.5,0.5,100.0,0.2555843092777867,2,1
synthetic_product,0.5,0.5,0.5,100.0,0.32803130154538124,1,1
synthetic_product,0.5,0.5,0.5,100.0,0.6668343661712377,2,1
synthetic_product,0.5,0.5,0.5,100.0,0.49487991077685156,2,1
synthetic_product,0.5,0.5,0.5,100.0,0.7769352766621342,2,0
synthetic_product,0.5,0.5,0.5,100.0,0.43323331198524234,2,1
synthetic_product,0.5,0.5,0.5,100.0,0.5217168046205304,2,1
synthetic_product,0.5,0.5,0.5,100.0,0.3656455077408507,2,1
synthetic_product,0.5,0.5,0.5,100.0,0.22390862591741362,2,1
synthetic_product,0.5,0.5,0.5,100.0,0.35882309231629794,3,0
synthetic_product,0.5,0.5,0.5,100.0,0.6053925130603909,1,0
synthetic_product,0.5,0.5,0.5,100.0,0.9273692729673082,3,0
synthetic_product,0.5,0.5,0.5,100.0,0.45531444911231866,2,0
synthetic_product,0.5,0.5,0.5,100.0,0.6436411243236269,2,1
synthetic_product,0.5,0.5,0.5,100.0,0.35255983230475196,2,1
synthetic_product,0.5,0.5,0.5,100.0,0.9318944757999205,3,0
synthetic_product,0.5,0.5,0.5,100.0,0.8269587363338929,2,0
synthetic_product,0.5,0.5,0.5,100.0,0.20830502890998345,2,0
synthetic_product,0.5,0.5,0.5,100.0,0.25003263496577643,1,1
synthetic_product,0.5,0.5,0.5,100.0,0.5120699596926445,1,1
synthetic_product,0.5,0.5,0.5,100.0,0.5102758665258202,2,0
synthetic_product,0.5,0.5,0.5,100.0,0.6795822873145181,3,0
synthetic_product,0.5,0.5,0.5,100.0,0.41882444648203104,3,0
synthetic_product,0.5,0.5,0.5,100.0,0.28580417287874715,3,1
synthetic_product,0.5,0.5,0.5,100.0,0.2011422263735685,2,1
synthetic_product,0.5,0.5,0.5,100.0,0.45331911064490243,2,1
synthetic_product,0.5,0.5,0.5,100.0,0.5702474481496561,2,1
synthetic_product,0.5,0.5,0.5,100.0,0.802043906282564,2,1
synthetic_product,0.5,0.5,0.5,100.0,1.0038634052289939,2,1
synthetic_product,0.5,0.5,0.5,100.0,0.5768554243227201,2,1
synthetic_product,0.5,0.5,0.5,100.0,0.4473910972829367,3,1
synthetic_product,0.5,0.5,0.5,100.0,0.30439368710603043,1,1
synthetic_product,0.5,0.5,0.5,100.0,0.6168793141388167,1,1
synthetic_product,0.5,0.5,0.5,100.0,0.764500036992991,3,0
synthetic_product,0.5,0.5,0.5,100.0,0.8325087641735446,1,1
synthetic_product,0.5,0.5,0.5,100.0,0.2731667657650057,2,0
synthetic_product,0.5,0.5,0.5,100.0,0.5334716315075391,2,0
synthetic_product,0.5,0.5,0.5,100.0,0.9545971933068143,3,0
synthetic_product,0.5,0.5,0.5,100.0,1.030950795563056,2,0
synthetic_product,0.5,0.5,0.5,100.0,0.8629376704557893,1,1
synthetic_product,0.5,0.5,0.5,100.0,0.6968318578428361,2,0
synthetic_product,0.5,0.5,0.5,100.0,0.9376044493751543,2,1
synthetic_product,0.5,0.5,0.5,100.0,0.9134776687969896,2,0
synthetic_product,0.5,0.5,0.5,100.0,0.42744294891417656,2,1
synthetic_product,0.5,0.5,0.5,100.0,0.887191648294925,1,0
synthetic_product,0.5,0.5,0.5,100.0,0.8876529445863286,1,0
synthetic_product,0.5,0.5,0.5,100.0,0.6808001021184406,2,0
synthetic_product,0.5,0.5,0.5,100.0,0.6437549820398332,1,1
synthetic_product,0.5,0.5,0.5,100.0,0.29068523905254734,1,1
synthetic_product,0.5,0.5,0.5,100.0,0.7633399166064687,2,1
synthetic_product,0.5,0.5,0.5,100.0,0.7112459734325215,2,1
synthetic_product,0.5,0.5,0.5,100.0,0.48455334225566987,3,1
synthetic_product,0.5,0.5,0.5,100.0,0.602102503844353,1,0
synthetic_product,0.5,0.5,0.5,100.0,0.2768339940897302,1,1
synthetic_product,0.5,0.5,0.5,100.0,0.6190742243526676,1,1
synthetic_product,0.5,0.5,0.5,100.0,0.6390224433598313,1,1
synthetic_product,0.5,0.5,0.5,100.0,0.4800308082964437,2,1
synthetic_product,0.5,0.5,0.5,100.0,0.6026722091326135,2,1
synthetic_product,0.5,0.5,0.5,100.0,0.3437208148988804,2,1
synthetic_product,0.5,0.5,0.5,100.0,0.492679346540084,2,1
synthetic_product,0.5,0.5,0.5,100.0,0.8953472681518461,1,1
synthetic_product,0.5,0.5,0.5,100.0,0.7133258126222564,2,0
synthetic_product,0.5,0.5,0.5,100.0,0.7816454355042559,2,1
synthetic_product,0.5,0.5,0.5,100.0,0.5611329079778048,2,1
synthetic_product,0.5,0.5,0.5,100.0,0.768113080139769,3,0
synthetic_product,0.5,0.5,0.5,100.0,0.9271903532240487,1,0
synthetic_product,0.5,0.5,0.5,100.0,0.9137496351155862,2,0
synthetic_product,0.5,0.5,0.5,100.0,0.7005924079468466,1,0
synthetic_product,0.5,0.5,0.5,100.0,0.5829965483434522,3,1
synthetic_product,0.5,0.5,0.5,100.0,0.7353598213251101,2,0
synthetic_product,0.5,0.5,0.5,100.0,0.5185122375637821,1,1
synthetic_product,0.5,0.5,0.5,100.0,0.9405971181857483,3,0
synthetic_product,0.5,0.5,0.5,100.0,0.5549468765481057,1,0
synthetic_product,0.5,0.5,0.5,100.0,0.5208396692788122,2,0
synthetic_product,0.5,0.5,0.5,100.0,0.2811170733688872,2,0
synthetic_product,0.5,0.5,0.5,100.0,0.8444463793078976,2,0
synthetic_product,0.5,0.5,0.5,100.0,0.8320813606449027,1,1
synthetic_product,0.5,0.5,0.5,100.0,0.5279515459805811,1,1
synthetic_product,0.5,0.5,0.5,100.0,1.0564074440593192,3,1
synthetic_product,0.5,0.5,0.5,100.0,0.036222126349648304,1,1
synthetic_product,0.5,0.5,0.5,100.0,0.8268258549782501,2,0
synthetic_product,0.5,0.5,0.5,100.0,0.9534984798385324,1,1
synthetic_product,0.5,0.5,0.5,100.0,0.9870991881685474,3,0
synthetic_product,0.5,0.5,0.5,100.0,0.2967721125947466,2,1
synthetic_product,0.5,0.5,0.5,100.0,0.5300756201431936,2,1
synthetic_product,0.5,0.5,0.5,100.0,0.6198516487610158,2,0
synthetic_product,0.5,0.5,0.5,100.0,0.6600947260070907,2,1
synthetic_product,0.5,0.5,0.5,100.0,0.8725040884555934,2,1
synthetic_product,0.5,0.5,0.5,100.0,0.400130733194169,1,0
synthetic_product,0.5,0.5,0.5,100.0,0.41328506725457154,2,0
synthetic_product,0.5,0.5,0.5,100.0,0.2884234331957271,2,0
synthetic_product,0.5,0.5,0.5,100.0,0.6206196367669179,1,1
synthetic_product,0.5,0.5,0.5,100.0,0.953419306711555,1,0
synthetic_product,0.5,0.5,0.5,100.0,0.6228770145675733,2,0
synthetic_product,0.5,0.5,0.5,100.0,0.9508610890692399,2,0
synthetic_product,0.5,0.5,0.5,100.0,0.2349585070750785,3,1
synthetic_product,0.5,0.5,0.5,100.0,1.1148022231648071,3,0
synthetic_product,0.5,0.5,0.5,100.0,0.6313039076702958,1,1
synthetic_product,0.5,0.5,0.5,100.0,0.6035043439219103,2,1
synthetic_product,0.5,0.5,0.5,100.0,0.3792936982589503,3,1
synthetic_product,0.5,0.5,0.5,100.0,0.4290788580173532,1,1
synthetic_product,0.5,0.5,0.5,100.0,0.6157595866424643,1,0
synthetic_product,0.5,0.5,0.5,100.0,0.41436947006901625,2,1
synthetic_product,0.5,0.5,0.5,100.0,0.8119023063701034,1,0
synthetic_product,0.5,0.5,0.5,100.0,0.9755042552469891,2,0
synthetic_product,0.5,0.5,0.5,100.0,0.37980005736420713,1,1
synthetic_product,0.5,0.5,0.5,100.0,0.40781500760687467,2,0
synthetic_product,0.5,0.5,0.5,100.0,0.24010938843857307,1,1
synthetic_product,0.5,0.5,0.5,100.0,0.8586667963293961,3,0
synthetic_product,0.5,0.5,0.5,100.0,0.9581859170152284,2,0
synthetic_product,0.5,0.5,0.5,100.0,0.4337565420239977,2,1
synthetic_product,0.5,0.5,0.5,100.0,0.729278319058566,2,1
synthetic_product,0.5,0.5,0.5,100.0,0.8764620802739621,3,1
synthetic_product,0.5,0.5,0.5,100.0,1.018709936302881,2,0
synthetic_product,0.5,0.5,0.5,100.0,0.4633582349006314,1,0
synthetic_product,0.5,0.5,0.5,100.0,1.043846114653726,2,1
synthetic_product,0.5,0.5,0.5,100.0,0.5066342495107564,3,1
synthetic_product,0.5,0.5,0.5,100.0,0.5401242446800306,3,1
synthetic_product,0.5,0.5,0.5,100.0,0.18624687770461476,2,1
synthetic_product,0.5,0.5,0.5,100.0,0.3986624947840867,3,0
synthetic_product,0.5,0.5,0.5,100.0,0.8072997246104953,3,0
synthetic_product,0.5,0.5,0.5,100.0,0.7787595711994408,3,0
synthetic_product,0.5,0.5,0.5,100.0,0.5416329441253165,1,0
synthetic_product,0.5,0.5,0.5,100.0,0.8615579267131485,2,0
synthetic_product,0.5,0.5,0.5,100.0,0.5540762829660852,2,1
synthetic_product,0.5,0.5,0.5,100.0,0.5709641151711847,2,1
synthetic_product,0.5,0.5,0.5,100.0,0.8091801655405235,2,1
synthetic_product,0.5,0.5,0.5,100.0,1.0765200738651142,3,0
synthetic_product,0.5,0.5,0.5,100.0,0.8539078172710175,1,1
synthetic_product,0.5,0.5,0.5,100.0,0.3748335246302211,2,1
synthetic_product,0.5,0.5,0.5,100.0,0.45712700776528664,3,1
synthetic_product,0.5,0.5,0.5,100.0,1.0915807093017849,2,1
synthetic_product,0.5,0.5,0.5,100.0,0.9558791405842063,3,1
synthetic_product,0.5,0.5,0.5,100.0,1.1193419488243082,2,0
synthetic_product,0.5,0.5,0.5,100.0,0.5868617216081973,3,0
synthetic_product,0.5,0.5,0.5,100.0,1.0120497292270145,2,0
synthetic_product,0.5,0.5,0.5,100.0,0.7519517867646579,2,0
synthetic_product,0.5,0.5,0.5,100.0,0.7403284280120723,3,0
synthetic_product,0.5,0.5,0.5,100.0,0.6376524970621724,3,1
synthetic_product,0.5,0.5,0.5,100.0,0.2907557817138824,3,1
synthetic_product,0.5,0.5,0.5,100.0,0.7819919645657548,2,0
synthetic_product,0.5,0.5,0.5,100.0,0.9946858190461169,3,0
synthetic_product,0.5,0.5,0.5,100.0,0.7923092076288261,1,0
synthetic_product,0.5,0.5,0.5,100.0,0.750821535623935,2,1
synthetic_product,0.5,0.5,0.5,100.0,0.18203687278301492,2,1
synthetic_product,0.5,0.5,0.5,100.0,0.8450984050092787,3,1
synthetic_product,0.5,0.5,0.5,100.0,0.5298070534907182,1,1
synthetic_product,0.5,0.5,0.5,100.0,0.7639373715756053,2,0
synthetic_product,0.5,0.5,0.5,100.0,0.4797869951936487,1,1
synthetic_product,0.5,0.5,0.5,100.0,0.6968930768057217,1,0
synthetic_product,0.5,0.5,0.5,100.0,0.7442189971893607,1,0
synthetic_product,0.5,0.5,0.5,100.0,0.7735830671362288,1,0
synthetic_product,0.5,0.5,0.5,100.0,0.7832694241645839,2,0
synthetic_product,0.5,0.5,0.5,100.0,0.45464383946325604,2,1
synthetic_product,0.5,0.5,0.5,100.0,1.121051687603788,3,1
synthetic_product,0.5,0.5,0.5,100.0,0.14942324398018694,1,1
synthetic_product,0.5,0.5,0.5,100.0,0.9927616057465581,3,1
synthetic_product,0.5,0.5,0.5,100.0,0.5845534328015085,1,0
synthetic_product,0.5,0.5,0.5,100.0,0.3066356878368782,2,1
synthetic_product,0.5,0.5,0.5,100.0,0.6332349439661178,2,0
synthetic_product,0.5,0.5,0.5,100.0,0.7192689182265446,1,0
synthetic_product,0.5,0.5,0.5,100.0,0.5910854074001597,2,0
synthetic_product,0.5,0.5,0.5,100.0,0.354499143397464,1,1
synthetic_product,0.5,0.5,0.5,100.0,1.0065565725830796,2,1
synthetic_product,0.5,0.5,0.5,100.0,0.8645509177700115,1,1
synthetic_product,0.5,0.5,0.5,100.0,0.8905547163704377,2,1
synthetic_product,0.5,0.5,0.5,100.0,0.7993574841214268,2,1
synthetic_product,0.5,0.5,0.5,100.0,0.3521821125149371,1,1
synthetic_product,0.5,0.5,0.5,100.0,0.8404138847431589,2,0
synthetic_product,0.5,0.5,0.5,100.0,0.8120913279428559,2,0
synthetic_product,0.5,0.5,0.5,100.0,0.34405861081160644,1,1
synthetic_product,0.5,0.5,0.5,100.0,0.4398329648792285,1,1
synthetic_product,0.5,0.5,0.5,100.0,0.943267312501791,1,0
synthetic_product,0.5,0.5,0.5,100.0,0.434045904484987,1,1
synthetic_product,0.5,0.5,0.5,100.0,0.2688953663270353,1,1
synthetic_product,0.5,0.5,0.5,100.0,0.33453652532705236,2,0
synthetic_product,0.5,0.5,0.5,100.0,0.8916875583451731,2,0
synthetic_product,0.5,0.5,0.5,100.0,0.39305718905300224,1,1
synthetic_product,0.5,0.5,0.5,100.0,0.5768139312241728,1,0
synthetic_product,0.5,0.5,0.5,100.0,0.38462985080518086,2,0
synthetic_product,0.5,0.5,0.5,100.0,0.32318087275022556,1,1
synthetic_product,0.5,0.5,0.5,100.0,0.5650119444827828,3,1
synthetic_product,0.5,0.5,0.5,100.0,0.6886104171664555,3,0
synthetic_product,0.5,0.5,0.5,100.0,0.5148712963205488,2,0
synthetic_product,0.5,0.5,0.5,100.0,0.3893189429635089,1,1
synthetic_product,0.5,0.5,0.5,100.0,0.9216877207017069,1,0
synthetic_product,0.5,0.5,0.5,100.0,0.9131924605872316,3,1
